Date,ARS,AUD,BGN,BRL,CAD,CHF,CNY,CZK,DKK,DZD,EUR,GBP,HKD,HRK,HUF,IDR,ILS,INR,JPY,KRW,MAD,MXN,MYR,NOK,NZD,PHP,PLN,RON,RUB,SEK,SGD,THB,TRY,TWD,ZAR,ISK
2017-12-29,18.9302,1.2796,1.6308,3.3127,1.254,0.97574,6.5075,21.292,6.2077,114.77,0.83382,0.73979,7.8146,6.2036,258.76,13540,3.4716,63.876,112.57,1066.96,9.3585,19.729,4.047,8.205,1.405,49.858,3.4829,3.8843,57.86,8.208,1.3361,32.62,3.7909,29.654,12.345,
2018-01-02,18.6142,1.2775,1.6211,3.2743,1.2539,0.97124,6.493,21.131,6.1697,114.55,0.82884,0.73728,7.8146,6.1865,255.77,13482,3.4557,63.489,112.18,1062.24,9.3235,19.5218,4.0195,8.1018,1.4053,49.84,3.4507,3.8562,57.288,8.1461,1.3287,32.42,3.758,29.562,12.3498,
2018-01-03,18.4047,1.2758,1.6267,3.2634,1.2515,0.97613,6.5015,21.247,6.1916,114.73,0.83174,0.73725,7.8171,6.189,257.25,13455,3.459,63.5,112.26,1065.78,9.3398,19.4494,4.015,8.1045,1.4091,49.894,3.4644,3.8555,57.47,8.1718,1.3298,32.529,3.768,29.572,12.38,
2018-01-04,18.4749,1.2763,1.6211,3.2375,1.2527,0.97497,6.4965,21.148,6.1707,114.6,0.82884,0.73852,7.8179,6.1629,255.72,13420,3.4462,63.405,112.66,1063.52,9.3189,19.3303,4.012,8.0941,1.4055,49.782,3.4443,3.8367,57.133,8.1409,1.3297,32.22,3.7602,29.605,12.3063,
2018-01-05,18.665,1.2753,1.6237,3.2426,1.251,0.97609,6.4883,21.249,6.1817,114.56,0.83022,0.73792,7.8197,6.1727,256.35,13420,3.4373,63.37,113.28,1063.68,9.31,19.3665,4.0,8.0878,1.3978,49.867,3.4499,3.8482,57.096,8.1626,1.3278,32.19,3.7465,29.51,12.3608,
2018-01-08,18.9501,1.277,1.6335,3.2427,1.2428,0.97795,6.4993,21.318,6.2196,114.66,0.83521,0.73844,7.8223,6.2157,257.95,13434,3.4417,63.508,113.04,1067.29,9.3591,19.2784,4.0031,8.0834,1.395,50.192,3.4797,3.8592,57.109,8.1989,1.3327,32.21,3.749,29.567,12.4383,
2018-01-09,19.0496,1.2774,1.6391,3.2326,1.2425,0.98282,6.5257,21.4,6.2411,115.01,0.83808,0.73978,7.8212,6.2416,259.27,13442,3.4442,63.713,112.56,1068.4,9.3887,19.2181,4.0095,8.1055,1.3913,50.28,3.5028,3.8996,57.035,8.2373,1.3352,32.25,3.7582,29.593,12.3483,
2018-01-10,18.9401,1.2749,1.6309,3.2482,1.2451,0.97774,6.504,21.323,6.2099,114.97,0.83389,0.73941,7.8226,6.2119,258.44,13431,3.4297,63.595,111.42,1068.17,9.336,19.2879,4.003,8.0427,1.3888,50.554,3.4868,3.8688,57.036,8.1813,1.3326,32.11,3.7982,29.581,12.4428,
2018-01-11,18.6053,1.2716,1.6275,3.2336,1.256,0.97662,6.5014,21.259,6.1974,114.77,0.83215,0.74124,7.8224,6.2027,257.49,13399,3.423,63.688,111.67,1067.1,9.3195,19.3934,3.9864,8.0498,1.3858,50.419,3.4772,3.8623,56.973,8.172,1.3319,32.005,3.7986,29.582,12.461,
2018-01-12,18.6949,1.2702,1.6114,3.2099,1.2519,0.97116,6.461,21.027,6.1372,114.4,0.82393,0.73315,7.8242,6.1345,254.38,13331,3.4005,63.601,111.13,1062.49,9.2613,19.1118,3.9759,7.9583,1.3781,50.378,3.4376,3.82,56.61,8.1033,1.3268,31.97,3.756,29.624,12.3985,
2018-01-15,18.6853,1.2571,1.5931,3.196,1.2432,0.96107,6.4381,20.796,6.0679,113.97,0.81453,0.72528,7.8236,6.0552,251.61,13307,3.3996,63.517,110.62,1063.57,9.2147,18.832,3.956,7.8772,1.3707,50.3,3.3955,3.7695,56.433,8.0097,1.3214,31.925,3.7828,29.554,12.3022,
2018-01-16,18.7326,1.2575,1.5992,3.2137,1.2424,0.96443,6.4415,20.863,6.0909,114.21,0.81766,0.72657,7.8234,6.0699,252.45,13338,3.415,64.047,110.71,1064.92,9.2383,18.7727,3.9649,7.8747,1.3743,50.645,3.4107,3.8007,56.439,8.0317,1.3234,31.98,3.797,29.591,12.2625,
2018-01-17,18.8863,1.2549,1.6027,3.2367,1.2444,0.96484,6.4351,20.853,6.1025,114.32,0.81947,0.72579,7.819,6.0859,253.03,13359,3.4558,63.928,110.8,1068.3,9.2501,18.7978,3.9613,7.8849,1.3767,50.821,3.4183,3.8164,56.86,8.0656,1.3237,31.96,3.8232,29.573,12.335,
2018-01-18,18.85,1.2514,1.5985,3.2138,1.2447,0.9602,6.4227,20.732,6.087,114.21,0.81733,0.72095,7.8176,6.0817,252.15,13343,3.4287,63.85,111.21,1067.93,9.2327,18.649,3.9555,7.8474,1.3698,50.73,3.4054,3.7989,56.57,8.0347,1.322,31.92,3.7903,29.541,12.2628,
2018-01-19,18.9196,1.2486,1.5959,3.2078,1.2441,0.95945,6.404,20.753,6.0754,114.13,0.81599,0.72105,7.8184,6.0671,252.31,13314,3.4139,63.843,110.6,1066.44,9.2233,18.6177,3.938,7.8534,1.3734,50.704,3.404,3.802,56.574,8.0239,1.3201,31.88,3.799,29.361,12.2034,
2018-01-22,18.9885,1.249,1.598,3.1933,1.2477,0.96119,6.4036,20.753,6.0824,114.05,0.81706,0.71971,7.8184,6.0753,253.0,13352,3.4199,63.912,110.84,1070.33,9.2336,18.6339,3.935,7.862,1.3692,50.893,3.4077,3.8132,56.608,8.035,1.3196,31.86,3.8036,29.288,12.1,
2018-01-23,19.195,1.2544,1.5967,3.2209,1.2482,0.96163,6.4059,20.739,6.0768,114.03,0.81639,0.71704,7.8178,6.0663,253.19,13344,3.4189,63.775,110.5,1075.88,9.2283,18.8277,3.9312,7.8684,1.3652,51.025,3.404,3.8134,56.495,8.0368,1.3195,31.83,3.7795,29.277,12.1276,
2018-01-24,19.4446,1.2395,1.5834,3.1928,1.2329,0.95005,6.373,20.542,6.0274,113.68,0.80959,0.70582,7.817,6.0172,250.17,13318,3.4097,63.693,109.4,1064.87,9.1817,18.5427,3.9094,7.7943,1.3501,50.834,3.3649,3.7766,56.324,7.9601,1.31,31.6,3.7454,29.129,11.9659,
2018-01-25,19.5503,1.2378,1.5764,3.1485,1.2323,0.9414,6.331,20.457,6.0002,113.48,0.806,0.70152,7.8178,5.9841,249.34,13293,3.4036,63.565,108.91,1059.41,9.156,18.442,3.8855,7.7261,1.3559,50.93,3.3424,3.7634,55.841,7.9139,1.3059,31.42,3.7406,29.058,11.8976,
2018-01-26,19.5803,1.2367,1.5727,3.148,1.2323,0.93535,6.3278,20.39,5.9849,113.26,0.80412,0.70228,7.8178,5.9657,249.12,13315,3.3894,63.61,109.32,1064.39,9.1411,18.5486,3.8742,7.6918,1.3624,51.055,3.3308,3.7523,55.906,7.8807,1.3074,31.39,3.75,29.129,11.8915,
2018-01-29,19.55,1.2361,1.5799,3.1674,1.2335,0.93408,6.3319,20.435,6.0124,113.56,0.80782,0.7104,7.8183,5.9955,249.89,13399,3.4034,63.58,108.85,1070.15,9.17,18.6057,3.8869,7.7186,1.3637,51.411,3.3473,3.7588,56.437,7.9023,1.3103,31.44,3.777,29.19,11.9763,
2018-01-30,19.5822,1.2354,1.5746,3.1624,1.2321,0.93302,6.3253,20.393,5.9911,113.41,0.80509,0.70791,7.8188,5.9728,249.88,13389,3.3996,63.648,108.67,1070.16,9.1558,18.6209,3.9005,7.6989,1.3636,51.327,3.337,3.7447,56.025,7.8758,1.3107,31.41,3.7705,29.212,11.9136,
2018-01-31,19.6307,1.2328,1.57,3.1603,1.2274,0.93369,6.2888,20.287,5.9741,113.41,0.80276,0.70571,7.8199,5.9665,249.38,13376,3.4056,63.563,108.85,1065.29,9.1378,18.6449,3.8997,7.676,1.3489,51.274,3.3317,3.7365,56.251,7.8386,1.3075,31.31,3.7515,29.131,11.8664,
2018-02-01,19.5602,1.2495,1.5698,3.1694,1.2319,0.93129,6.2967,20.28,5.9738,113.48,0.80263,0.70246,7.82,5.9656,248.86,13418,3.4284,64.023,109.66,1071.08,9.1421,18.5657,3.904,7.6816,1.36,51.633,3.3344,3.7361,56.282,7.8682,1.3125,31.36,3.7464,29.245,11.8986,100.34
2018-02-02,19.43,1.2512,1.5656,3.2015,1.2317,0.92827,6.288,20.167,5.9581,113.2,0.80051,0.70325,7.8204,5.9517,247.75,13466,3.434,64.057,109.85,1084.83,9.125,18.4566,3.887,7.6579,1.3577,51.625,3.3254,3.719,56.271,7.8629,1.3136,31.4,3.746,29.279,11.9741,100.22
2018-02-05,19.4751,1.2592,1.5722,3.2294,1.2434,0.9324,6.29,20.254,5.9834,113.36,0.80386,0.71196,7.8206,5.9751,248.87,13495,3.4415,64.103,109.86,1087.33,9.1491,18.5884,3.9033,7.7257,1.3686,51.583,3.3428,3.7245,56.67,7.905,1.3173,31.53,3.76,29.332,12.0285,100.48
2018-02-06,19.6602,1.2757,1.5863,3.2753,1.2562,0.93852,6.2816,20.466,6.0369,113.76,0.8111,0.72094,7.8192,6.0311,251.97,13575,3.4853,64.273,109.47,1086.78,9.2018,18.8109,3.915,7.868,1.3752,51.54,3.3777,3.7671,57.353,8.0043,1.3232,31.585,3.7835,29.344,12.0625,101.39
2018-02-07,19.5996,1.2712,1.5852,3.2477,1.2518,0.941,6.2746,20.449,6.0326,113.8,0.8105,0.71871,7.8184,6.0312,251.1,13559,3.4913,64.245,109.29,1082.61,9.1982,18.6797,3.903,7.8309,1.3695,51.253,3.3713,3.7733,57.158,7.9904,1.3204,31.59,3.7835,29.23,11.9663,101.31
2018-02-08,19.7298,1.2809,1.5963,3.2675,1.2571,0.94311,6.3295,20.606,6.0743,114.26,0.81619,0.71428,7.8187,6.0723,253.8,13648,3.4952,64.293,109.62,1089.92,9.2378,18.7675,3.9327,7.9056,1.3848,51.672,3.4031,3.7969,57.857,8.0777,1.3294,31.84,3.8117,29.383,12.0802,102.19
2018-02-09,19.9576,1.2809,1.5936,3.2791,1.2609,0.93702,6.3034,20.643,6.0651,113.95,0.8148,0.72305,7.8208,6.0649,254.28,13659,3.5259,64.372,108.85,1088.72,9.2284,18.8161,3.9599,7.9836,1.3812,51.596,3.4142,3.7939,58.263,8.103,1.3298,31.8,3.8271,29.337,12.121,102.01
2018-02-12,20.002,1.2758,1.5949,3.2957,1.258,0.93802,6.3283,20.678,6.0718,114.02,0.81546,0.7225,7.8196,6.0772,254.4,13637,3.5243,64.335,108.64,1083.18,9.2327,18.6219,3.9442,7.9487,1.3796,51.969,3.4044,3.7939,57.967,8.089,1.3256,31.7,3.804,29.335,11.9645,102.26
2018-02-13,19.9797,1.2742,1.5858,3.2954,1.2604,0.93424,6.3443,20.584,6.0397,114.06,0.81083,0.72111,7.8219,6.0291,253.11,13640,3.533,64.277,107.69,1085.09,9.1994,18.6313,3.947,7.899,1.3736,52.124,3.3877,3.7773,57.777,8.0587,1.3228,31.51,3.8,29.32,11.9825,101.68
2018-02-14,19.9951,1.272,1.5839,3.2819,1.2575,0.93286,6.3444,20.546,6.0324,113.93,0.80985,0.72109,7.8219,6.0204,253.34,13616,3.5371,64.072,107.22,1078.06,9.1896,18.6208,3.9033,7.8675,1.3665,52.148,3.3786,3.7744,57.377,8.0422,1.3192,31.42,3.8005,29.223,11.8188,101.39
2018-02-15,19.7999,1.2613,1.5655,3.2221,1.249,0.92412,6.3444,20.307,5.9628,113.34,0.80045,0.70968,7.8222,5.954,249.48,13525,3.5242,63.915,106.55,1065.2,9.1225,18.5112,3.8945,7.7924,1.3535,52.145,3.3244,3.7317,56.68,7.9388,1.3115,31.32,3.7658,29.03,11.6551,100.06
2018-02-16,19.6751,1.2592,1.5692,3.2344,1.2506,0.92434,6.3444,20.331,5.9757,113.65,0.80231,0.71248,7.8208,5.9676,249.74,13517,3.5471,64.217,106.18,1064.87,9.1348,18.5037,3.8945,7.7672,1.3521,52.247,3.3374,3.7408,56.393,7.9541,1.3107,31.29,3.7535,29.053,11.6601,100.45
2018-02-19,19.7679,1.2632,1.576,3.2334,1.2564,0.92772,6.3444,20.409,6.0016,113.87,0.8058,0.71386,7.8223,5.994,250.73,13553,3.5192,64.253,106.56,1066.86,9.1612,18.5439,3.8905,7.782,1.3554,52.458,3.3409,3.7561,56.463,7.9899,1.3131,31.38,3.753,29.085,11.653,100.48
2018-02-20,19.9198,1.2681,1.5849,3.2507,1.2604,0.93493,6.3444,20.517,6.0351,113.91,0.81037,0.71449,7.8241,6.028,252.66,13630,3.5024,64.83,107.17,1072.69,9.1944,18.6386,3.898,7.8349,1.36,52.318,3.3604,3.7793,56.651,8.0784,1.3186,31.51,3.7736,29.193,11.7436,100.73
2018-02-21,19.9496,1.2739,1.5885,3.2554,1.2671,0.93819,6.3444,20.599,6.0482,113.86,0.81222,0.71851,7.825,6.0441,253.53,13611,3.4984,64.758,107.55,1073.77,9.194,18.7232,3.9128,7.8314,1.3608,52.168,3.3779,3.7861,56.584,8.0936,1.3212,31.5,3.789,29.193,11.645,100.63
2018-02-22,19.9299,1.2788,1.5932,3.2705,1.2699,0.93744,6.3608,20.622,6.0657,114.16,0.8146,0.71964,7.8249,6.0643,254.72,13711,3.4975,65.078,107.1,1084.44,9.2119,18.7952,3.9192,7.8929,1.3653,52.062,3.4066,3.7924,56.755,8.143,1.3223,31.575,3.7999,29.299,11.7168,100.93
2018-02-23,19.965,1.2782,1.5902,3.2421,1.2695,0.93544,6.335,20.601,6.0549,114.34,0.81307,0.71502,7.8233,6.0464,254.39,13676,3.4896,64.763,106.74,1076.81,9.2136,18.569,3.9137,7.8681,1.3712,51.808,3.3904,3.7849,56.466,8.1781,1.3216,31.44,3.7869,29.272,11.5651,100.74
2018-02-26,19.9951,1.2752,1.5875,3.2351,1.2676,0.93588,6.3087,20.61,6.0438,113.94,0.81169,0.71282,7.8236,6.0418,254.54,13664,3.493,64.775,106.82,1071.56,9.1966,18.6023,3.9095,7.8168,1.3675,51.896,3.3845,3.7845,55.958,8.1522,1.3171,31.32,3.7808,29.251,11.593,100.41
2018-02-27,20.236,1.2762,1.59,3.238,1.272,0.93805,6.3137,20.647,6.0532,114.02,0.81294,0.71864,7.8264,6.0525,255.24,13673,3.4812,64.875,107.12,1071.87,9.2126,18.7221,3.908,7.8278,1.3753,52.261,3.3875,3.7863,55.929,8.1945,1.3198,31.39,3.7907,29.222,11.656,100.72
2018-02-28,20.195,1.2803,1.6013,3.2434,1.2779,0.94318,6.3276,20.811,6.0967,114.37,0.81873,0.72388,7.8267,6.1,257.02,13749,3.4803,65.19,107.02,1080.93,9.2529,18.785,3.9242,7.8724,1.3841,52.105,3.4207,3.8178,56.291,8.2629,1.3232,31.43,3.8031,29.328,11.7633,101.28
2018-03-01,20.155,1.2937,1.6069,3.2651,1.2862,0.94643,6.3503,20.897,6.1186,114.63,0.82163,0.7273,7.827,6.1195,257.81,13803,3.4834,65.175,106.79,1087.41,9.2733,18.927,3.9285,7.9369,1.3858,51.959,3.4387,3.8266,56.839,8.3136,1.3269,31.57,3.8152,29.376,11.93,101.64
2018-03-02,20.21,1.2902,1.5885,3.2567,1.288,0.93502,6.3451,20.638,6.0493,114.02,0.81222,0.72547,7.8295,6.0465,254.94,13778,3.4526,65.237,105.4,1084.18,9.2053,18.9279,3.9203,7.8117,1.3819,52.009,3.4068,3.7845,57.168,8.2556,1.3207,31.49,3.8173,29.322,11.9451,100.63
2018-03-05,20.3,1.2909,1.5892,3.258,1.2931,0.93841,6.3403,20.642,6.0509,114.04,0.81255,0.72373,7.8328,6.0375,254.94,13763,3.4598,65.109,105.65,1079.62,9.2072,18.899,3.905,7.8277,1.3834,51.965,3.4053,3.7879,57.12,8.2622,1.3194,31.42,3.814,29.318,11.8775,100.51
2018-03-06,20.115,1.2763,1.5759,3.2171,1.2886,0.93675,6.3281,20.45,6.0023,113.7,0.80574,0.71844,7.8332,5.9846,252.28,13722,3.457,64.926,106.23,1061.09,9.1598,18.6657,3.8935,7.7455,1.3685,51.857,3.3692,3.7546,56.297,8.2052,1.3154,31.32,3.788,29.202,11.7194,99.67
2018-03-07,20.37,1.2812,1.5751,3.229,1.2931,0.94008,6.3207,20.473,6.0,113.76,0.80535,0.72089,7.8356,5.9821,251.06,13757,3.4612,64.895,105.83,1069.27,9.1558,18.85,3.9037,7.7938,1.3742,52.002,3.3775,3.7533,56.862,8.2454,1.3146,31.31,3.7974,29.289,11.9042,99.62
2018-03-08,20.415,1.2811,1.5746,3.2414,1.2917,0.94445,6.3357,20.471,5.9983,113.68,0.80509,0.72027,7.838,5.987,251.2,13779,3.45,65.132,106.13,1071.84,9.1396,18.6925,3.9065,7.8202,1.3769,52.046,3.3848,3.7507,56.895,8.2258,1.3154,31.335,3.8102,29.327,11.8887,99.43
2018-03-09,20.35,1.2832,1.5912,3.2625,1.2894,0.95151,6.3376,20.709,6.0609,114.12,0.8136,0.72324,7.8407,6.0495,253.79,13813,3.4452,65.194,106.83,1070.3,9.2045,18.6161,3.9138,7.8064,1.3775,52.154,3.4186,3.789,57.043,8.2701,1.3184,31.355,3.819,29.34,11.8995,99.99
2018-03-12,20.28,1.2714,1.5898,3.2586,1.2829,0.94952,6.3312,20.686,6.0556,114.0,0.81288,0.72013,7.8399,6.0519,253.53,13768,3.4443,65.012,106.52,1066.62,9.2001,18.6815,3.9045,7.7748,1.37,52.081,3.4151,3.7895,56.94,8.2558,1.3146,31.33,3.8377,29.285,11.8487,100.07
2018-03-13,20.173,1.267,1.5801,3.243,1.2837,0.94442,6.3229,20.578,6.0176,113.88,0.80788,0.71619,7.839,6.0116,251.99,13713,3.4379,64.857,106.89,1063.86,9.1606,18.5151,3.8934,7.7402,1.3606,51.94,3.4027,3.7663,56.798,8.2055,1.3107,31.21,3.8635,29.243,11.7779,99.45
2018-03-14,20.175,1.2648,1.5812,3.2536,1.293,0.94624,6.3133,20.573,6.0226,113.91,0.80847,0.71655,7.8404,6.0173,251.94,13729,3.4307,64.84,106.53,1062.31,9.1501,18.5771,3.897,7.7393,1.3625,52.009,3.3974,3.7695,56.992,8.1862,1.3092,31.13,3.8745,29.219,11.7628,99.52
2018-03-15,20.24,1.275,1.5848,3.2881,1.2985,0.94717,6.3176,20.595,6.0357,114.0,0.81031,0.71696,7.8416,6.0318,252.06,13757,3.4367,64.954,106.07,1065.24,9.1511,18.6889,3.9155,7.7042,1.3706,52.043,3.4132,3.7803,57.235,8.1795,1.3112,31.165,3.8973,29.131,11.8566,99.75
2018-03-16,20.354,1.2893,1.59,3.2895,1.3078,0.9513,6.3255,20.661,6.0553,114.16,0.81294,0.71745,7.8429,6.0408,252.86,13761,3.4543,64.927,105.85,1067.74,9.1862,18.7286,3.9085,7.7156,1.3822,51.954,3.4284,3.7928,57.634,8.194,1.3155,31.2,3.9141,29.126,11.942,99.75
2018-03-19,20.213,1.2994,1.5889,3.2957,1.3084,0.95191,6.3323,20.661,6.0512,114.04,0.81241,0.71162,7.8428,6.0358,252.64,13777,3.4674,65.196,106.14,1073.33,9.1788,18.8374,3.9145,7.7346,1.3865,52.136,3.426,3.7921,57.979,8.1922,1.318,31.21,3.947,29.172,12.0981,99.52
2018-03-20,20.22,1.298,1.5932,3.2918,1.3066,0.95479,6.333,20.71,6.0675,114.17,0.8146,0.71452,7.8442,6.0625,253.45,13761,3.4817,65.2,106.48,1071.14,9.1944,18.7431,3.9175,7.7275,1.388,52.074,3.4439,3.8012,57.712,8.1918,1.3175,31.2,3.9295,29.163,11.9573,99.79
2018-03-21,20.282,1.3018,1.5919,3.3007,1.298,0.95304,6.33,20.692,6.0627,114.26,0.81393,0.7114,7.8461,6.0557,253.48,13763,3.4943,65.212,106.22,1072.13,9.1949,18.5479,3.9193,7.7347,1.3965,52.122,3.4482,3.7993,57.482,8.2112,1.3183,31.21,3.9355,29.19,11.9871,99.87
2018-03-22,20.278,1.297,1.588,3.3019,1.2901,0.94763,6.3345,20.623,6.0477,113.98,0.81195,0.70802,7.8468,6.0438,253.05,13753,3.4881,65.102,105.35,1080.32,9.1859,18.493,3.9128,7.7386,1.3828,52.407,3.4278,3.7898,57.096,8.217,1.3159,31.27,3.9276,29.186,11.8321,99.63
2018-03-23,20.232,1.2942,1.5842,3.2987,1.2853,0.94792,6.3158,20.578,6.0326,113.98,0.80998,0.70699,7.8478,6.0261,253.44,13764,3.4816,65.009,105.09,1077.51,9.1735,18.5323,3.9175,7.7527,1.3789,52.357,3.4231,3.7769,57.135,8.2572,1.3135,31.18,3.9592,29.139,11.7612,98.9
2018-03-26,20.183,1.293,1.5759,3.298,1.2889,0.94585,6.2786,20.503,6.0013,113.73,0.80574,0.70299,7.8466,5.9963,251.98,13734,3.4902,64.87,105.12,1077.26,9.1458,18.4336,3.9018,7.7039,1.3721,52.228,3.4083,3.7542,56.958,8.2079,1.3113,31.15,3.9855,29.094,11.6781,98.22
2018-03-27,20.181,1.2985,1.5803,3.317,1.2887,0.95055,6.2807,20.583,6.0188,113.72,0.80802,0.71057,7.8469,6.0123,252.79,13740,3.4916,64.973,105.88,1073.74,9.1694,18.4147,3.8761,7.7249,1.3769,52.485,3.4095,3.762,57.224,8.2544,1.3096,31.23,3.9939,29.142,11.6837,98.34
2018-03-28,20.155,1.3012,1.5775,3.3283,1.2884,0.95185,6.289,20.537,6.0101,113.74,0.80658,0.70661,7.8476,6.0032,252.06,13759,3.4968,65.172,106.15,1065.87,9.159,18.3675,3.8571,7.7773,1.3772,52.325,3.3935,3.7526,57.529,8.2917,1.3078,31.25,3.9975,29.142,11.6978,98.0
2018-03-29,20.132,1.3015,1.5874,3.3226,1.2901,0.95601,6.2875,20.636,6.049,114.16,0.81162,0.71009,7.8481,6.0322,253.33,13744,3.5112,65.173,106.44,1063.95,9.1982,18.2818,3.868,7.8541,1.3877,52.247,3.4174,3.7793,57.536,8.347,1.3114,31.23,3.975,29.162,11.8667,98.61
2018-04-03,20.135,1.2995,1.589,3.3102,1.2852,0.95669,6.2846,20.61,6.0523,114.16,0.81248,0.71111,7.8487,6.0383,253.69,13760,3.5262,65.006,106.24,1054.49,9.2078,18.1947,3.8757,7.8273,1.3783,52.026,3.4195,3.787,57.592,8.3659,1.3092,31.18,3.9785,29.153,11.823,98.72
2018-04-04,20.174,1.3016,1.5932,3.3656,1.2835,0.95927,6.3057,20.642,6.0687,114.15,0.8146,0.71337,7.8491,6.0544,253.89,13767,3.5429,65.13,106.25,1064.23,9.2238,18.3447,3.8782,7.8482,1.3726,52.152,3.4242,3.796,57.81,8.4046,1.3144,31.25,4.0129,29.251,11.9198,98.97
2018-04-05,20.171,1.3002,1.5953,3.2995,1.2772,0.96215,6.3052,20.658,6.0744,114.28,0.81566,0.71285,7.8493,6.062,253.64,13772,3.5358,64.927,107.06,1059.88,9.2313,18.0905,3.8688,7.8201,1.3702,52.064,3.4291,3.8029,57.606,8.4127,1.3143,31.265,4.041,29.222,11.9265,99.1
2018-04-06,20.189,1.3024,1.5987,3.3604,1.2792,0.96436,6.3052,20.712,6.0875,114.37,0.81739,0.71354,7.8481,6.0683,255.48,13774,3.5362,64.967,107.34,1071.56,9.239,18.254,3.8714,7.8355,1.3801,52.06,3.4317,3.812,57.894,8.4178,1.3191,31.29,4.0579,29.312,12.0776,99.15
2018-04-09,20.176,1.3045,1.5896,3.3721,1.2781,0.95822,6.3139,20.609,6.0524,114.06,0.81274,0.7078,7.8492,6.0403,253.66,13783,3.5271,64.982,107.01,1070.13,9.1921,18.3583,3.872,7.7928,1.3712,52.015,3.4096,3.7901,60.235,8.368,1.3132,31.27,4.0652,29.254,12.123,98.59
2018-04-10,20.183,1.2925,1.5822,3.4026,1.2657,0.95397,6.2892,20.496,6.0244,113.87,0.809,0.70531,7.8497,6.0104,252.26,13751,3.5039,64.995,107.01,1067.47,9.172,18.2655,3.8695,7.8044,1.3596,51.967,3.3921,3.7715,62.666,8.3209,1.3107,31.23,4.0953,29.208,12.0563,98.62
2018-04-11,20.15,1.2904,1.5793,3.4184,1.2617,0.95728,6.2835,20.448,6.0117,113.78,0.80749,0.70543,7.8498,5.9964,251.73,13765,3.5166,65.302,106.8,1069.61,9.1458,18.2922,3.8745,7.7691,1.3576,51.986,3.3846,3.7651,64.608,8.3061,1.3085,31.17,4.1854,29.219,12.0864,98.19
2018-04-12,20.157,1.2897,1.5871,3.3662,1.2592,0.96373,6.2852,20.544,6.0416,113.92,0.81149,0.70393,7.8499,6.0223,252.7,13769,3.5155,65.26,107.15,1071.05,9.1923,18.1628,3.8765,7.7881,1.3552,52.018,3.3956,3.7828,61.588,8.417,1.311,31.2,4.0958,29.312,11.9969,99.0
2018-04-13,20.203,1.2829,1.5879,3.4082,1.257,0.96241,6.281,20.546,6.0459,114.0,0.81189,0.70147,7.8499,6.0214,252.6,13753,3.5168,65.211,107.69,1068.65,9.1815,18.118,3.8738,7.7651,1.3561,51.936,3.3907,3.7836,61.881,8.4272,1.3118,31.15,4.0928,29.292,12.053,98.73
2018-04-16,20.212,1.2876,1.5811,3.4196,1.2608,0.96023,6.2834,20.424,6.0205,113.79,0.80841,0.69899,7.85,5.9926,250.85,13775,3.5026,65.497,107.33,1073.83,9.1709,18.0598,3.885,7.7567,1.3624,52.051,3.3652,3.7597,62.2,8.4111,1.3113,31.24,4.108,29.38,12.083,98.63
2018-04-17,20.211,1.2875,1.5827,3.4117,1.2552,0.96366,6.283,20.437,6.0269,113.88,0.80926,0.69823,7.8499,5.9994,251.55,13775,3.5242,65.639,107.11,1068.71,9.1746,17.972,3.8891,7.7673,1.3625,52.273,3.3667,3.7605,61.763,8.4092,1.3104,31.21,4.1057,29.371,12.0168,99.22
2018-04-18,20.175,1.2878,1.5788,3.3942,1.257,0.96698,6.2824,20.425,6.0121,113.79,0.80723,0.70314,7.8499,5.9879,250.37,13768,3.5168,65.668,107.22,1065.19,9.1581,17.9747,3.8885,7.7571,1.3652,52.033,3.3659,3.7568,61.499,8.3979,1.3106,31.23,4.0935,29.331,11.9612,99.53
2018-04-19,20.124,1.2835,1.5796,3.386,1.2604,0.96721,6.2766,20.455,6.015,113.96,0.80762,0.70243,7.8487,5.9861,250.66,13787,3.5081,65.789,107.32,1061.52,9.1464,18.1449,3.8835,7.7391,1.368,52.037,3.3649,3.7611,60.804,8.3814,1.309,31.21,4.025,29.336,11.9377,99.58
2018-04-20,20.159,1.2985,1.5889,3.4034,1.2639,0.97246,6.2921,20.587,6.0506,114.1,0.81241,0.71174,7.8453,6.0208,252.27,13927,3.5287,66.122,107.57,1069.35,9.1791,18.4759,3.8934,7.8032,1.3837,52.14,3.3859,3.7847,61.531,8.425,1.3138,31.32,4.0461,29.432,12.0244,100.17
2018-04-23,20.191,1.3082,1.5981,3.4304,1.2787,0.97573,6.3089,20.762,6.0857,114.33,0.81713,0.71613,7.8423,6.0592,254.44,13940,3.5388,66.416,108.17,1077.24,9.212,18.7122,3.8925,7.8655,1.3934,52.356,3.4232,3.8059,61.818,8.4788,1.3228,31.49,4.0921,29.582,12.2242,100.67
2018-04-24,20.235,1.3132,1.6014,3.4459,1.2824,0.97797,6.3057,20.828,6.0983,114.39,0.8188,0.71619,7.8465,6.075,256.15,13871,3.5577,66.388,108.83,1076.44,9.2372,18.8316,3.9055,7.8842,1.4029,52.196,3.4386,3.8099,61.62,8.4971,1.3227,31.45,4.0928,29.591,12.3363,100.92
2018-04-25,20.251,1.3228,1.6051,3.5047,1.2888,0.98367,6.3232,20.899,6.1132,114.64,0.82068,0.71711,7.8478,6.0882,257.04,13920,3.5926,66.976,109.18,1083.8,9.2501,19.0554,3.9156,7.9647,1.4142,52.337,3.4666,3.8123,62.131,8.5531,1.3294,31.585,4.1041,29.743,12.5084,100.94
2018-04-26,20.247,1.3207,1.6073,3.4781,1.2835,0.98422,6.325,20.934,6.1234,114.62,0.82183,0.71581,7.8479,6.1001,257.07,13878,3.5755,66.749,109.2,1077.05,9.2547,18.7747,3.9162,7.95,1.4131,51.996,3.4813,3.8246,62.872,8.5863,1.3265,31.555,4.0706,29.672,12.388,101.08
2018-04-27,20.549,1.3235,1.6204,3.479,1.2882,0.99089,6.3394,21.103,6.1724,115.02,0.8285,0.72659,7.8485,6.1471,259.19,13855,3.5937,66.661,109.32,1070.27,9.301,18.8012,3.9131,8.0025,1.4181,51.692,3.493,3.8621,62.484,8.714,1.326,31.58,4.0499,29.593,12.3974,101.57
2018-04-30,20.532,1.3257,1.6192,3.4715,1.2867,0.99081,6.3394,21.146,6.1678,114.89,0.82788,0.72821,7.8484,6.1346,259.58,13905,3.5912,66.371,109.38,1069.66,9.2936,18.7085,3.9249,7.999,1.4194,51.703,3.499,3.8591,62.885,8.6922,1.3259,31.58,4.048,29.606,12.4283,101.17
2018-05-02,20.532,1.3315,1.6289,3.5224,1.2827,0.99584,6.359,21.322,6.2037,115.22,0.83285,0.73324,7.8496,6.1722,261.55,13960,3.6107,66.669,109.8,1075.66,9.3181,18.9456,3.933,8.0751,1.4244,51.887,3.5608,3.884,63.63,8.8427,1.3346,31.725,4.1487,29.733,12.604,101.77
2018-05-03,21.185,1.3281,1.6309,3.5329,1.2845,0.99716,6.3488,21.335,6.2122,115.32,0.83389,0.73532,7.8495,6.1835,261.89,13933,3.629,66.624,109.26,1074.85,9.3396,19.026,3.9271,8.0441,1.421,51.697,3.5547,3.8908,63.449,8.843,1.3311,31.63,4.1995,29.712,12.625,101.9
2018-05-04,22.255,1.3297,1.6341,3.5463,1.2875,0.99841,6.3592,21.308,6.2237,115.47,0.83549,0.7372,7.8496,6.186,262.24,13978,3.6212,66.864,108.92,1076.38,9.3487,19.1562,3.938,8.0575,1.4259,51.673,3.5544,3.8951,63.065,8.8324,1.3336,31.755,4.2579,29.72,12.6272,102.1
2018-05-07,21.854,1.3344,1.6433,3.5424,1.2887,1.0052,6.3668,21.44,6.2583,115.61,0.84019,0.73946,7.8498,6.2162,264.11,14061,3.623,67.135,109.35,1082.25,9.383,19.343,3.9445,8.0818,1.4294,51.893,3.5739,3.9122,62.872,8.8542,1.3373,31.88,4.2705,29.865,12.5802,102.34
2018-05-08,21.945,1.342,1.6477,3.558,1.2972,1.003,6.3678,21.505,6.2766,115.8,0.84246,0.74078,7.8499,6.2275,265.3,14085,3.5972,67.085,109.06,1077.42,9.3997,19.5274,3.9685,8.1072,1.4338,51.909,3.6051,3.917,63.285,8.8256,1.3381,31.91,4.2885,29.785,12.5637,102.78
2018-05-09,22.355,1.3404,1.6464,3.5736,1.2879,1.0013,6.3665,21.52,6.2712,115.71,0.84182,0.73613,7.8498,6.219,265.27,14070,3.5912,67.262,109.64,1077.15,9.3929,19.5336,3.9845,8.0853,1.4307,51.935,3.5909,3.9101,63.068,8.7106,1.3403,32.055,4.2785,29.881,12.5727,103.04
2018-05-10,22.684,1.3357,1.6466,3.575,1.2773,1.0025,6.3495,21.467,6.2718,115.73,0.84189,0.73927,7.8499,6.2203,264.23,14030,3.5805,67.259,109.63,1069.83,9.3938,19.4107,4.0158,8.0375,1.4433,52.002,3.5732,3.9054,62.053,8.6841,1.3407,32.06,4.2456,29.833,12.3793,103.05
2018-05-11,22.69,1.324,1.6388,3.5601,1.2734,0.99992,6.3325,21.373,6.2425,115.51,0.83794,0.73739,7.8499,6.1918,263.93,13971,3.5663,67.337,109.3,1066.76,9.3679,19.2559,3.9981,7.9961,1.4337,52.414,3.5683,3.8834,61.647,8.6002,1.3338,31.865,4.2756,29.739,12.2771,102.56
2018-05-14,23.01,1.3231,1.6315,3.5808,1.2764,0.99808,6.3374,21.261,6.215,115.35,0.83417,0.73607,7.8498,6.1591,263.07,13970,3.577,67.526,109.5,1068.35,9.3378,19.3402,3.9505,7.9791,1.4386,52.437,3.556,3.8614,61.567,8.5884,1.333,31.84,4.3166,29.763,12.2561,101.94
2018-05-15,25.01,1.3344,1.6459,3.6556,1.2836,1.0023,6.3625,21.502,6.2688,115.69,0.84154,0.73971,7.8499,6.2133,266.71,14067,3.6026,68.055,110.05,1076.43,9.3917,19.7257,3.956,8.0512,1.4493,52.532,3.6049,3.8989,62.124,8.6618,1.3387,32.02,4.4365,29.912,12.4875,103.17
2018-05-16,24.065,1.3358,1.6597,3.674,1.2866,1.0007,6.3762,21.678,6.321,116.08,0.84861,0.74184,7.85,6.2653,269.24,14072,3.5939,67.797,110.17,1081.55,9.4411,19.759,3.964,8.1225,1.4524,52.372,3.6396,3.9333,62.456,8.7324,1.3428,32.14,4.4279,29.901,12.5241,104.38
2018-05-17,24.271,1.3283,1.6568,3.6668,1.2772,1.0012,6.368,21.649,6.3093,116.04,0.8471,0.73994,7.8497,6.2518,268.17,14052,3.5902,67.737,110.68,1080.56,9.4291,19.6256,3.969,8.0953,1.4507,52.275,3.634,3.9237,61.97,8.7209,1.3422,32.07,4.447,29.914,12.5378,104.36
2018-05-18,24.314,1.3304,1.6601,3.7205,1.2795,0.99932,6.3787,21.721,6.3223,116.2,0.84882,0.74124,7.8499,6.2677,269.65,14147,3.5916,67.999,110.93,1080.87,9.4418,19.7759,3.972,8.1294,1.4472,52.408,3.6457,3.932,62.147,8.7491,1.3435,32.195,4.4745,29.948,12.684,104.74
2018-05-21,24.412,1.3283,1.6632,3.7175,1.2874,0.99949,6.3863,21.839,6.3331,116.29,0.85041,0.7453,7.8493,6.2773,271.62,14176,3.5856,68.144,111.27,1084.16,9.452,20.003,3.98,8.1032,1.4483,52.389,3.6685,3.9304,62.39,8.7214,1.3439,32.23,4.5932,29.991,12.8712,104.94
2018-05-22,24.37,1.3179,1.6583,3.6603,1.2774,0.99525,6.3687,21.792,6.3149,116.06,0.84789,0.7435,7.8485,6.2632,269.16,14138,3.5663,68.009,110.82,1075.06,9.4352,19.7422,3.9673,8.0465,1.4406,52.268,3.6342,3.9228,61.344,8.6619,1.3373,32.015,4.6383,29.904,12.5494,104.8
2018-05-23,24.278,1.3276,1.6705,3.6761,1.2905,0.9906,6.3885,22.047,6.3627,116.46,0.85412,0.75122,7.8497,6.313,272.92,14215,3.5772,68.423,109.85,1081.95,9.4788,19.9479,3.9825,8.1195,1.45,52.47,3.6802,3.954,61.722,8.7894,1.3456,32.15,4.8758,29.987,12.6462,105.74
2018-05-24,24.475,1.3232,1.6676,3.6489,1.2885,0.98968,6.3837,22.006,6.352,116.37,0.85266,0.74586,7.8481,6.3051,272.23,14141,3.5745,68.375,109.53,1078.42,9.4661,19.6922,3.9775,8.0841,1.4449,52.548,3.6691,3.9453,61.552,8.7413,1.3409,32.04,4.7582,29.956,12.4525,105.56
2018-05-25,24.581,1.3211,1.6752,3.6449,1.2956,0.99298,6.3907,22.069,6.3799,116.49,0.85653,0.74981,7.8449,6.3302,274.0,14111,3.5591,67.794,109.4,1078.84,9.4922,19.6043,3.98,8.1275,1.446,52.626,3.6908,3.9655,62.093,8.7299,1.3406,31.94,4.724,29.968,12.5,106.04
2018-05-28,24.6,1.3234,1.6797,3.6889,1.298,0.99425,6.3988,22.098,6.3959,116.67,0.85881,0.75116,7.8456,6.3509,274.32,14020,3.5703,67.441,109.35,1074.23,9.5113,19.5508,3.9777,8.1684,1.439,52.484,3.6974,3.9814,62.377,8.7919,1.341,32.01,4.5931,29.941,12.451,105.81
2018-05-29,24.734,1.3295,1.6922,3.7563,1.3028,0.99645,6.4175,22.415,6.4396,117.05,0.8652,0.75396,7.8457,6.3941,276.91,14021,3.6005,67.837,108.91,1080.21,9.5549,19.7474,3.9851,8.2729,1.4458,52.635,3.7299,4.0206,62.596,8.9265,1.3467,32.07,4.615,30.066,12.6722,106.37
2018-05-30,24.86,1.3247,1.6814,3.7063,1.2975,0.98977,6.4196,22.21,6.3989,116.71,0.8597,0.75224,7.8463,6.3526,274.73,13948,3.579,67.39,108.98,1079.27,9.5176,19.6716,3.9855,8.2069,1.4345,52.62,3.7083,3.9927,62.228,8.8362,1.3401,32.06,4.4548,30.028,12.565,105.66
2018-05-31,24.917,1.3175,1.6718,3.729,1.2854,0.98521,6.4066,22.051,6.3626,116.44,0.85477,0.74947,7.8484,6.3142,272.58,13907,3.5738,67.358,108.84,1078.08,9.4853,19.8701,3.98,8.1524,1.4258,52.575,3.6805,3.9754,62.036,8.7771,1.3382,32.03,4.4985,29.976,12.5678,105.05
2018-06-01,24.962,1.3278,1.6761,3.7433,1.2976,0.98817,6.4173,22.133,6.3794,116.55,0.85697,0.75139,7.8453,6.3287,274.09,13879,3.551,67.113,109.47,1074.79,9.4995,19.9529,3.988,8.1689,1.4343,52.597,3.6989,3.9978,62.214,8.8219,1.3383,32.03,4.6269,29.859,12.71,104.64
2018-06-04,24.97,1.3045,1.6664,3.7397,1.2906,0.98373,6.4042,21.893,6.3418,116.45,0.85201,0.74698,7.8462,6.287,271.48,13872,3.5645,67.063,109.43,1069.17,9.4639,19.908,3.975,8.0966,1.4189,52.524,3.6507,3.9659,61.909,8.7401,1.3338,31.96,4.6173,29.745,12.529,104.37
2018-06-05,24.958,1.3135,1.6752,3.7624,1.2983,0.9863,6.4043,21.973,6.3747,116.6,0.85653,0.74852,7.8468,6.3238,272.96,13883,3.5754,67.15,109.7,1070.95,9.4963,20.384,3.9849,8.1377,1.4249,52.439,3.6733,3.9851,62.369,8.7793,1.3356,31.98,4.613,29.833,12.6963,105.78
2018-06-06,24.925,1.306,1.6624,3.8184,1.2877,0.98844,6.3944,21.8,6.3269,116.38,0.84998,0.74529,7.8477,6.2795,270.84,13855,3.5663,66.92,110.13,1067.11,9.4507,20.373,3.9697,8.095,1.4196,52.441,3.6339,3.9553,61.992,8.7344,1.3332,31.9,4.5965,29.747,12.7855,105.14
2018-06-07,24.891,1.3059,1.6524,3.8756,1.2938,0.98116,6.3924,21.663,6.2929,116.14,0.84488,0.74453,7.8462,6.2393,268.13,13877,3.5684,67.116,110.05,1069.97,9.4191,20.323,3.974,8.0275,1.4185,52.53,3.5994,3.9333,61.937,8.6613,1.3313,31.93,4.4703,29.721,12.7875,105.02
2018-06-08,24.985,1.3184,1.6639,3.8412,1.2995,0.98452,6.4091,21.946,6.3362,116.45,0.85077,0.74641,7.846,6.2813,271.99,13930,3.574,67.502,109.44,1074.92,9.4611,20.484,3.9873,8.0896,1.4237,52.806,3.6407,3.964,62.512,8.7519,1.3359,32.06,4.4919,29.898,13.0867,106.09
2018-06-11,25.329,1.3148,1.6589,3.7237,1.3018,0.98651,6.4053,21.783,6.3182,116.43,0.84818,0.74792,7.8463,6.2585,272.82,13975,3.5729,67.428,109.94,1075.62,9.4416,20.414,3.988,8.0588,1.4219,53.06,3.6191,3.9517,62.587,8.6964,1.3348,32.08,4.5204,29.841,13.146,105.94
2018-06-12,26.067,1.3154,1.6591,3.6994,1.3009,0.98532,6.4045,21.761,6.3202,116.35,0.84832,0.74801,7.8469,6.2619,271.37,13968,3.581,67.443,110.31,1079.18,9.4406,20.603,3.9974,8.0111,1.4236,53.063,3.6269,3.9536,62.773,8.6147,1.3351,32.1,4.5607,29.846,13.1645,106.12
2018-06-13,25.745,1.3181,1.6625,3.7051,1.3017,0.98742,6.4003,21.856,6.3331,116.48,0.85005,0.74983,7.8481,6.2734,272.31,13963,3.5854,67.608,110.53,1084.56,9.4538,20.668,3.994,8.0222,1.4207,53.227,3.6353,3.9655,62.758,8.6161,1.3355,32.13,4.6415,29.854,13.253,106.68
2018-06-14,26.2,1.3226,1.6673,3.6924,1.2977,0.98764,6.3946,21.868,6.3512,116.5,0.85251,0.74751,7.8481,6.2952,273.73,13933,3.6001,67.598,110.1,1082.3,9.4719,20.515,3.9855,8.0365,1.4199,53.158,3.6378,3.9774,62.025,8.6616,1.3355,32.15,4.625,29.886,13.105,106.26
2018-06-15,27.705,1.3382,1.6866,3.7738,1.3128,0.99819,6.4214,22.175,6.4249,117.27,0.86237,0.75302,7.8493,6.3643,278.58,13989,3.62,68.015,110.65,1097.73,9.5398,20.774,3.9998,8.1338,1.4381,53.364,3.6915,4.021,62.556,8.7714,1.3469,32.43,4.7146,30.013,13.4235,107.54
2018-06-18,28.055,1.3442,1.6841,3.7434,1.3181,0.99492,6.4393,22.164,6.4152,117.17,0.8611,0.7548,7.8495,6.3545,278.15,14078,3.6292,68.039,110.45,1104.42,9.5341,20.644,3.9975,8.1237,1.4391,53.4,3.6921,4.0177,63.258,8.8025,1.3502,32.68,4.7207,30.16,13.4569,108.24
2018-06-19,27.611,1.3608,1.6957,3.7746,1.3282,0.99714,6.4821,22.378,6.4617,117.65,0.867,0.7603,7.8493,6.4037,281.19,14164,3.6461,68.378,109.92,1116.62,9.573,20.674,4.0035,8.2274,1.452,53.339,3.7405,4.0472,63.989,8.9498,1.3599,32.84,4.766,30.274,13.8636,109.42
2018-06-20,27.756,1.355,1.6892,3.7375,1.3299,0.99646,6.4737,22.314,6.4368,117.49,0.86371,0.75901,7.8465,6.3773,279.97,14096,3.6349,68.112,110.03,1107.26,9.5497,20.452,4.0005,8.1787,1.4556,53.432,3.7271,4.0331,63.588,8.875,1.3576,32.81,4.7455,30.193,13.6783,108.65
2018-06-21,27.754,1.3576,1.6951,3.776,1.3331,0.99636,6.4983,22.415,6.4587,117.72,0.8667,0.75724,7.8461,6.3954,282.67,14093,3.6242,67.962,110.58,1110.06,9.5703,20.393,4.0155,8.1689,1.46,53.421,3.749,4.0495,63.753,8.9485,1.3619,32.93,4.7455,30.354,13.6575,109.72
2018-06-22,27.493,1.3462,1.6791,3.7446,1.3272,0.99021,6.498,22.143,6.3982,117.31,0.85852,0.7526,7.8462,6.3348,278.2,14105,3.6173,67.849,110.15,1110.71,9.5122,20.215,4.0025,8.0982,1.4492,53.296,3.7043,4.0061,63.128,8.8384,1.3583,32.94,4.6908,30.29,13.4929,108.69
2018-06-25,27.025,1.3455,1.6716,3.7643,1.3284,0.98709,6.5357,22.167,6.369,117.19,0.8547,0.75248,7.847,6.3098,278.14,14155,3.6105,68.073,109.58,1114.49,9.4885,20.039,4.0136,8.0943,1.4485,53.449,3.7068,3.9906,62.682,8.8567,1.3615,32.96,4.663,30.38,13.5284,107.86
2018-06-26,27.09,1.3518,1.6756,3.7741,1.3322,0.98895,6.5755,22.19,6.3837,117.34,0.85675,0.75531,7.8485,6.3237,279.3,14178,3.6289,68.292,109.62,1119.19,9.5008,19.9083,4.023,8.115,1.4563,53.73,3.7192,3.9984,62.993,8.8574,1.3615,33.005,4.631,30.466,13.5565,107.27
2018-06-27,27.082,1.3537,1.6837,3.801,1.3295,0.99311,6.5986,22.191,6.4142,117.59,0.86088,0.75907,7.8476,6.3538,281.34,14191,3.6461,68.607,110.26,1118.18,9.5218,19.957,4.0285,8.1599,1.4675,53.51,3.733,4.0077,63.153,8.9104,1.3631,33.0,4.6229,30.465,13.6835,107.09
2018-06-28,27.43,1.3622,1.6885,3.8696,1.3294,0.99767,6.6242,22.448,6.4326,117.78,0.86333,0.76422,7.8482,6.3731,283.23,14330,3.6494,68.793,110.19,1122.57,9.5389,20.109,4.0425,8.1792,1.4793,53.492,3.7668,4.0218,63.105,8.9952,1.3667,33.12,4.602,30.579,13.867,107.23
2018-06-29,28.06,1.3542,1.6776,3.8494,1.3246,0.99237,6.6195,22.319,6.3926,117.5,0.85778,0.76004,7.8459,6.3356,282.87,14285,3.6565,68.462,110.69,1112.3,9.4985,19.6277,4.0384,8.1588,1.4794,53.332,3.7512,3.9999,62.753,8.9664,1.3635,33.08,4.5793,30.42,13.766,105.85
2018-07-02,28.938,1.3597,1.6804,3.8858,1.3182,0.99347,6.666,22.337,6.4012,117.67,0.85918,0.76166,7.8465,6.3447,283.37,14400,3.6644,68.795,110.71,1120.26,9.5006,20.046,4.0461,8.1635,1.4877,53.387,3.7712,4.0019,63.123,8.9776,1.3682,33.155,4.6175,30.594,13.8079,106.54
2018-07-03,28.29,1.3511,1.6766,3.8945,1.3154,0.99211,6.6422,22.351,6.3871,117.57,0.85727,0.75739,7.8445,6.3305,280.63,14373,3.6452,68.522,110.66,1112.79,9.4861,19.67,4.047,8.1144,1.4814,53.364,3.7647,3.9961,63.135,8.8404,1.3649,33.16,4.6673,30.506,13.6921,106.82
2018-07-04,27.955,1.354,1.68,3.895,1.3147,0.9927,6.6318,22.357,6.3998,117.54,0.85896,0.75681,7.8429,6.3511,279.72,14352,3.6526,68.742,110.5,1117.68,9.4924,19.4803,4.046,8.1114,1.4789,53.391,3.7614,4.0076,63.275,8.8052,1.365,33.175,4.6978,30.524,13.7114,107.58
2018-07-05,28.072,1.3512,1.6703,3.8877,1.313,0.9918,6.6335,22.152,6.3632,117.34,0.85404,0.75421,7.8476,6.3174,275.81,14385,3.629,68.947,110.62,1118.01,9.4582,19.2869,4.043,8.063,1.4737,53.35,3.7217,3.982,63.011,8.7422,1.3635,33.2,4.612,30.534,13.555,106.58
2018-07-06,28.07,1.3484,1.6682,3.9474,1.3133,0.99232,6.6476,22.127,6.3569,117.37,0.85295,0.75567,7.8483,6.3174,276.65,14370,3.6357,68.876,110.59,1118.15,9.4477,19.1624,4.045,8.054,1.4659,53.326,3.7253,3.9754,63.161,8.7777,1.3603,33.18,4.6092,30.506,13.595,106.79
2018-07-09,27.92,1.3364,1.659,3.865,1.3076,0.98787,6.6135,21.934,6.3223,117.27,0.84825,0.74939,7.8485,6.2866,273.76,14325,3.6183,68.674,110.45,1111.1,9.4149,19.0313,4.0295,7.992,1.4588,53.346,3.6648,3.9516,62.677,8.6986,1.3529,33.1,4.5179,30.333,13.3103,106.2
2018-07-10,27.908,1.3437,1.6698,3.8857,1.3132,0.99454,6.6394,22.11,6.3635,117.56,0.85375,0.75419,7.8482,6.3161,277.33,14343,3.6428,68.83,111.24,1117.25,9.4526,19.1343,4.0211,8.0377,1.4674,53.485,3.6889,3.9772,62.546,8.7457,1.3569,33.19,4.7012,30.415,13.4322,107.06
2018-07-11,27.436,1.3523,1.6666,3.8281,1.3141,0.99301,6.6774,22.095,6.352,117.49,0.85215,0.754,7.8493,6.3025,276.66,14365,3.6356,68.769,111.23,1123.71,9.4378,19.0558,4.037,8.0493,1.4713,53.594,3.6825,3.9712,61.995,8.7554,1.3607,33.27,4.7808,30.555,13.4819,106.86
2018-07-12,27.387,1.3534,1.6776,3.8642,1.3183,0.99863,6.6718,22.249,6.3951,117.88,0.85778,0.7571,7.8482,6.3454,279.02,14382,3.6506,68.519,112.48,1125.85,9.4802,18.9449,4.0392,8.1011,1.4788,53.507,3.7118,3.9962,62.118,8.8652,1.3629,33.26,4.8348,30.518,13.4232,107.57
2018-07-13,27.173,1.3539,1.6798,3.897,1.3191,1.0052,6.7003,22.266,6.4034,117.89,0.85889,0.76001,7.8491,6.3526,278.33,14418,3.6452,68.481,112.55,1133.47,9.4881,19.0475,4.0459,8.1448,1.4842,53.501,3.7112,4.0005,62.255,8.9118,1.3673,33.36,4.8499,30.654,13.3288,107.53
2018-07-16,27.26,1.3458,1.6688,3.8473,1.3139,0.99795,6.6786,22.084,6.3608,117.56,0.85324,0.75316,7.8489,6.3093,274.86,14375,3.6391,68.558,112.33,1127.07,9.4502,18.8003,4.0428,8.0879,1.4729,53.491,3.6701,3.9725,62.22,8.8168,1.3613,33.26,4.8544,30.536,13.182,106.83
2018-07-17,27.34,1.3505,1.6706,3.8679,1.3157,0.99496,6.6904,22.102,6.3671,117.55,0.85419,0.75788,7.849,6.3137,276.2,14370,3.6315,68.455,112.59,1127.3,9.4567,18.94,4.0375,8.1041,1.4684,53.383,3.6736,3.982,62.509,8.7984,1.3617,33.27,4.8358,30.55,13.2721,106.43
2018-07-18,27.518,1.3603,1.6844,3.8588,1.3254,1.0,6.7214,22.266,6.4201,117.98,0.86125,0.76753,7.8495,6.3671,278.99,14405,3.6444,68.628,112.76,1134.22,9.4957,19.0147,4.054,8.1839,1.4792,53.538,3.7123,4.01,63.136,8.8812,1.3679,33.36,4.8334,30.64,13.3546,107.14
2018-07-19,27.625,1.3638,1.6878,3.8725,1.3247,1.0029,6.7788,22.368,6.4323,118.15,0.86296,0.77061,7.8498,6.3806,281.13,14475,3.6584,69.054,113.03,1139.7,9.511,19.0775,4.0759,8.264,1.4868,53.659,3.7349,4.0192,63.478,8.9373,1.3729,33.48,4.8289,30.715,13.4625,107.35
2018-07-20,27.73,1.3554,1.6759,3.8015,1.3233,0.99683,6.7875,22.172,6.3856,117.87,0.8569,0.76645,7.8489,6.3373,279.03,14518,3.6382,68.826,112.2,1133.43,9.4716,18.9863,4.0662,8.2181,1.4782,53.378,3.7043,3.9865,63.456,8.9039,1.3676,33.43,4.7883,30.656,13.459,106.26
2018-07-23,27.58,1.3504,1.6693,3.783,1.3133,0.99129,6.7863,22.062,6.3596,117.57,0.85353,0.7611,7.8481,6.3143,278.27,14490,3.6376,68.855,111.11,1134.3,9.4379,19.097,4.063,8.1541,1.4684,53.425,3.6873,3.9659,63.093,8.833,1.3639,33.43,4.7477,30.653,13.5033,106.35
2018-07-24,27.616,1.3495,1.6708,3.7745,1.315,0.99317,6.7966,22.007,6.3646,117.62,0.85426,0.76181,7.8461,6.3194,279.04,14499,3.6485,68.948,111.11,1128.35,9.4427,18.8322,4.062,8.1672,1.4686,53.277,3.6886,3.9636,62.74,8.8227,1.364,33.36,4.8739,30.618,13.33,106.44
2018-07-25,27.485,1.3487,1.6731,3.7245,1.3123,0.99213,6.7619,21.963,6.3741,117.68,0.85543,0.76009,7.8455,6.3319,278.8,14444,3.6394,68.743,111.04,1122.73,9.4458,18.7707,4.0555,8.1681,1.469,53.286,3.678,3.9585,62.944,8.8045,1.3628,33.27,4.8386,30.556,13.2101,106.24
2018-07-26,27.375,1.3479,1.6693,3.7148,1.3048,0.99146,6.7825,21.891,6.3603,117.55,0.85353,0.75845,7.8482,6.3183,276.91,14455,3.6355,68.667,110.88,1119.68,9.4335,18.6941,4.0628,8.1474,1.4669,53.396,3.6561,3.9534,63.039,8.769,1.3608,33.32,4.8185,30.545,13.1921,104.3
2018-07-27,27.398,1.3561,1.6824,3.7395,1.3069,0.99759,6.8348,22.04,6.4086,117.91,0.86022,0.76407,7.8487,6.3663,277.98,14417,3.6698,68.685,111.18,1118.43,9.4827,18.6417,4.0645,8.2028,1.4778,53.315,3.6919,3.9819,63.011,8.8611,1.3643,33.46,4.88,30.626,13.2445,105.63
2018-07-30,27.331,1.3518,1.6739,3.7088,1.3048,0.99264,6.8223,21.931,6.3756,117.77,0.85587,0.76232,7.848,6.3339,275.61,14391,3.6648,68.641,111.08,1117.76,9.4554,18.5861,4.0575,8.1556,1.4691,53.162,3.6608,3.9574,62.461,8.7729,1.362,33.3,4.8851,30.588,13.181,105.1
2018-07-31,27.23,1.3466,1.6665,3.7336,1.3035,0.98773,6.8318,21.812,6.3479,117.57,0.85208,0.76022,7.8488,6.3071,273.03,14420,3.6658,68.541,111.49,1118.6,9.4252,18.56,4.0585,8.1236,1.4667,53.1,3.6443,3.9413,62.381,8.7398,1.3613,33.24,4.884,30.633,13.0944,104.64
2018-08-01,27.421,1.3481,1.6722,3.7644,1.3022,0.99085,6.7988,21.879,6.3709,117.78,0.85499,0.76129,7.8494,6.3287,274.76,14440,3.6737,68.374,111.84,1117.82,9.4366,18.6423,4.066,8.1549,1.4695,52.958,3.6525,3.9535,62.814,8.806,1.3613,33.11,4.9294,30.595,13.2648,105.51
2018-08-02,27.5,1.3584,1.6836,3.7795,1.3036,0.99423,6.845,22.027,6.4143,118.03,0.86081,0.76737,7.8493,6.3758,277.03,14475,3.6886,68.686,111.41,1130.0,9.4759,18.7587,4.076,8.2173,1.4809,53.103,3.686,3.9793,63.254,8.8666,1.3667,33.305,5.0547,30.733,13.4474,106.74
2018-08-03,27.444,1.3539,1.6878,3.7447,1.3018,0.99482,6.8342,22.141,6.4313,118.11,0.86296,0.76847,7.8491,6.3918,276.79,14463,3.6933,68.616,111.58,1124.54,9.4648,18.6659,4.0701,8.2335,1.4817,53.075,3.6773,3.9871,63.294,8.9052,1.3668,33.265,5.0878,30.627,13.3646,106.66
2018-08-06,27.292,1.354,1.6944,3.7068,1.3023,0.9974,6.8497,22.221,6.4559,118.31,0.86633,0.77346,7.8493,6.4264,277.69,14470,3.7065,68.864,111.48,1125.59,9.4803,18.581,4.0795,8.2583,1.4861,52.877,3.7019,4.0087,63.645,8.9266,1.3687,33.35,5.1656,30.642,13.4252,107.25
2018-08-07,27.324,1.3445,1.6857,3.7107,1.2969,0.99379,6.8239,22.07,6.423,118.13,0.86192,0.77127,7.8491,6.3934,275.76,14430,3.6846,68.682,111.08,1119.95,9.4389,18.4115,4.0765,8.1885,1.4817,52.818,3.6651,4.0022,63.424,8.8989,1.3637,33.2,5.2963,30.536,13.2886,106.71
2018-08-08,27.388,1.3502,1.6876,3.7564,1.308,0.99612,6.8367,22.071,6.4314,118.17,0.86289,0.77733,7.8498,6.413,275.49,14435,3.6844,68.625,111.07,1120.53,9.4485,18.5063,4.0718,8.2236,1.4843,53.038,3.6756,4.0064,64.77,8.9635,1.3646,33.22,5.2858,30.609,13.4271,107.0
2018-08-09,27.623,1.3479,1.6871,3.7901,1.3035,0.99301,6.819,22.056,6.432,118.19,0.86259,0.77581,7.8498,6.4162,276.2,14410,3.6845,68.647,111.14,1119.67,9.4494,18.5845,4.0755,8.2328,1.5027,53.031,3.6866,4.0103,66.002,8.9601,1.3633,33.175,5.4032,30.659,13.4952,107.31
2018-08-10,28.085,1.3683,1.7072,3.8324,1.3095,0.99433,6.8495,22.377,6.507,118.69,0.87291,0.78278,7.8499,6.4886,281.75,14476,3.7085,68.83,110.92,1129.14,9.5214,18.901,4.086,8.3214,1.5158,53.101,3.7457,4.0663,67.048,9.1007,1.3712,33.27,6.05,30.738,13.9029,108.76
2018-08-13,29.235,1.3742,1.7152,3.9072,1.3151,0.9943,6.8874,22.499,6.5365,118.97,0.87696,0.78339,7.8498,6.5132,284.05,14595,3.7031,70.017,110.59,1135.2,9.5456,19.2011,4.0925,8.357,1.5202,53.462,3.7679,4.0856,67.948,9.1286,1.3759,33.385,6.8974,30.841,14.3665,108.92
2018-08-14,29.937,1.3761,1.7147,3.8702,1.3071,0.99053,6.8813,22.525,6.5356,118.96,0.87673,0.78292,7.85,6.5096,282.96,14580,3.6916,69.904,110.84,1128.0,9.5454,18.983,4.0877,8.3531,1.5147,53.49,3.7693,4.0825,66.503,9.0933,1.3738,33.275,6.5126,30.809,14.1894,108.71
2018-08-15,29.759,1.3841,1.7276,3.9099,1.3102,0.99717,6.9162,22.706,6.5872,119.25,0.88331,0.7873,7.8499,6.5558,287.02,14600,3.6931,69.927,111.01,1135.49,9.5866,19.145,4.1035,8.4364,1.5252,53.61,3.8233,4.1121,67.121,9.1894,1.3804,33.365,6.128,30.864,14.6373,109.71
2018-08-16,29.875,1.3762,1.7201,3.8899,1.3142,0.99376,6.895,22.605,6.5588,119.08,0.87951,0.78714,7.8496,6.5281,285.41,14610,3.6898,70.191,110.84,1129.78,9.5742,19.0827,4.0976,8.4547,1.5186,53.443,3.7944,4.0988,67.067,9.2052,1.3763,33.265,5.8371,30.82,14.5853,108.71
2018-08-17,29.725,1.3756,1.717,3.9506,1.3147,0.99535,6.8844,22.587,6.5471,119.0,0.87789,0.78637,7.8494,6.5161,284.33,14638,3.6709,70.161,110.39,1125.78,9.55,19.123,4.1095,8.4975,1.5147,53.442,3.785,4.0873,67.437,9.2121,1.374,33.245,6.17,30.802,14.9211,107.8
2018-08-20,29.863,1.3687,1.7126,3.9245,1.3071,0.99527,6.8609,22.51,6.5313,118.86,0.87566,0.78352,7.8498,6.4947,283.3,14590,3.6615,69.825,110.55,1122.32,9.5379,18.9405,4.1005,8.4694,1.5109,53.374,3.7686,4.0709,67.184,9.1872,1.3717,33.035,6.1176,30.78,14.585,107.71
2018-08-21,29.859,1.3612,1.7004,3.9665,1.3022,0.9887,6.8465,22.376,6.4844,118.5,0.86941,0.78021,7.8499,6.4506,281.19,14595,3.6562,69.814,110.42,1119.62,9.4953,18.9358,4.1005,8.4377,1.5024,53.444,3.7455,4.0354,67.547,9.1391,1.3681,32.73,6.143,30.727,14.445,107.98
2018-08-22,29.987,1.3589,1.6837,4.0386,1.3022,0.98149,6.8414,22.146,6.4211,118.08,0.86088,0.77417,7.8499,6.3959,278.01,14580,3.6355,69.895,110.26,1118.24,9.4238,18.8378,4.1025,8.334,1.491,53.399,3.6864,4.0018,67.95,9.0457,1.3654,32.73,6.0323,30.72,14.2737,107.44
2018-08-23,30.234,1.3721,1.6891,4.057,1.3031,0.98307,6.8782,22.207,6.4418,118.3,0.86363,0.77622,7.85,6.4231,279.66,14630,3.6361,70.11,110.81,1122.51,9.4551,18.7788,4.105,8.3326,1.4986,53.483,3.6948,4.0055,67.87,9.0839,1.3701,32.78,6.069,30.813,14.2245,107.95
2018-08-24,30.415,1.3693,1.6878,4.0883,1.3068,0.9836,6.8455,22.216,6.437,118.3,0.86296,0.77839,7.8499,6.4191,279.86,14628,3.6319,69.909,111.3,1115.3,9.4584,18.9153,4.0991,8.3654,1.5002,53.402,3.6924,4.0035,67.517,9.1338,1.3689,32.695,6.0583,30.706,14.25,107.87
2018-08-27,30.84,1.3656,1.6813,4.0923,1.3051,0.98238,6.8251,22.13,6.4112,117.98,0.85962,0.7768,7.8499,6.3934,278.41,14627,3.6346,70.162,111.03,1112.71,9.4218,18.7484,4.107,8.3373,1.497,53.294,3.6715,3.9906,67.291,9.1202,1.3654,32.605,6.1963,30.737,14.3096,107.11
2018-08-28,30.95,1.3599,1.6702,4.0913,1.2919,0.97583,6.8011,21.958,6.3684,117.64,0.85397,0.77438,7.8499,6.3471,276.51,14622,3.6235,70.111,111.04,1105.61,9.3898,18.7447,4.0965,8.3043,1.4897,53.277,3.6484,3.9679,67.526,9.1061,1.3617,32.535,6.261,30.681,14.1669,106.49
2018-08-29,31.472,1.3713,1.6774,4.1553,1.2944,0.97642,6.829,22.08,6.3955,117.82,0.85763,0.77616,7.8494,6.3782,278.41,14655,3.6391,70.617,111.26,1114.3,9.4114,19.1467,4.1232,8.3598,1.4934,53.495,3.6739,3.9809,68.103,9.1701,1.3672,32.71,6.4525,30.733,14.4233,107.12
2018-08-30,34.0,1.3697,1.6728,4.1243,1.2929,0.96981,6.8326,22.023,6.3777,117.69,0.85529,0.76769,7.8492,6.3638,279.1,14690,3.611,70.749,111.46,1109.76,9.394,19.0181,4.1095,8.3134,1.4997,53.483,3.6676,3.9717,67.757,9.1037,1.3657,32.705,6.7191,30.7,14.5484,107.0
2018-08-31,38.735,1.3843,1.6787,4.1705,1.3039,0.96824,6.8375,22.088,6.3993,117.85,0.8583,0.77023,7.8494,6.384,280.02,14788,3.6043,70.998,110.76,1117.42,9.415,19.1941,4.117,8.3382,1.5071,53.487,3.6832,3.9857,67.889,9.1155,1.3703,32.765,6.5562,30.714,14.7393,107.03
2018-09-03,36.9,1.3876,1.6847,4.1226,1.3072,0.97063,6.8239,22.18,6.4205,118.04,0.8614,0.77662,7.8499,6.4026,281.32,14894,3.6172,71.212,111.15,1112.1,9.4282,19.2161,4.1268,8.3573,1.5131,53.528,3.6999,3.9916,68.122,9.1141,1.3718,32.745,6.6417,30.75,14.881,107.76
2018-09-04,38.075,1.3917,1.6916,4.1825,1.3176,0.97397,6.8396,22.252,6.4475,118.32,0.8649,0.77891,7.8497,6.4265,283.26,14935,3.6231,71.588,111.23,1117.57,9.4568,19.4214,4.1395,8.4043,1.5265,53.581,3.7231,4.0069,68.352,9.1373,1.3761,32.825,6.676,30.808,15.2393,109.06
2018-09-05,38.982,1.3939,1.6887,4.1758,1.3178,0.97462,6.832,22.229,6.4375,118.27,0.86341,0.7799,7.8495,6.4151,283.03,14935,3.6172,71.749,111.53,1122.22,9.428,19.5648,4.152,8.4169,1.5228,53.767,3.7342,4.0043,68.404,9.101,1.3784,32.84,6.669,30.819,15.5332,109.65
2018-09-06,38.62,1.3894,1.6811,4.1188,1.3184,0.96914,6.8292,22.103,6.4094,118.08,0.85955,0.77208,7.8498,6.39,280.63,14891,3.5848,71.961,111.35,1121.51,9.4189,19.2238,4.1362,8.403,1.5156,53.801,3.7118,3.987,68.399,9.1033,1.3753,32.775,6.5568,30.768,15.32,109.85
2018-09-07,37.42,1.3964,1.6839,4.0594,1.3119,0.96573,6.8425,22.124,6.421,118.14,0.86096,0.76862,7.8498,6.3929,279.51,14820,3.5848,71.735,110.84,1122.75,9.4228,19.1416,4.1468,8.4154,1.5193,53.769,3.7091,3.996,69.462,9.0541,1.3755,32.785,6.4375,30.77,15.1124,111.49
2018-09-10,37.097,1.405,1.6903,4.0735,1.3195,0.97373,6.8631,22.166,6.4453,118.3,0.86423,0.7721,7.8499,6.4128,280.94,14854,3.5866,72.457,111.09,1129.11,9.4329,19.287,4.1501,8.3856,1.5302,53.925,3.7308,4.0021,70.236,9.047,1.3798,32.855,6.4612,30.843,15.17,111.92
2018-09-11,37.462,1.4092,1.6898,4.1482,1.316,0.97425,6.8688,22.158,6.445,118.41,0.86401,0.76955,7.8495,6.4114,280.6,14870,3.583,72.663,111.3,1128.51,9.4439,19.3105,4.151,8.3627,1.5356,53.998,3.7233,4.0023,70.2,9.0591,1.3777,32.84,6.476,30.833,15.0922,113.62
2018-09-12,37.95,1.4042,1.6882,4.1311,1.3066,0.97341,6.8699,22.089,6.4388,118.39,0.86319,0.76848,7.8493,6.4178,281.17,14825,3.5843,72.223,111.46,1128.5,9.4365,19.142,4.1465,8.3149,1.5341,54.07,3.7202,4.0035,69.193,9.041,1.3763,32.785,6.3687,30.796,15.0512,114.03
2018-09-13,38.337,1.3913,1.6831,4.1492,1.3005,0.96945,6.8453,21.962,6.4196,118.23,0.86059,0.76592,7.8489,6.3993,279.78,14802,3.5759,72.031,111.6,1121.24,9.4107,18.9621,4.1445,8.2384,1.5269,54.057,3.709,3.9921,68.358,8.9897,1.3716,32.62,6.2021,30.787,14.7629,112.82
2018-09-14,39.707,1.3911,1.6732,4.1852,1.3009,0.9645,6.8543,21.792,6.3817,117.95,0.85551,0.76335,7.8471,6.3592,276.87,14805,3.5673,71.82,111.86,1118.94,9.3852,18.804,4.1385,8.2338,1.5209,54.05,3.6829,3.9753,67.758,9.0222,1.3698,32.57,6.1146,30.768,14.8292,110.02
2018-09-17,39.947,1.393,1.6758,4.1935,1.3018,0.96273,6.8665,21.812,6.3914,118.04,0.85682,0.7615,7.8467,6.366,278.04,14867,3.5872,72.522,112.06,1124.97,9.3964,18.8253,4.1385,8.193,1.5202,54.161,3.6805,3.9783,68.041,8.9561,1.3724,32.62,6.2833,30.773,14.97,109.5
2018-09-18,39.54,1.3887,1.6721,4.1447,1.3026,0.96136,6.8665,21.756,6.3779,117.79,0.85492,0.76056,7.8443,6.3516,276.84,14858,3.5813,72.976,112.17,1124.31,9.3816,18.8655,4.1425,8.1622,1.5177,54.126,3.6768,3.9747,67.681,8.9065,1.3705,32.565,6.4164,30.814,14.9251,109.09
2018-09-19,39.766,1.3807,1.6764,4.1641,1.2973,0.96889,6.8555,21.8,6.3938,118.04,0.85712,0.76123,7.8439,6.3671,277.18,14875,3.5806,72.384,112.23,1121.76,9.3909,18.7435,4.143,8.1829,1.5157,54.018,3.6814,3.9876,66.914,8.9036,1.3708,32.46,6.2772,30.8,14.6571,110.05
2018-09-20,39.326,1.3729,1.6618,4.1116,1.2893,0.96117,6.845,21.718,6.338,117.67,0.84969,0.75274,7.8437,6.3102,275.09,14845,3.5731,72.011,112.14,1118.72,9.3452,18.7127,4.1375,8.1473,1.4991,53.901,3.6473,3.9549,66.333,8.7815,1.3649,32.335,6.3149,30.738,14.47,110.12
2018-09-21,38.21,1.3738,1.6632,4.0752,1.2924,0.95484,6.8461,21.758,6.3438,117.52,0.85041,0.76027,7.8102,6.3167,275.58,14818,3.5754,72.192,112.63,1116.1,9.3498,18.8902,4.13,8.1464,1.4972,54.135,3.6522,3.9613,66.767,8.786,1.3642,32.435,6.2875,30.615,14.365,110.04
2018-09-24,37.165,1.3749,1.6613,4.062,1.2937,0.95897,6.8571,21.757,6.3363,117.66,0.8494,0.75986,7.8095,6.3081,274.77,14875,3.5742,72.683,112.6,1117.06,9.332,18.844,4.129,8.1282,1.4993,54.226,3.6532,3.9564,65.892,8.7967,1.3642,32.395,6.2085,30.678,14.2352,110.25
2018-09-25,37.289,1.3784,1.6607,4.1209,1.2959,0.96595,6.8742,21.748,6.3341,117.54,0.84911,0.75932,7.8096,6.3076,275.18,14920,3.5798,72.693,112.75,1118.24,9.3495,18.9947,4.1328,8.1271,1.5026,54.342,3.6452,3.9584,65.687,8.7896,1.3656,32.43,6.141,30.686,14.375,110.98
2018-09-26,38.234,1.3804,1.6664,4.0884,1.2962,0.96865,6.8744,21.816,6.3546,117.68,0.85201,0.75897,7.8109,6.3283,275.92,14937,3.5884,72.608,112.98,1115.44,9.3641,19.0321,4.141,8.1337,1.5053,54.297,3.6488,3.9713,65.952,8.8407,1.3655,32.46,6.1191,30.68,14.299,109.82
2018-09-27,38.525,1.3838,1.6706,4.0395,1.307,0.9713,6.8805,21.965,6.3715,117.78,0.85419,0.76,7.814,6.3482,276.5,14906,3.6037,72.589,112.88,1112.0,9.3756,18.8682,4.1341,8.1161,1.5066,54.119,3.6541,3.9892,65.688,8.8159,1.3647,32.425,6.0148,30.561,14.1071,109.93
2018-09-28,39.845,1.3863,1.6895,4.02,1.3013,0.97754,6.8817,22.228,6.4413,118.25,0.86386,0.7665,7.8247,6.4224,280.21,14902,3.6384,72.495,113.36,1110.7,9.4496,18.8148,4.137,8.1777,1.5122,54.119,3.6951,4.0289,65.776,8.9055,1.3683,32.35,6.0168,30.488,14.2059,111.18
2018-10-01,41.325,1.3846,1.6852,4.0383,1.281,0.98346,6.8689,22.2,6.424,118.14,0.86162,0.76752,7.8277,6.4044,278.34,14910,3.6404,72.911,113.95,1111.63,9.4308,18.5792,4.14,8.1393,1.514,54.052,3.6874,4.0156,65.589,8.9006,1.3702,32.24,5.9521,30.523,14.1587,111.41
2018-10-02,39.475,1.3931,1.6944,3.9853,1.2817,0.98363,6.8688,22.341,6.4594,118.38,0.86633,0.7714,7.8352,6.4382,280.23,15045,3.6471,73.378,113.89,1118.01,9.4463,18.7672,4.1415,8.1775,1.5181,54.301,3.7171,4.0432,65.368,8.9938,1.3742,32.37,6.0139,30.643,14.382,112.36
2018-10-03,38.075,1.3982,1.6936,3.874,1.2833,0.98822,6.8688,22.323,6.4571,118.41,0.86595,0.76979,7.8367,6.4314,279.59,15069,3.6376,73.363,113.85,1119.93,9.4256,18.7755,4.14,8.1783,1.5255,54.275,3.7198,4.0395,65.623,8.9881,1.376,32.385,6.0667,30.707,14.3775,113.35
2018-10-04,37.75,1.4114,1.7004,3.9224,1.2867,0.99191,6.8689,22.413,6.483,118.55,0.86941,0.77013,7.8346,6.4545,282.06,15170,3.6395,73.579,114.16,1128.73,9.4668,19.0489,4.147,8.2284,1.5394,54.323,3.7447,4.0622,66.64,9.0432,1.3798,32.635,6.1315,30.822,14.6768,113.81
2018-10-05,38.331,1.414,1.6998,3.8429,1.2917,0.99366,6.8689,22.373,6.4826,118.56,0.86911,0.76625,7.8339,6.451,282.1,15180,3.6313,73.77,113.88,1128.32,9.4818,19.0162,4.15,8.2681,1.5456,54.28,3.7411,4.0594,66.636,9.0768,1.381,32.805,6.1675,30.896,14.7535,113.94
2018-10-08,37.84,1.4151,1.704,3.7544,1.2994,0.99286,6.9265,22.423,6.4993,118.84,0.87123,0.76677,7.8301,6.4667,283.1,15218,3.6248,74.063,113.36,1136.76,9.4829,18.85,4.1545,8.2839,1.5504,54.061,3.7534,4.0665,66.83,9.1012,1.3847,32.955,6.1364,30.969,14.8641,114.65
2018-10-09,37.5,1.417,1.7104,3.7702,1.2996,0.99528,6.9248,22.567,6.5231,118.82,0.87451,0.76677,7.8347,6.4889,284.47,15292,3.6394,74.403,113.21,1137.75,9.5168,18.9969,4.1575,8.3004,1.5552,54.243,3.7739,4.0818,66.781,9.1338,1.3869,33.1,6.1376,31.035,15.0261,115.44
2018-10-10,37.35,1.4092,1.7007,3.7298,1.2963,0.99235,6.9236,22.441,6.487,118.54,0.86957,0.76042,7.837,6.4435,282.65,15203,3.6267,74.226,113.24,1137.17,9.4814,19.0817,4.153,8.2146,1.5471,54.18,3.7475,4.0557,66.246,9.113,1.383,32.925,6.077,31.016,14.6298,116.17
2018-10-11,37.18,1.4094,1.6897,3.7382,1.3047,0.98747,6.9099,22.331,6.4452,118.32,0.86393,0.75585,7.8378,6.4078,280.75,15235,3.6358,74.091,112.31,1140.99,9.4095,19.0937,4.159,8.2128,1.5423,54.03,3.7293,4.0322,66.454,8.9952,1.3796,32.755,5.9958,31.046,14.5968,116.11
2018-10-12,36.6,1.4028,1.6898,3.783,1.3007,0.99101,6.9158,22.271,6.4457,118.31,0.86401,0.75721,7.8362,6.4036,280.07,15205,3.6288,73.561,112.31,1131.17,9.4399,18.8725,4.1545,8.18,1.5352,54.07,3.7097,4.0274,65.924,8.9505,1.3765,32.73,5.877,30.851,14.4289,116.12
2018-10-15,36.695,1.4015,1.6888,3.756,1.3026,0.98679,6.9195,22.276,6.4424,118.43,0.86348,0.76025,7.8376,6.4014,279.29,15210,3.6276,73.802,111.85,1129.1,9.4349,18.8403,4.156,8.1684,1.5304,54.096,3.708,4.0301,65.559,8.9733,1.3768,32.675,5.7732,30.855,14.4313,116.22
2018-10-16,36.731,1.4018,1.6879,3.7125,1.2954,0.98766,6.9125,22.284,6.439,118.37,0.86304,0.75596,7.8369,6.401,277.95,15164,3.6442,73.462,112.13,1123.6,9.4357,18.7926,4.1497,8.1296,1.5193,53.837,3.7016,4.0287,65.428,8.9035,1.3744,32.565,5.7884,30.787,14.2456,117.2
2018-10-17,35.918,1.4042,1.6963,3.7372,1.2972,0.99332,6.9286,22.414,6.4704,118.42,0.8673,0.76275,7.8381,6.4324,279.75,15169,3.6493,73.625,112.25,1127.04,9.4621,18.8439,4.1527,8.1781,1.5232,53.93,3.7242,4.0467,65.612,8.9461,1.3761,32.56,5.7084,30.861,14.2646,118.99
2018-10-18,36.206,1.401,1.7,3.69,1.3046,0.99531,6.9392,22.48,6.4847,118.73,0.86919,0.76352,7.8394,6.4502,280.24,15193,3.6514,73.603,112.51,1135.64,9.4768,18.9605,4.1565,8.2223,1.523,54.009,3.7365,4.0576,65.628,8.9813,1.3788,32.605,5.5793,30.965,14.2637,118.9
2018-10-19,36.63,1.4006,1.7051,3.6933,1.3031,0.99573,6.9302,22.552,6.5044,118.74,0.87184,0.76739,7.8391,6.4773,281.78,15187,3.658,73.339,112.51,1130.0,9.4929,19.0854,4.157,8.2405,1.5152,53.71,3.7504,4.0684,65.599,9.0112,1.3775,32.57,5.6272,30.875,14.3417,117.26
2018-10-22,36.537,1.4081,1.7016,3.7054,1.3089,0.99669,6.9428,22.488,6.4906,118.61,0.87002,0.76931,7.8395,6.4664,281.12,15197,3.6574,73.56,112.78,1131.68,9.4802,19.2988,4.1584,8.238,1.5218,53.803,3.7328,4.0603,65.289,8.9882,1.3794,32.775,5.663,30.914,14.2901,117.63
2018-10-23,36.465,1.4151,1.704,3.6951,1.3109,0.9953,6.9361,22.49,6.4997,118.87,0.87123,0.76758,7.8402,6.4711,281.24,15190,3.6667,73.567,112.18,1137.66,9.4886,19.3823,4.1626,8.2813,1.5259,53.769,3.7428,4.066,65.369,9.0265,1.3785,32.85,5.7699,30.968,14.3543,118.75
2018-10-24,36.586,1.4107,1.7173,3.7052,1.3083,0.9986,6.9444,22.682,6.5505,119.06,0.87804,0.77472,7.8416,6.5215,283.8,15197,3.6814,73.167,112.71,1133.68,9.5315,19.3423,4.1665,8.3298,1.5285,53.742,3.7802,4.0908,65.299,9.0956,1.3806,32.91,5.7065,30.955,14.352,120.55
2018-10-25,37.03,1.4099,1.7132,3.7103,1.3046,0.99921,6.9443,22.627,6.5356,119.1,0.87596,0.77552,7.84,6.5101,283.73,15187,3.6863,73.274,112.36,1135.6,9.5184,19.4946,4.1695,8.3127,1.5306,53.682,3.7749,4.0861,65.573,9.1039,1.3791,32.91,5.6452,30.952,14.481,120.09
2018-10-26,36.78,1.4228,1.7239,3.7131,1.3148,1.0019,6.9459,22.794,6.5762,119.42,0.88145,0.78167,7.8405,6.5513,285.95,15207,3.7045,73.46,112.06,1144.26,9.553,19.5522,4.1867,8.3878,1.5456,53.66,3.8058,4.1081,65.85,9.1692,1.3843,33.115,5.6368,31.03,14.7194,120.85
2018-10-29,36.575,1.4112,1.7185,3.6228,1.3107,1.0003,6.9585,22.712,6.556,119.08,0.87866,0.78014,7.8438,6.5298,285.04,15219,3.7053,73.421,112.4,1139.93,9.5443,19.6494,4.177,8.3587,1.529,53.687,3.7942,4.0987,65.582,9.1301,1.3827,33.21,5.5448,30.966,14.4768,120.82
2018-10-30,37.025,1.4092,1.7198,3.7181,1.3138,1.0012,6.9647,22.749,6.5612,119.06,0.87935,0.78393,7.8464,6.5349,285.75,15214,3.7073,73.628,112.8,1139.56,9.5417,20.006,4.182,8.3921,1.5256,53.519,3.8082,4.1039,65.684,9.1629,1.384,33.31,5.5059,30.967,14.6228,121.09
2018-10-31,36.675,1.4112,1.728,3.7059,1.3126,1.0072,6.9743,22.903,6.5925,119.0,0.88355,0.78524,7.8448,6.567,287.24,15202,3.7214,73.98,113.23,1140.75,9.553,20.236,4.1845,8.4404,1.5305,53.429,3.8339,4.1211,65.742,9.1902,1.3868,33.164,5.5005,30.953,14.8385,121.66
2018-11-01,35.85,1.3918,1.7167,3.6933,1.3082,1.0032,6.9381,22.715,6.5482,118.81,0.87773,0.77392,7.8375,6.5268,283.47,15090,3.708,73.449,112.81,1128.5,9.5129,20.181,4.1845,8.3516,1.5088,53.227,3.7979,4.0937,65.685,9.0545,1.3781,32.94,5.5512,30.782,14.5722,121.04
2018-11-02,35.6,1.3874,1.7131,3.6967,1.31,1.0004,6.8943,22.582,6.5344,118.41,0.87589,0.76964,7.8296,6.516,281.7,14918,3.6927,72.445,112.89,1117.85,9.5011,20.005,4.159,8.3335,1.5025,53.16,3.784,4.0827,65.966,9.0324,1.3739,32.88,5.4777,30.598,14.34,120.96
2018-11-05,35.5,1.3899,1.7201,3.7162,1.3093,1.0059,6.9288,22.732,6.5608,118.69,0.87951,0.76988,7.8318,6.542,283.59,14976,3.7018,73.078,113.29,1124.6,9.5208,20.098,4.1755,8.3764,1.5026,53.223,3.793,4.0992,66.348,9.0825,1.3765,32.96,5.4339,30.727,14.3562,121.28
2018-11-06,35.62,1.3816,1.7114,3.7481,1.3122,1.0028,6.9142,22.605,6.5272,118.47,0.87504,0.76403,7.8325,6.5088,281.82,14802,3.687,72.961,113.15,1120.84,9.492,19.9282,4.1656,8.3521,1.4968,52.924,3.7704,4.0818,65.906,9.0541,1.3732,32.94,5.3593,30.716,14.2064,120.67
2018-11-07,35.525,1.3711,1.7026,3.7487,1.3075,0.99626,6.9144,22.53,6.4941,118.23,0.87055,0.76089,7.8293,6.4715,280.11,14580,3.6722,72.499,113.19,1119.74,9.4533,19.7031,4.1555,8.2988,1.4759,52.741,3.7381,4.0586,65.962,8.9939,1.3693,32.785,5.3414,30.673,13.9476,120.22
2018-11-08,35.63,1.3715,1.712,3.7309,1.3106,1.0028,6.9321,22.66,6.5298,118.42,0.87535,0.76298,7.8269,6.5052,281.37,14540,3.6721,72.409,113.71,1116.84,9.4738,19.8582,4.1634,8.3227,1.4739,52.791,3.7566,4.0793,66.379,8.9748,1.3711,32.91,5.4207,30.669,13.9697,121.06
2018-11-09,35.495,1.3805,1.7238,3.7493,1.3193,1.006,6.9498,22.859,6.5745,118.61,0.88137,0.76726,7.8303,6.5486,283.19,14685,3.6762,72.501,113.93,1127.07,9.5237,20.271,4.1776,8.4098,1.482,53.108,3.7793,4.1045,67.361,9.0471,1.3773,33.01,5.4875,30.757,14.2679,122.07
2018-11-12,35.38,1.3869,1.7362,3.7476,1.3203,1.0091,6.9638,23.029,6.622,118.92,0.88771,0.7773,7.8333,6.593,285.59,14807,3.6771,72.889,113.8,1136.37,9.561,20.273,4.184,8.4668,1.4824,53.238,3.8143,4.1345,67.625,9.1172,1.3813,33.11,5.44,30.867,14.3676,122.95
2018-11-13,35.545,1.3878,1.7368,3.7722,1.3221,1.0095,6.958,23.034,6.6258,119.01,0.88802,0.77209,7.8289,6.5925,286.73,14823,3.6935,72.676,113.95,1134.19,9.5466,20.438,4.194,8.4862,1.4816,53.179,3.8178,4.1392,67.666,9.083,1.3817,33.015,5.493,30.908,14.4307,123.79
2018-11-14,36.025,1.3861,1.7314,3.7979,1.3223,1.0088,6.9532,23.012,6.606,118.6,0.88527,0.77061,7.8322,6.5714,285.66,14766,3.6943,72.3,113.88,1132.15,9.5239,20.432,4.2023,8.4977,1.4741,53.106,3.7988,4.1254,67.582,9.0904,1.38,32.97,5.4643,30.888,14.3436,124.11
2018-11-15,35.9,1.3767,1.73,3.7835,1.3223,1.0053,6.9392,22.985,6.6008,118.42,0.88456,0.78169,7.8335,6.5697,284.82,14683,3.6954,71.977,113.37,1130.46,9.5307,20.403,4.1891,8.4943,1.4685,52.732,3.7977,4.1265,66.559,9.0715,1.3773,32.975,5.4,30.854,14.2625,124.19
2018-11-16,36.1,1.377,1.7238,3.7604,1.3181,1.0075,6.9504,22.902,6.5766,118.42,0.88137,0.77869,7.8325,6.5468,283.74,14611,3.7079,71.893,113.14,1131.5,9.5149,20.322,4.192,8.4715,1.4677,52.77,3.8035,4.1114,66.018,9.0446,1.376,32.95,5.3547,30.881,14.2063,123.57
2018-11-19,35.925,1.3704,1.7116,3.7549,1.3175,0.99685,6.944,22.765,6.5306,117.99,0.87512,0.77958,7.8315,6.498,281.48,14590,3.7077,71.655,112.79,1126.83,9.4713,20.273,4.1873,8.4443,1.465,52.525,3.7887,4.0838,65.886,8.9975,1.3725,32.925,5.315,30.902,14.0126,123.22
2018-11-20,36.15,1.3757,1.7125,3.7579,1.3196,0.99186,6.9433,22.793,6.5342,118.29,0.87558,0.77846,7.8316,6.5035,281.28,14598,3.719,71.491,112.37,1127.71,9.4747,20.404,4.1855,8.5049,1.4607,52.411,3.7805,4.0866,65.672,9.0301,1.3725,32.97,5.3588,30.911,14.0644,123.28
2018-11-21,36.256,1.3783,1.7143,3.7919,1.3274,0.99404,6.935,22.791,6.5402,118.55,0.8765,0.78103,7.8325,6.514,281.91,14598,3.7342,71.303,113.1,1128.11,9.4808,20.263,4.184,8.5275,1.4625,52.233,3.7685,4.0873,65.822,9.0405,1.3729,32.95,5.3368,30.848,13.9381,123.76
2018-11-22,36.285,1.3787,1.7152,3.8032,1.3219,0.99544,6.9326,22.792,6.5435,118.39,0.87696,0.77697,7.8312,6.5145,281.96,14544,3.735,70.683,112.95,1129.1,9.4834,20.228,4.192,8.5414,1.4684,52.398,3.7713,4.086,65.549,9.0358,1.3726,32.98,5.2912,30.887,13.772,123.83
2018-11-23,36.55,1.3837,1.7229,3.8059,1.323,0.99683,6.9473,22.863,6.5731,118.76,0.8809,0.77942,7.8257,6.5472,283.68,14531,3.7362,70.648,112.82,1132.09,9.508,20.347,4.1962,8.5769,1.4752,52.393,3.7834,4.103,65.813,9.0771,1.3746,33.08,5.2847,30.927,13.8748,123.68
2018-11-26,37.533,1.3785,1.7212,3.8553,1.321,0.99727,6.9409,22.809,6.5662,118.55,0.88005,0.77832,7.8242,6.5392,284.17,14475,3.732,70.879,113.26,1128.1,9.5022,20.427,4.188,8.562,1.4705,52.415,3.7772,4.1,67.151,9.0583,1.3732,33.04,5.2327,30.857,13.8451,124.09
2018-11-27,38.855,1.3799,1.7265,3.8852,1.3257,0.99832,6.9481,22.876,6.587,118.89,0.88277,0.78344,7.8283,6.5568,286.07,14487,3.7266,70.763,113.58,1129.21,9.5198,20.461,4.193,8.5915,1.4695,52.471,3.7873,4.1122,66.773,9.0769,1.3755,32.99,5.236,30.878,13.7994,124.47
2018-11-28,38.409,1.382,1.7333,3.862,1.3325,0.99903,6.9536,22.98,6.6125,118.88,0.88621,0.78204,7.8277,6.572,287.46,14536,3.7324,70.58,113.85,1128.26,9.5427,20.434,4.1978,8.6038,1.4723,52.598,3.8065,4.1289,67.272,9.0876,1.3779,33.019,5.2524,30.868,13.9394,125.49
2018-11-29,38.425,1.3634,1.7176,3.8524,1.3276,0.99447,6.9433,22.804,6.5533,118.58,0.87819,0.78278,7.8228,6.5127,284.03,14344,3.7111,69.849,113.28,1120.2,9.4885,20.213,4.178,8.5464,1.4554,52.407,3.7689,4.0863,66.341,9.0603,1.3702,32.935,5.1591,30.802,13.628,124.97
2018-11-30,37.739,1.3703,1.7218,3.8598,1.3308,0.99833,6.9458,22.851,6.5694,118.51,0.88036,0.78412,7.8221,6.5195,284.9,14302,3.7122,69.621,113.56,1121.61,9.5072,20.328,4.1845,8.5747,1.4575,52.413,3.7767,4.1023,66.972,9.0849,1.3717,32.88,5.1724,30.827,13.7563,122.72
2018-12-03,37.733,1.3549,1.7259,3.827,1.3176,0.99921,6.8897,22.874,6.5851,118.65,0.88246,0.78671,7.8199,6.5335,284.82,14285,3.719,70.412,113.57,1112.28,9.4984,20.043,4.154,8.5504,1.4451,52.427,3.7777,4.1069,66.575,9.0324,1.367,32.785,5.2471,30.722,13.6855,123.01
2018-12-04,36.555,1.3543,1.7143,3.8252,1.3175,0.99465,6.8355,22.702,6.541,118.46,0.8765,0.78059,7.8071,6.4874,283.29,14290,3.7284,70.532,112.79,1105.3,9.4781,20.34,4.1475,8.4559,1.438,52.621,3.7534,4.077,66.43,8.966,1.363,32.67,5.3497,30.669,13.6114,122.36
2018-12-05,37.825,1.3712,1.7226,3.8482,1.3278,0.99771,6.8564,22.799,6.573,118.57,0.88075,0.78285,7.8118,6.5166,284.91,14395,3.7249,70.521,113.01,1113.61,9.5063,20.458,4.154,8.4974,1.4442,52.737,3.7719,4.0979,66.794,8.9619,1.3669,32.755,5.3244,30.804,13.7719,122.78
2018-12-06,37.8,1.3871,1.723,3.9089,1.3416,0.99586,6.8927,22.809,6.5752,118.62,0.88098,0.78346,7.8116,6.5162,285.22,14520,3.7324,70.919,112.8,1121.51,9.5117,20.583,4.1645,8.548,1.4551,52.869,3.7777,4.1008,66.903,9.0173,1.3708,32.845,5.3693,30.864,14.0778,121.93
2018-12-07,37.65,1.3865,1.72,3.901,1.3394,0.99367,6.881,22.734,6.5642,118.49,0.87943,0.78344,7.8151,6.5001,284.5,14470,3.7415,70.803,112.88,1124.5,9.4971,20.354,4.166,8.5278,1.4562,52.818,3.7723,4.088,66.736,9.0287,1.3704,32.855,5.331,30.903,14.1301,122.68
2018-12-10,37.525,1.3866,1.7119,3.8971,1.332,0.98862,6.9118,22.64,6.533,118.44,0.87527,0.78989,7.8147,6.4656,282.84,14592,3.7323,72.411,112.73,1126.84,9.4699,20.247,4.1725,8.4801,1.4513,52.838,3.7568,4.0702,66.432,9.0442,1.3713,32.845,5.2953,30.895,14.3075,122.54
2018-12-11,37.65,1.3866,1.7188,3.9034,1.3392,0.98849,6.8985,22.713,6.5595,118.64,0.87881,0.79293,7.8156,6.4982,284.21,14610,3.7517,71.904,113.15,1128.54,9.4931,20.231,4.1845,8.5278,1.4523,52.737,3.7774,4.0915,66.37,9.0491,1.3724,32.795,5.3867,30.853,14.3161,123.21
2018-12-12,37.625,1.3866,1.7238,3.8675,1.337,0.99471,6.8883,22.797,6.5786,118.78,0.88137,0.79442,7.8171,6.5129,285.06,14597,3.7549,71.999,113.41,1128.7,9.5127,20.063,4.1898,8.5726,1.4607,52.63,3.7886,4.1046,66.32,9.1305,1.3729,32.78,5.3669,30.83,14.2319,123.39
2018-12-13,37.675,1.3833,1.72,3.8768,1.3361,0.99261,6.8812,22.715,6.5647,118.67,0.87943,0.79015,7.8096,6.5021,284.18,14507,3.7567,71.612,113.5,1124.4,9.5462,20.142,4.18,8.5646,1.4567,52.667,3.775,4.0907,66.361,9.0599,1.3708,32.71,5.3617,30.843,14.1788,123.47
2018-12-14,37.9,1.3959,1.7331,3.9104,1.3376,0.99725,6.9012,22.857,6.6155,119.03,0.88613,0.79606,7.8128,6.549,287.04,14621,3.7753,71.972,113.54,1134.4,9.6193,20.4,4.1864,8.6163,1.4721,53.15,3.8081,4.1257,66.66,9.0926,1.3765,32.81,5.3876,30.889,14.3718,124.41
2018-12-17,38.145,1.3933,1.7245,3.911,1.3393,0.99233,6.8973,22.75,6.5831,118.8,0.88176,0.79261,7.8145,6.5275,285.09,14575,3.7777,71.607,113.25,1130.6,9.5913,20.13,4.17,8.6269,1.4697,53.014,3.777,4.1046,66.595,9.0578,1.3745,32.8,5.375,30.835,14.3561,122.74
2018-12-18,38.275,1.3896,1.7191,3.8996,1.3403,0.99156,6.8959,22.636,6.5637,118.48,0.87897,0.78856,7.8207,6.5086,284.0,14479,3.763,70.537,112.38,1128.9,9.5685,20.066,4.182,8.6873,1.4552,53.081,3.7662,4.0843,66.949,9.0323,1.3703,32.765,5.3425,30.815,14.3365,122.18
2018-12-19,38.25,1.3923,1.7149,3.9031,1.3443,0.99325,6.899,22.591,6.5477,118.56,0.87681,0.79192,7.8247,6.505,283.12,14443,3.7558,70.25,112.33,1126.0,9.5426,20.056,4.179,8.7133,1.4581,53.078,3.7556,4.0907,67.553,9.0656,1.3698,32.715,5.3363,30.801,14.2571,121.7
2018-12-20,38.25,1.4016,1.708,3.8491,1.347,0.98952,6.8871,22.496,6.521,118.26,0.87329,0.78888,7.8271,6.4855,281.05,14448,3.7578,69.818,111.73,1121.9,9.5131,19.89,4.1812,8.6429,1.4745,53.11,3.7443,4.0672,67.675,8.9538,1.3691,32.67,5.2676,30.763,14.1996,119.55
2018-12-21,38.05,1.4089,1.7135,3.8636,1.3544,0.99106,6.906,22.652,6.542,118.51,0.87612,0.79039,7.8297,6.5022,282.08,14628,3.7712,70.124,111.25,1123.8,9.5308,19.936,4.171,8.7111,1.4828,53.045,3.7542,4.0642,68.521,9.0006,1.3703,32.65,5.3045,30.759,14.4343,117.49
2018-12-24,37.97,1.4188,1.7144,3.904,1.3592,0.99158,6.9013,22.717,6.5448,118.56,0.87658,0.78925,7.833,6.506,281.38,14589,3.7824,70.144,110.86,1125.18,9.5341,19.8589,4.1735,8.768,1.4879,52.96,3.756,4.0698,68.457,9.0663,1.3723,32.575,5.3015,30.814,14.628,116.76
2018-12-27,38.725,1.4205,1.7191,3.9365,1.3624,0.99139,6.8655,22.728,6.5634,118.5,0.87897,0.79171,7.8324,6.5153,282.64,14598,3.7819,70.268,110.87,1122.3,9.5668,19.8893,4.168,8.7631,1.4911,52.73,3.7747,4.0904,69.33,9.0292,1.3727,32.545,5.2797,30.816,14.5212,116.9
2018-12-28,38.15,1.4157,1.7075,3.8787,1.3621,0.98018,6.8778,22.506,6.5194,118.37,0.87306,0.78814,7.8327,6.4689,280.78,14527,3.7653,70.045,110.35,1116.95,9.5443,19.6918,4.1519,8.7077,1.4894,52.63,3.7566,4.0711,69.446,8.9727,1.3656,32.58,5.2733,30.679,14.3623,116.29
2018-12-31,37.668,1.4166,1.7081,3.8812,1.3629,0.98419,6.8778,22.466,6.5217,118.4,0.87336,0.78125,7.8319,6.4738,280.33,14410,3.753,69.633,109.91,1116.1,9.5661,19.6437,4.1325,8.6885,1.4896,52.5,3.7567,4.0729,69.62,8.9562,1.3617,32.36,5.2915,30.621,14.375,116.33
2019-01-02,37.75,1.4278,1.7161,3.8545,1.3641,0.98614,6.8584,22.595,6.5516,118.44,0.87742,0.79113,7.8349,6.5109,282.86,14463,3.7473,70.182,109.05,1121.8,9.5944,19.649,4.141,8.696,1.4959,52.552,3.7698,4.0888,69.631,8.9624,1.3648,32.295,5.3637,30.805,14.4841,117.05
2019-01-03,37.6,1.4352,1.7235,3.7728,1.3564,0.98863,6.8751,22.632,6.5805,118.8,0.88121,0.79584,7.8326,6.5496,284.11,14410,3.7385,70.152,107.69,1127.22,9.5469,19.5964,4.1435,8.734,1.5056,52.59,3.787,4.1117,68.965,9.0596,1.366,32.18,5.4854,30.912,14.465,117.73
2019-01-04,37.75,1.4197,1.7152,3.7612,1.3442,0.98711,6.8649,22.497,6.5491,118.46,0.87696,0.78916,7.8335,6.5189,281.9,14243,3.7113,69.659,108.04,1121.75,9.5209,19.5633,4.131,8.6511,1.4948,52.45,3.7672,4.0916,68.122,8.9854,1.3615,32.085,5.4115,30.87,14.1344,117.51
2019-01-07,37.4,1.4015,1.7089,3.695,1.3352,0.98095,6.852,22.343,6.5247,118.36,0.87374,0.78392,7.8355,6.491,280.57,14087,3.694,69.629,108.26,1119.4,9.4961,19.3272,4.1175,8.5643,1.4788,52.407,3.7491,4.0738,66.899,8.9327,1.357,31.985,5.3582,30.818,13.8614,118.13
2019-01-08,37.355,1.4023,1.7096,3.7241,1.3294,0.98182,6.8536,22.414,6.5265,118.24,0.87413,0.78447,7.8384,6.4944,281.6,14145,3.6986,70.14,108.79,1126.42,9.4997,19.3706,4.113,8.5446,1.488,52.497,3.7635,4.083,67.063,8.9034,1.3592,32.085,5.494,30.852,14.0179,118.97
2019-01-09,37.6,1.3952,1.7074,3.6879,1.3245,0.98036,6.829,22.374,6.5178,118.3,0.87298,0.78492,7.8384,6.4846,280.97,14125,3.6783,70.397,108.86,1121.05,9.4766,19.2938,4.1145,8.5262,1.476,52.28,3.751,4.0801,67.125,8.9278,1.356,32.005,5.5346,30.8,13.9796,119.51
2019-01-10,37.36,1.3898,1.6955,3.6802,1.3221,0.97755,6.7805,22.216,6.472,117.91,0.86693,0.7839,7.8382,6.4374,278.42,14079,3.6637,70.394,108.11,1117.5,9.4616,19.1834,4.0975,8.4519,1.4723,52.16,3.7242,4.0583,66.969,8.8689,1.351,31.905,5.4364,30.787,13.8475,118.86
2019-01-11,37.448,1.3847,1.6958,3.7153,1.322,0.98214,6.7564,22.202,6.4721,117.97,0.86708,0.7805,7.8407,6.4441,278.85,14087,3.6658,70.537,108.31,1117.8,9.4643,19.1416,4.09,8.4608,1.463,52.203,3.7261,4.0547,67.084,8.8735,1.3513,31.93,5.4647,30.785,13.8398,119.74
2019-01-14,37.125,1.3905,1.7056,3.7271,1.3278,0.98177,6.7668,22.291,6.509,118.24,0.87207,0.77843,7.8429,6.4816,280.22,14124,3.6579,70.829,108.08,1123.07,9.5261,19.1707,4.103,8.5348,1.4668,52.247,3.7434,4.0826,67.202,8.9381,1.354,31.94,5.515,30.884,13.8849,120.78
2019-01-15,37.065,1.3904,1.712,3.7089,1.3265,0.98617,6.7603,22.384,6.5334,118.41,0.87535,0.77928,7.8426,6.5008,282.56,14124,3.6677,71.105,108.56,1123.3,9.5245,19.0231,4.0936,8.5447,1.4668,52.1,3.7579,4.0994,67.115,8.9638,1.3545,31.9,5.4517,30.842,13.8198,121.24
2019-01-16,37.075,1.3938,1.7173,3.7116,1.3259,0.98946,6.7625,22.446,6.5539,118.45,0.87804,0.77786,7.8442,6.521,282.36,14150,3.6772,71.13,108.8,1122.45,9.55,18.999,4.1095,8.5484,1.4766,52.215,3.7648,4.1136,66.659,8.9989,1.3556,31.71,5.3706,30.849,13.705,121.61
2019-01-17,37.65,1.3948,1.7162,3.7626,1.3297,0.99263,6.7714,22.409,6.5505,118.39,0.8775,0.77448,7.8444,6.5175,280.86,14180,3.6881,71.06,108.77,1123.8,9.5456,18.9891,4.1135,8.5627,1.4825,52.516,3.7588,4.1146,66.602,9.0258,1.3559,31.745,5.3721,30.851,13.7715,120.74
2019-01-18,37.65,1.3901,1.7153,3.745,1.3273,0.99377,6.7787,22.435,6.547,118.37,0.87704,0.77289,7.8443,6.516,278.98,14202,3.6951,71.119,109.44,1121.5,9.537,19.0405,4.1242,8.5264,1.477,52.607,3.7652,4.1215,66.328,8.991,1.3562,31.715,5.3579,30.842,13.7859,120.86
2019-01-21,37.58,1.3984,1.7214,3.7716,1.3305,0.99833,6.7979,22.525,6.5709,118.69,0.88013,0.77718,7.8449,6.5365,279.63,14241,3.6981,71.229,109.66,1131.3,9.5667,19.1692,4.1184,8.5758,1.487,52.773,3.7767,4.1463,66.385,9.0226,1.3604,31.79,5.3395,30.89,13.8665,121.28
2019-01-22,37.85,1.4024,1.7226,3.7539,1.3324,0.99753,6.8081,22.558,6.5764,118.57,0.88075,0.77506,7.8466,6.5409,280.06,14233,3.691,71.385,109.43,1131.56,9.5668,19.1827,4.1362,8.5986,1.4871,52.894,3.772,4.1652,66.446,9.031,1.3609,31.82,5.3505,30.919,13.8907,120.66
2019-01-23,37.475,1.4018,1.7206,3.8043,1.3312,0.99718,6.7869,22.603,6.5688,118.66,0.87974,0.76725,7.8458,6.5422,279.86,14173,3.6839,71.303,109.7,1127.83,9.5606,19.1387,4.1375,8.583,1.4728,52.698,3.7729,4.1854,66.183,9.0129,1.3591,31.755,5.3084,30.886,13.8717,120.7
2019-01-24,37.6,1.4079,1.7245,3.78,1.3367,0.99489,6.7931,22.657,6.5831,118.64,0.88176,0.76788,7.8466,6.5564,280.77,14165,3.6835,71.122,109.72,1129.69,9.5863,19.0486,4.143,8.5776,1.4753,52.822,3.7811,4.2079,65.944,9.0682,1.3606,31.73,5.2813,30.89,13.7871,119.83
2019-01-25,37.25,1.4048,1.7238,3.7667,1.3315,0.99683,6.76,22.649,6.5806,118.61,0.88137,0.76309,7.846,6.5499,280.5,14085,3.6792,71.065,109.92,1120.1,9.5843,18.9097,4.1326,8.5532,1.4736,52.584,3.7819,4.2031,66.119,9.0763,1.3566,31.62,5.2711,30.787,13.6524,119.78
2019-01-28,37.05,1.3937,1.7129,3.7548,1.3238,0.99238,6.7435,22.531,6.5381,118.3,0.87581,0.76097,7.846,6.5049,278.1,14063,3.679,71.142,109.42,1118.6,9.5402,19.0287,4.1109,8.5234,1.4615,52.51,3.7538,4.1729,66.019,9.0649,1.3536,31.55,5.3016,30.781,13.6506,119.46
2019-01-29,37.119,1.3968,1.7123,3.7415,1.3257,0.99387,6.735,22.542,6.5356,118.24,0.8755,0.75937,7.8463,6.4991,277.72,14090,3.678,71.187,109.46,1118.3,9.5229,19.0116,4.1088,8.4954,1.4616,52.484,3.7626,4.1641,66.266,9.0622,1.3521,31.51,5.3112,30.826,13.6193,119.77
2019-01-30,37.723,1.3899,1.7113,3.7092,1.3222,0.99773,6.7169,22.576,6.5315,118.24,0.87497,0.76421,7.8451,6.4953,276.95,14130,3.6678,71.179,109.44,1118.19,9.5288,19.0962,4.1058,8.4818,1.4632,52.3,3.754,4.1606,65.939,9.0859,1.351,31.38,5.275,30.768,13.6043,119.87
2019-01-31,37.095,1.3742,1.7025,3.6596,1.3152,0.99312,6.7035,22.423,6.4987,118.04,0.87047,0.76234,7.8462,6.4622,274.97,13910,3.6386,71.109,108.64,1112.1,9.5121,19.0634,4.0902,8.4108,1.4456,52.092,3.7201,4.1148,65.382,9.0294,1.3457,31.235,5.1958,30.705,13.2678,119.43
2019-02-01,37.48,1.3764,1.705,3.671,1.3142,0.99346,6.7354,22.4,6.5081,118.19,0.87176,0.76618,7.8469,6.4641,276.9,13957,3.6308,71.284,108.89,1117.02,9.5201,19.1317,4.0833,8.4286,1.4443,52.233,3.7258,4.1458,65.485,9.0557,1.3488,31.29,5.2205,30.743,13.3259,120.13
2019-02-04,37.25,1.3851,1.7089,3.6821,1.3116,0.9979,6.7448,22.48,6.5228,118.0,0.87374,0.76608,7.8462,6.4792,277.68,14012,3.6268,71.813,109.89,1120.6,9.5304,19.1682,4.0902,8.4779,1.4534,52.462,3.741,4.1555,65.649,9.0968,1.3533,31.32,5.2157,30.807,13.405,119.7
2019-02-05,37.25,1.3806,1.7122,3.6717,1.3128,1.0011,6.7354,22.496,6.5351,118.35,0.87543,0.76865,7.8458,6.4887,277.87,13975,3.6112,71.645,109.94,1117.7,9.5303,19.0327,4.0819,8.4726,1.4494,52.301,3.7531,4.1543,65.5,9.1043,1.3521,31.275,5.2039,30.777,13.3742,119.93
2019-02-06,37.325,1.4014,1.7165,3.6876,1.3182,1.0,6.7448,22.627,6.5519,118.55,0.87765,0.7712,7.8461,6.5077,279.65,13922,3.6167,71.573,109.75,1120.84,9.5389,19.0995,4.0857,8.5061,1.4586,52.365,3.7672,4.1626,65.757,9.1503,1.3533,31.23,5.2142,30.786,13.4608,120.24
2019-02-07,37.675,1.4063,1.7239,3.7195,1.3266,1.0011,6.7448,22.749,6.5788,118.77,0.88145,0.77347,7.8465,6.5336,281.44,14000,3.6294,71.476,109.66,1125.0,9.5475,19.1617,4.0723,8.5723,1.479,52.209,3.7922,4.178,66.019,9.2314,1.3561,31.235,5.2628,30.811,13.6336,120.58
2019-02-08,37.95,1.4107,1.7238,3.7101,1.3307,1.001,6.7448,22.745,6.578,118.65,0.88137,0.77111,7.8459,6.5287,280.57,13965,3.6341,71.276,109.79,1122.83,9.5286,19.0402,4.0695,8.6103,1.4815,52.132,3.7955,4.1852,65.933,9.252,1.3552,31.485,5.2431,30.806,13.6098,120.22
2019-02-11,37.82,1.4133,1.7294,3.7377,1.3268,1.0037,6.7894,22.846,6.5998,118.91,0.88425,0.77474,7.8477,6.5501,282.66,14081,3.6428,71.138,110.2,1125.3,9.5339,19.0919,4.0725,8.6825,1.4827,52.148,3.8163,4.1918,65.588,9.2721,1.3586,31.42,5.2691,30.853,13.7363,120.79
2019-02-12,37.942,1.4099,1.7314,3.7193,1.3252,1.0075,6.7703,22.903,6.6061,118.99,0.88527,0.77643,7.8484,6.5581,281.33,14069,3.6395,70.645,110.39,1123.61,9.5205,19.2449,4.0774,8.6712,1.4843,52.105,3.8296,4.1974,65.543,9.271,1.3575,31.3,5.2554,30.827,13.7678,120.93
2019-02-13,37.95,1.4065,1.73,3.7296,1.3244,1.0058,6.7646,22.817,6.6004,118.94,0.88456,0.77446,7.8486,6.5498,281.49,14068,3.6393,70.827,110.74,1123.4,9.523,19.3534,4.067,8.6342,1.468,52.162,3.8288,4.1958,65.753,9.2068,1.3568,31.33,5.2528,30.841,13.8758,120.57
2019-02-14,38.375,1.4065,1.7357,3.7898,1.3267,1.0091,6.7756,22.888,6.6218,119.04,0.88747,0.78048,7.8475,6.5729,283.16,14090,3.664,71.175,111.04,1127.43,9.5675,19.4471,4.076,8.6604,1.4633,52.354,3.85,4.2101,66.961,9.2985,1.3587,31.355,5.317,30.833,14.17,119.72
2019-02-15,38.25,1.4064,1.7369,3.7169,1.3285,1.0071,6.7705,22.832,6.6263,118.95,0.8881,0.78098,7.8481,6.579,282.6,14142,3.6353,71.368,110.52,1127.28,9.5648,19.3295,4.085,8.6758,1.4593,52.43,3.8461,4.2102,66.68,9.3084,1.3582,31.27,5.2684,30.838,14.1218,119.27
2019-02-18,38.75,1.397,1.7265,3.7264,1.3234,1.0029,6.7653,22.7,6.5872,118.86,0.88277,0.77348,7.8477,6.5435,280.73,14107,3.6196,71.398,110.55,1125.8,9.5275,19.2488,4.0855,8.6077,1.4542,52.37,3.8217,4.1848,66.132,9.2413,1.3557,31.22,5.3036,30.829,14.1016,119.09
2019-02-19,38.75,1.4061,1.7317,3.7222,1.3247,1.005,6.7662,22.77,6.607,118.82,0.88543,0.77196,7.8488,6.5637,281.97,14102,3.6318,71.454,110.76,1127.59,9.5461,19.2173,4.0866,8.6294,1.4653,52.214,3.8381,4.2051,66.192,9.3855,1.3568,31.21,5.3087,30.827,14.1668,120.15
2019-02-20,39.55,1.3969,1.7244,3.7047,1.3186,1.0,6.7223,22.641,6.5786,118.76,0.88168,0.76658,7.8492,6.5363,279.78,14040,3.6152,71.151,110.75,1122.79,9.5241,19.1589,4.0719,8.5818,1.4559,52.022,3.8305,4.1939,65.753,9.3196,1.3513,31.095,5.3068,30.803,14.1381,119.64
2019-02-21,39.5,1.4065,1.7226,3.7411,1.3168,1.0011,6.7179,22.589,6.572,118.72,0.88075,0.76453,7.8473,6.5312,279.41,14073,3.6155,71.112,110.71,1125.25,9.5174,19.2144,4.0796,8.6144,1.4663,52.134,3.8177,4.1893,65.486,9.3525,1.3521,31.17,5.3234,30.811,13.9633,119.52
2019-02-22,39.4,1.406,1.727,3.7432,1.3224,1.0019,6.7204,22.664,6.589,118.67,0.883,0.77053,7.8485,6.5545,280.82,14057,3.6179,71.126,110.87,1124.24,9.5435,19.2327,4.0772,8.6219,1.4692,52.143,3.8296,4.2041,65.491,9.3596,1.3531,31.34,5.3314,30.772,14.005,119.82
2019-02-25,38.91,1.3942,1.7224,3.7272,1.3143,0.99965,6.6889,22.592,6.5711,118.69,0.88067,0.76467,7.8487,6.5425,279.72,14018,3.6073,70.92,110.74,1117.74,9.5561,19.0594,4.0675,8.5971,1.4505,51.877,3.8186,4.1958,65.391,9.3169,1.3493,31.275,5.3123,30.738,13.8779,119.51
2019-02-26,39.125,1.3993,1.7215,3.7474,1.3224,1.0009,6.6963,22.589,6.5677,118.67,0.8802,0.75746,7.8495,6.5377,279.08,14011,3.6219,71.165,110.84,1117.86,9.5489,19.1128,4.0628,8.6018,1.4541,52.059,3.8097,4.1921,65.677,9.3177,1.3495,31.32,5.3036,30.761,13.865,119.8
2019-02-27,38.75,1.3972,1.7177,3.7283,1.3141,0.99719,6.6813,22.537,6.5529,118.34,0.87827,0.75095,7.8496,6.5242,277.88,14024,3.6178,71.281,110.57,1118.45,9.5381,19.1595,4.0678,8.53,1.4563,51.801,3.7894,4.162,65.747,9.2608,1.3478,31.39,5.2922,30.768,13.8625,119.53
2019-02-28,38.88,1.4005,1.7132,3.7393,1.3176,0.9929,6.6844,22.426,6.5357,118.42,0.87596,0.75188,7.8498,6.5062,276.77,14077,3.6078,70.857,110.76,1122.17,9.5364,19.1897,4.0685,8.5203,1.4615,51.681,3.7744,4.155,65.775,9.184,1.3481,31.52,5.3153,30.797,13.9698,118.87
2019-03-01,39.175,1.4056,1.7182,3.7808,1.3152,0.99824,6.7058,22.521,6.5548,118.62,0.8785,0.75523,7.8489,6.529,277.66,14115,3.6309,70.895,111.88,1126.35,9.5518,19.3218,4.074,8.545,1.4632,51.819,3.786,4.1668,65.882,9.2245,1.3525,31.725,5.3791,30.828,14.1813,119.39
2019-03-04,39.827,1.4104,1.7251,3.7747,1.3312,1.0013,6.7024,22.599,6.5816,118.78,0.88207,0.75659,7.8492,6.556,278.59,14130,3.6255,70.883,111.94,1126.12,9.5773,19.3499,4.0755,8.6119,1.4695,51.8,3.7919,4.1821,65.753,9.3096,1.3549,31.88,5.3826,30.827,14.2421,120.14
2019-03-05,39.828,1.4138,1.7264,3.7755,1.3343,1.0011,6.7031,22.617,6.5861,118.67,0.88269,0.76227,7.8497,6.552,278.59,14129,3.6182,70.559,111.93,1126.85,9.5874,19.2921,4.0738,8.6524,1.4725,52.366,3.797,4.1918,65.763,9.3144,1.3556,31.79,5.387,30.843,14.1683,121.02
2019-03-06,40.3,1.4217,1.73,3.7755,1.3382,1.0049,6.71,22.638,6.5996,118.91,0.88456,0.76046,7.8499,6.5644,279.09,14152,3.6157,70.263,111.81,1127.86,9.5983,19.2835,4.0946,8.6723,1.4754,52.263,3.8033,4.1984,65.83,9.3211,1.3577,31.855,5.4177,30.832,14.2046,121.01
2019-03-07,40.65,1.4208,1.7352,3.8359,1.3425,1.0075,6.7094,22.722,6.6196,119.05,0.88723,0.76196,7.8499,6.5795,279.8,14187,3.6183,69.988,111.76,1129.58,9.616,19.363,4.087,8.6825,1.4756,52.278,3.8143,4.2068,65.932,9.3714,1.3582,31.78,5.4273,30.864,14.3301,121.37
2019-03-08,41.95,1.4226,1.7428,3.8857,1.3455,1.0091,6.7235,22.849,6.6477,119.76,0.89111,0.76551,7.8499,6.6051,281.55,14319,3.6287,70.16,111.14,1136.7,9.6437,19.5687,4.0916,8.7982,1.473,52.313,3.8319,4.2281,66.466,9.4739,1.3596,31.79,5.4613,30.918,14.527,121.55
2019-03-11,40.675,1.4172,1.7394,3.8487,1.3423,1.0093,6.7247,22.818,6.6354,119.67,0.88936,0.76699,7.8499,6.5928,280.9,14290,3.6213,69.857,111.09,1134.19,9.6318,19.4273,4.0895,8.6891,1.4667,52.251,3.8237,4.2237,66.041,9.4096,1.3592,31.71,5.4409,30.907,14.365,121.31
2019-03-12,41.2,1.4125,1.7346,3.8177,1.3402,1.0083,6.7089,22.765,6.6166,119.36,0.88692,0.76404,7.8499,6.5769,279.69,14265,3.6208,69.639,111.1,1129.83,9.6213,19.3064,4.084,8.6355,1.4577,52.89,3.8132,4.2211,65.724,9.3761,1.3563,31.66,5.4577,30.914,14.2959,120.44
2019-03-13,41.425,1.416,1.7303,3.8273,1.3348,1.0062,6.7078,22.709,6.6001,119.2,0.88472,0.7598,7.85,6.5624,278.33,14237,3.6151,69.594,111.38,1131.66,9.6108,19.3055,4.0895,8.6035,1.4632,52.705,3.8037,4.2234,65.47,9.3373,1.3558,31.61,5.465,30.914,14.3313,117.84
2019-03-14,41.25,1.4192,1.7316,3.8362,1.3346,1.005,6.7272,22.725,6.6068,119.22,0.88535,0.75456,7.8499,6.5705,278.38,14298,3.6007,69.476,111.63,1136.45,9.6153,19.3732,4.0885,8.6016,1.4683,52.768,3.8098,4.2187,65.449,9.3292,1.3568,31.78,5.4752,30.932,14.5038,118.55
2019-03-15,40.35,1.4139,1.7296,3.8536,1.3369,1.0046,6.714,22.699,6.6001,118.82,0.88433,0.75535,7.8498,6.5608,277.99,14276,3.5999,69.043,111.57,1136.05,9.6113,19.2634,4.083,8.5674,1.462,52.61,3.807,4.2063,65.372,9.2823,1.3542,31.7,5.4703,30.907,14.4837,117.53
2019-03-18,39.95,1.4081,1.7233,3.8173,1.3335,1.001,6.713,22.571,6.5751,118.74,0.88113,0.75478,7.8499,6.5334,277.01,14237,3.604,68.536,111.5,1131.96,9.5905,19.1629,4.0764,8.5223,1.4571,52.7,3.787,4.1892,64.254,9.2205,1.3512,31.68,5.4611,30.783,14.3778,117.28
2019-03-19,39.85,1.4075,1.722,3.7751,1.3259,0.99956,6.7122,22.543,6.5702,118.78,0.88044,0.7532,7.8501,6.53,275.77,14175,3.6055,68.983,111.45,1129.73,9.5934,18.9989,4.0704,8.5178,1.4558,52.852,3.7752,4.1896,64.365,9.1992,1.3508,31.68,5.4755,30.791,14.415,116.83
2019-03-20,40.605,1.4091,1.7226,3.7883,1.3321,0.99859,6.6949,22.588,6.5725,118.57,0.88075,0.75991,7.8499,6.5332,275.93,14165,3.6088,68.818,111.53,1129.08,9.5986,18.951,4.061,8.5358,1.4591,52.882,3.7726,4.1937,64.298,9.1871,1.3506,31.735,5.474,30.809,14.4251,117.05
2019-03-21,40.675,1.4038,1.7176,3.7696,1.3339,0.99315,6.6917,22.524,6.5536,118.62,0.87819,0.76096,7.8475,6.5144,276.25,14117,3.5988,68.562,110.58,1128.8,9.582,18.818,4.0468,8.4463,1.4508,52.595,3.7593,4.1771,63.708,9.1585,1.348,31.72,5.4589,30.813,14.1948,117.94
2019-03-22,41.625,1.4089,1.7305,3.8719,1.3409,0.99478,6.7128,22.763,6.6025,119.02,0.8848,0.75995,7.8467,6.5633,279.8,14198,3.612,68.977,110.25,1135.03,9.6239,18.9745,4.0645,8.5315,1.454,52.501,3.7969,4.2032,64.362,9.2659,1.3507,31.67,5.5724,30.849,14.3752,119.71
2019-03-25,41.74,1.4067,1.727,3.888,1.3425,0.99223,6.7121,22.745,6.5913,118.92,0.883,0.75619,7.8488,6.5492,279.77,14180,3.6239,68.915,110.07,1132.95,9.6102,19.0764,4.069,8.5289,1.4493,52.46,3.7928,4.1989,64.252,9.223,1.3498,31.615,5.6004,30.836,14.3927,120.35
2019-03-26,42.075,1.4022,1.7322,3.8586,1.3402,0.99389,6.7149,22.823,6.6118,119.03,0.88566,0.75573,7.8489,6.5705,279.96,14170,3.6216,68.865,110.46,1134.45,9.6269,19.0488,4.0715,8.5376,1.4476,52.612,3.8025,4.214,64.295,9.2342,1.351,31.645,5.5269,30.845,14.367,121.25
2019-03-27,43.375,1.4109,1.7368,3.9244,1.341,0.99423,6.7249,22.908,6.6303,119.17,0.88802,0.75587,7.8491,6.5936,284.14,14240,3.6339,69.141,110.49,1137.55,9.6457,19.2603,4.0835,8.6094,1.4713,52.764,3.8128,4.2294,64.787,9.2619,1.355,31.83,5.5341,30.879,14.586,121.75
2019-03-28,43.85,1.4129,1.7434,3.975,1.343,0.99706,6.7387,22.986,6.6551,119.42,0.89142,0.76266,7.85,6.6233,285.13,14267,3.6329,69.331,110.68,1139.16,9.6572,19.4188,4.0825,8.6807,1.4717,52.864,3.8287,4.2424,65.2,9.3386,1.3574,31.87,5.6523,30.891,14.7033,122.57
2019-03-29,43.3,1.4082,1.7408,3.9043,1.3351,0.99519,6.7109,22.966,6.6446,119.29,0.89008,0.76395,7.85,6.6166,285.76,14240,3.6283,69.176,110.77,1136.15,9.6609,19.3066,4.0799,8.5972,1.4686,52.581,3.8279,4.2375,64.847,9.255,1.3542,31.715,5.6472,30.844,14.4764,122.39
2019-04-01,43.36,1.404,1.7407,3.8772,1.3355,0.99502,6.7115,22.954,6.643,119.44,0.89,0.76235,7.8499,6.6098,285.72,14225,3.6264,69.32,110.96,1134.96,9.6602,19.2631,4.0805,8.5778,1.4648,52.485,3.8261,4.2387,65.633,9.2738,1.354,31.735,5.53,30.823,14.1665,122.55
2019-04-02,42.685,1.4122,1.7462,3.8604,1.3321,0.99955,6.7201,22.994,6.6648,119.49,0.89286,0.76786,7.8498,6.6338,287.21,14220,3.6259,68.754,111.37,1136.38,9.6723,19.1045,4.0817,8.6112,1.4771,52.416,3.8351,4.2516,65.37,9.323,1.3552,31.75,5.5483,30.817,14.13,122.41
2019-04-03,42.718,1.4048,1.7396,3.8362,1.331,0.99671,6.7084,22.88,6.6391,119.42,0.88944,0.75949,7.849,6.6077,284.67,14177,3.6034,68.425,111.45,1134.35,9.6478,19.1408,4.0825,8.558,1.4721,52.128,3.8184,4.2297,65.249,9.2769,1.3528,31.75,5.6047,30.829,14.1528,119.54
2019-04-04,42.842,1.4066,1.7433,3.8631,1.3359,0.99893,6.7166,22.901,6.6529,119.5,0.89135,0.76137,7.8494,6.6245,285.06,14168,3.6045,69.162,111.43,1137.42,9.658,19.2058,4.0795,8.5844,1.4795,52.266,3.8232,4.2334,65.369,9.2767,1.3537,31.78,5.636,30.829,14.1508,119.26
2019-04-05,43.406,1.4054,1.7411,3.8517,1.338,1.0002,6.7174,22.802,6.6452,119.27,0.89023,0.76505,7.8495,6.6087,285.54,14156,3.5804,69.249,111.67,1137.4,9.649,19.1383,4.0937,8.6006,1.4833,52.112,3.8188,4.2298,65.278,9.2816,1.3545,31.9,5.5956,30.807,14.0726,118.76
2019-04-08,43.915,1.407,1.7391,3.8732,1.3375,0.99991,6.7189,22.794,6.638,119.35,0.88921,0.76634,7.847,6.6084,285.91,14163,3.5795,69.644,111.47,1145.39,9.6412,19.0637,4.1013,8.5635,1.4844,52.137,3.8135,4.2248,65.15,9.2766,1.3554,31.96,5.6714,30.846,14.0994,118.8
2019-04-09,43.695,1.3994,1.7343,3.8548,1.3287,0.99938,6.7117,22.717,6.6197,119.09,0.88676,0.76558,7.8425,6.5924,285.09,14133,3.5777,69.334,111.3,1139.45,9.6249,18.9306,4.0986,8.5298,1.4825,52.037,3.8015,4.2219,64.736,9.2445,1.3528,31.75,5.6802,30.826,14.0299,118.65
2019-04-10,43.383,1.3995,1.734,3.8391,1.3327,1.0001,6.7167,22.704,6.6187,119.25,0.8866,0.76321,7.838,6.5833,285.34,14150,3.5775,69.15,111.16,1137.59,9.6221,18.8651,4.1075,8.5021,1.4804,51.904,3.7976,4.2207,64.598,9.2561,1.3528,31.775,5.687,30.849,13.9543,118.98
2019-04-11,42.999,1.3991,1.7363,3.8371,1.3376,1.0036,6.718,22.733,6.6271,119.14,0.88778,0.76499,7.8439,6.6038,285.61,14174,3.5844,68.968,111.24,1140.95,9.6297,18.8947,4.1178,8.5125,1.483,51.941,3.8024,4.2252,64.506,9.2658,1.3542,31.825,5.7461,30.86,14.005,120.03
2019-04-12,42.721,1.3931,1.7276,3.8763,1.3322,1.0004,6.7078,22.633,6.5933,119.11,0.88331,0.76221,7.8428,6.5674,284.34,14092,3.5676,69.156,111.97,1133.29,9.5918,18.7581,4.1145,8.4816,1.4794,51.721,3.7802,4.2044,64.14,9.2561,1.3531,31.76,5.7725,30.842,13.9238,119.42
2019-04-15,42.171,1.3932,1.7288,3.888,1.3312,1.0028,6.7062,22.651,6.5976,119.08,0.88394,0.76288,7.8392,6.573,283.08,14060,3.5618,69.425,111.96,1132.65,9.594,18.7837,4.1168,8.4874,1.4787,51.689,3.7781,4.2091,64.263,9.2467,1.3523,31.765,5.8019,30.855,13.9832,119.86
2019-04-16,41.62,1.3947,1.73,3.8852,1.3366,1.0058,6.7091,22.701,6.6026,119.17,0.88456,0.76418,7.843,6.5785,282.87,14085,3.5593,69.566,111.98,1135.05,9.5923,18.8899,4.1341,8.4802,1.4784,51.762,3.781,4.2121,64.324,9.2559,1.3536,31.81,5.8132,30.869,14.0466,119.95
2019-04-17,42.328,1.3903,1.7306,3.8975,1.3335,1.0088,6.6891,22.703,6.6058,119.17,0.88488,0.76624,7.845,6.5813,282.89,14085,3.5749,69.425,111.95,1133.22,9.5907,18.8311,4.1345,8.4752,1.4852,51.66,3.7812,4.2142,63.878,9.2388,1.3526,31.79,5.7488,30.803,13.9697,119.99
2019-04-18,41.63,1.3972,1.7385,3.9294,1.3391,1.0118,6.7062,22.828,6.6367,119.39,0.88889,0.76862,7.8458,6.6089,284.52,14043,3.594,69.394,111.88,1136.84,9.6153,18.8711,4.143,8.5314,1.495,51.686,3.8032,4.2327,63.975,9.312,1.3556,31.815,5.821,30.827,14.0873,120.53
2019-04-23,42.468,1.4063,1.7393,3.9307,1.339,1.02,6.7192,22.893,6.6393,119.42,0.88928,0.76879,7.8445,6.6025,285.33,14075,3.5997,69.642,111.89,1142.07,9.6057,18.8848,4.129,8.5233,1.5019,52.06,3.8118,4.234,63.74,9.3437,1.357,31.965,5.815,30.853,14.2006,120.76
2019-04-24,42.391,1.4205,1.7448,3.924,1.3452,1.0185,6.7182,22.954,6.6613,119.59,0.89214,0.7721,7.8428,6.6213,286.38,14095,3.6138,69.85,111.82,1151.07,9.6326,18.9687,4.13,8.5708,1.5097,52.182,3.8269,4.2429,64.221,9.3684,1.3592,32.0,5.8779,30.881,14.357,121.15
2019-04-25,43.929,1.43,1.7583,3.9956,1.3506,1.022,6.747,23.139,6.7125,119.95,0.89904,0.77708,7.8435,6.6695,289.86,14233,3.6329,70.286,111.89,1163.15,9.6786,19.1495,4.14,8.6881,1.5179,52.284,3.8614,4.2782,64.92,9.5563,1.3655,32.14,5.9566,30.974,14.531,122.27
2019-04-26,45.062,1.4214,1.7568,3.9643,1.3491,1.0215,6.7359,23.089,6.7056,119.73,0.89823,0.77553,7.8449,6.6617,289.33,14196,3.634,70.017,111.78,1160.93,9.6708,19.0613,4.139,8.6817,1.5035,52.164,3.8514,4.2753,64.774,9.4977,1.3631,31.99,5.9501,30.917,14.4149,122.16
2019-04-29,45.894,1.4193,1.7541,3.9326,1.3478,1.0205,6.7325,23.033,6.6952,119.64,0.89686,0.77435,7.8439,6.6523,289.36,14200,3.6194,69.833,111.78,1160.54,9.6668,18.948,4.1335,8.6891,1.5004,52.12,3.8515,4.2616,64.556,9.5169,1.3624,31.95,5.9378,30.921,14.345,122.15
2019-04-30,44.342,1.4183,1.7434,3.9267,1.3438,1.0195,6.7339,22.873,6.6541,119.5,0.89142,0.76884,7.8452,6.6081,287.9,14222,3.6056,69.586,111.37,1165.99,9.6459,18.9722,4.1285,8.6181,1.498,51.814,3.8214,4.2428,64.37,9.4803,1.3606,31.915,5.9648,30.9,14.2828,121.41
2019-05-02,44.239,1.4244,1.7444,3.9328,1.3436,1.0185,6.7346,22.875,6.6585,119.55,0.8919,0.76641,7.845,6.6128,288.98,14250,3.5976,69.374,111.5,1163.17,9.6563,18.9502,4.137,8.6916,1.5087,51.751,3.8173,4.2439,65.335,9.53,1.361,32.025,5.9643,30.906,14.4647,122.55
2019-05-03,44.764,1.4292,1.7533,3.9618,1.3464,1.0204,6.7346,23.05,6.6927,119.61,0.89646,0.76903,7.8451,6.6466,289.9,14255,3.5968,69.26,111.52,1169.95,9.6866,19.1286,4.1405,8.7658,1.5111,51.869,3.8416,4.2629,65.325,9.596,1.3634,32.025,5.9744,30.91,14.5291,122.46
2019-05-06,44.485,1.4306,1.7464,3.9707,1.3479,1.0182,6.7659,22.962,6.6668,119.58,0.89294,0.76319,7.8463,6.6188,288.8,14292,3.5901,69.41,110.84,1170.8,9.6626,19.041,4.1475,8.7423,1.5123,51.957,3.8246,4.2464,65.162,9.5775,1.3632,31.905,6.021,30.934,14.5146,121.62
2019-05-07,44.654,1.4255,1.7486,3.9681,1.3469,1.0206,6.7689,23.005,6.6747,119.52,0.89405,0.76571,7.8481,6.6249,289.94,14280,3.5885,69.414,110.62,1171.06,9.6788,19.0156,4.1485,8.7264,1.516,51.952,3.8321,4.2539,65.079,9.5793,1.3627,31.9,6.1467,30.933,14.4139,122.13
2019-05-08,45.285,1.4272,1.7459,3.954,1.3457,1.0183,6.78,22.966,6.6646,119.58,0.8927,0.76857,7.8488,6.6143,289.39,14295,3.5801,69.702,110.08,1172.55,9.6701,19.0778,4.1485,8.7739,1.517,52.167,3.8307,4.2491,65.19,9.596,1.362,31.8,6.1839,30.939,14.3448,122.3
2019-05-09,45.07,1.4336,1.7473,3.9639,1.3484,1.0176,6.8234,22.977,6.6702,119.43,0.89342,0.76941,7.8481,6.6189,288.87,14350,3.5712,69.994,109.81,1183.04,9.6651,19.1557,4.1526,8.7615,1.5201,52.244,3.8358,4.254,65.27,9.6465,1.3639,31.785,6.2293,31.027,14.3332,122.58
2019-05-10,45.25,1.43,1.7416,3.9541,1.3475,1.0132,6.8235,22.914,6.6481,119.47,0.89047,0.76803,7.8482,6.5975,288.09,14405,3.5622,69.998,109.75,1180.16,9.6409,19.1977,4.1657,8.7438,1.516,52.29,3.8255,4.2385,65.315,9.6267,1.3629,31.58,6.1297,31.025,14.2264,121.99
2019-05-13,44.817,1.4355,1.7393,3.9993,1.3443,1.0066,6.8773,22.922,6.6401,119.39,0.88928,0.7679,7.8488,6.589,287.87,14416,3.5696,70.558,109.44,1187.95,9.6334,19.2388,4.1645,8.7281,1.5195,52.44,3.8282,4.2335,65.438,9.633,1.3685,31.675,6.1077,31.131,14.3057,122.01
2019-05-14,45.135,1.4397,1.7422,3.9857,1.3466,1.0072,6.8815,22.939,6.6534,119.31,0.89079,0.77252,7.8489,6.6019,288.82,14430,3.5763,70.406,109.57,1187.6,9.6263,19.168,4.1705,8.7288,1.5193,52.466,3.8358,4.2415,65.215,9.6018,1.3688,31.5,6.0335,31.149,14.23,122.75
2019-05-15,44.94,1.4456,1.7489,3.9935,1.348,1.0083,6.8787,23.035,6.6793,119.64,0.89421,0.77636,7.8498,6.6336,290.75,14460,3.571,70.355,109.31,1190.48,9.6594,19.2024,4.1785,8.7636,1.5262,52.39,3.8535,4.2578,64.812,9.6296,1.3697,31.585,6.061,31.146,14.2735,122.87
2019-05-16,44.99,1.4472,1.7458,3.9975,1.3424,1.0092,6.8791,22.937,6.6659,119.58,0.89262,0.78071,7.8491,6.6272,289.46,14450,3.5678,70.043,109.62,1189.12,9.6348,19.027,4.1645,8.7042,1.5231,52.483,3.8349,4.2506,64.526,9.6037,1.3693,31.595,6.0237,31.157,14.1529,122.29
2019-05-17,44.752,1.4535,1.7506,4.0535,1.3493,1.0099,6.9142,23.051,6.6843,119.55,0.89509,0.78406,7.8494,6.6499,292.14,14450,3.5741,70.205,109.51,1194.4,9.6655,19.1855,4.182,8.7677,1.5312,52.728,3.8517,4.263,64.62,9.6366,1.3753,31.775,6.0561,31.318,14.3812,122.81
2019-05-20,45.002,1.4454,1.7514,4.0894,1.3432,1.0086,6.9157,23.073,6.6877,119.75,0.8955,0.78463,7.8496,6.6507,291.73,14477,3.5713,69.657,109.85,1193.8,9.6774,19.109,4.183,8.7739,1.5287,52.714,3.8478,4.2623,64.522,9.6416,1.376,31.85,6.028,31.425,14.363,123.4
2019-05-21,45.187,1.4535,1.7524,4.0935,1.3409,1.0101,6.9063,23.094,6.6916,119.68,0.89598,0.78497,7.8496,6.654,292.55,14483,3.5992,69.692,110.45,1193.33,9.6874,19.07,4.186,8.7728,1.5359,52.552,3.8581,4.2678,64.479,9.6535,1.3782,31.935,6.0465,31.473,14.4171,123.47
2019-05-22,44.787,1.4521,1.7508,4.0429,1.3385,1.0073,6.9025,23.089,6.6852,119.75,0.89518,0.79026,7.85,6.6476,292.31,14525,3.6113,69.698,110.35,1189.96,9.6815,19.0081,4.1855,8.7367,1.5373,52.466,3.8527,4.2633,64.24,9.6321,1.3785,31.945,6.097,31.447,14.3679,123.98
2019-05-23,44.87,1.4543,1.7558,4.0566,1.3466,1.0076,6.9179,23.181,6.7047,119.71,0.89775,0.79091,7.8485,6.6671,293.52,14481,3.6148,69.948,110.03,1191.68,9.7086,19.0215,4.195,8.7569,1.5401,52.516,3.8661,4.2738,64.684,9.6394,1.3817,31.995,6.1323,31.558,14.4479,124.25
2019-05-24,45.076,1.4486,1.7483,4.0446,1.3456,1.0025,6.9014,23.089,6.6754,119.53,0.89389,0.78947,7.8489,6.6379,291.36,14393,3.6052,69.545,109.6,1187.35,9.6951,19.0453,4.1885,8.7207,1.5294,52.206,3.8414,4.2566,64.481,9.5734,1.3769,31.855,6.0774,31.505,14.4412,123.63
2019-05-27,44.83,1.4438,1.7466,4.0101,1.345,1.0053,6.8989,23.07,6.6698,119.59,0.89302,0.78786,7.8495,6.6289,290.9,14380,3.6083,69.528,109.45,1184.9,9.6894,19.0472,4.1865,8.709,1.5277,52.211,3.8342,4.2511,64.462,9.5685,1.3746,31.83,6.043,31.457,14.4569,123.86
2019-05-28,44.75,1.4441,1.7475,4.048,1.3466,1.0055,6.9107,23.091,6.6734,119.48,0.8935,0.78961,7.8484,6.6346,291.82,14375,3.6137,69.605,109.41,1188.25,9.689,19.1029,4.1885,8.6816,1.5268,52.26,3.8377,4.2551,64.59,9.5483,1.3778,31.81,6.0338,31.529,14.6081,123.93
2019-05-29,44.672,1.4446,1.7531,4.0285,1.3504,1.0055,6.9094,23.181,6.6948,119.84,0.89638,0.79083,7.8496,6.6552,292.64,14417,3.6154,69.821,109.28,1195.14,9.7174,19.2273,4.194,8.7603,1.5333,52.331,3.8542,4.2671,65.26,9.5969,1.3816,31.84,6.0183,31.594,14.815,124.15
2019-05-30,44.432,1.4458,1.7566,3.9812,1.3498,1.0084,6.907,23.209,6.708,119.76,0.89815,0.79197,7.8486,6.6661,291.67,14400,3.6254,69.887,109.66,1190.92,9.7271,19.1387,4.1903,8.7694,1.5354,52.15,3.8519,4.271,64.966,9.5494,1.3796,31.82,5.891,31.624,14.6418,124.39
2019-05-31,44.555,1.447,1.7539,3.9873,1.3555,1.0056,6.9092,23.151,6.6972,119.67,0.89678,0.79538,7.843,6.6528,290.86,14332,3.6324,69.717,108.75,1191.2,9.7217,19.6323,4.1922,8.7808,1.5365,52.215,3.8421,4.2534,65.38,9.5408,1.3791,31.64,5.8533,31.63,14.6923,124.02
2019-06-03,44.74,1.4374,1.7486,3.9202,1.3498,0.99794,6.9068,23.095,6.6768,119.7,0.89405,0.79229,7.8359,6.6321,289.43,14238,3.6296,69.264,108.33,1183.24,9.7003,19.7702,4.179,8.7419,1.5235,51.866,3.8295,4.2358,65.384,9.4931,1.3704,31.415,5.8842,31.473,14.565,123.83
2019-06-04,44.875,1.4333,1.7394,3.881,1.3439,0.99413,6.9091,22.896,6.6417,119.27,0.88936,0.7892,7.8391,6.6,286.37,14223,3.6145,69.258,108.16,1183.65,9.6679,19.7083,4.1699,8.7033,1.5174,51.767,3.8067,4.2114,65.225,9.4504,1.3693,31.295,5.8071,31.434,14.6559,123.89
2019-06-05,44.695,1.4315,1.7374,3.8578,1.3387,0.99165,6.9072,22.792,6.6343,119.16,0.88834,0.78734,7.8402,6.5875,285.61,14204,3.607,69.333,108.34,1176.45,9.6556,19.6225,4.1495,8.6824,1.5051,51.772,3.8001,4.1968,65.142,9.439,1.3648,31.36,5.7159,31.345,14.7366,123.92
2019-06-06,44.897,1.4319,1.736,3.8753,1.34,0.99183,6.9128,22.779,6.6294,119.36,0.88763,0.78606,7.8407,6.5875,285.19,14194,3.5987,69.251,108.13,1179.57,9.6539,19.7737,4.1605,8.7061,1.5075,51.703,3.798,4.1915,65.214,9.4244,1.3637,31.32,5.7708,31.339,14.8698,123.65
2019-06-07,44.893,1.4347,1.7349,3.8782,1.336,0.99273,6.9097,22.746,6.6247,119.3,0.88708,0.78661,7.8414,6.58,285.22,14248,3.6003,69.486,108.46,1185.33,9.6345,19.7374,4.1589,8.6901,1.5094,51.987,3.7891,4.1884,65.015,9.4529,1.3667,31.35,5.8425,31.445,15.052,123.57
2019-06-10,44.865,1.4366,1.7306,3.8826,1.3277,0.99106,6.9343,22.676,6.6084,119.18,0.88488,0.78974,7.843,6.5625,283.35,14245,3.5848,69.59,108.65,1185.49,9.6326,19.2479,4.1635,8.6548,1.5119,52.092,3.773,4.1763,64.719,9.42,1.3674,31.345,5.7969,31.434,14.8653,123.97
2019-06-11,44.871,1.4375,1.7277,3.8775,1.3253,0.99231,6.9119,22.65,6.5978,119.11,0.88339,0.78697,7.8357,6.5495,283.13,14238,3.5816,69.449,108.74,1181.52,9.6112,19.1502,4.1628,8.6307,1.52,51.952,3.7701,4.1742,64.508,9.4371,1.3645,31.275,5.8085,31.39,14.765,124.12
2019-06-12,44.684,1.4388,1.7273,3.856,1.3299,0.99373,6.9192,22.621,6.5952,119.09,0.88316,0.78429,7.8221,6.5469,283.87,14242,3.5822,69.32,108.38,1181.5,9.6027,19.131,4.1575,8.6391,1.5196,51.943,3.763,4.1729,64.736,9.4321,1.364,31.245,5.7891,31.396,14.7601,124.97
2019-06-13,43.663,1.4471,1.7325,3.847,1.3306,0.99274,6.9221,22.66,6.6151,119.17,0.88582,0.78792,7.8284,6.5664,285.23,14293,3.5902,69.514,108.46,1183.22,9.6232,19.1673,4.1694,8.6562,1.5237,51.87,3.7713,4.1829,64.601,9.4754,1.3662,31.225,5.8768,31.475,14.8708,125.34
2019-06-14,43.516,1.4491,1.7362,3.8547,1.3332,0.99521,6.9238,22.672,6.629,119.33,0.88771,0.79088,7.8269,6.5783,285.42,14317,3.5968,69.781,108.21,1183.84,9.6439,19.1806,4.1705,8.6754,1.5305,51.965,3.7758,4.1929,64.259,9.4443,1.3673,31.159,5.8968,31.492,14.7829,125.61
2019-06-17,43.979,1.4558,1.741,3.8985,1.3414,0.99822,6.9249,22.752,6.6471,119.49,0.89015,0.79409,7.8301,6.592,286.89,14335,3.6095,69.946,108.65,1186.8,9.6428,19.1641,4.176,8.718,1.5363,52.255,3.7925,4.2087,64.218,9.4797,1.3708,31.33,5.8706,31.512,14.8178,125.96
2019-06-18,43.977,1.4614,1.7483,3.8717,1.3423,0.99893,6.9264,22.892,6.6749,119.67,0.89389,0.79917,7.8344,6.6197,288.11,14323,3.6116,69.724,108.23,1184.91,9.6408,19.124,4.1815,8.7418,1.5368,52.079,3.8073,4.222,64.252,9.5122,1.3711,31.325,5.8389,31.479,14.6404,126.49
2019-06-19,43.497,1.4547,1.7452,3.8658,1.3376,0.99723,6.9044,22.874,6.6629,119.52,0.8923,0.79432,7.8239,6.6051,289.08,14270,3.6069,69.667,108.41,1176.6,9.5793,19.1434,4.1724,8.728,1.5323,51.91,3.8074,4.2183,64.01,9.5358,1.3673,31.275,5.8551,31.332,14.5171,126.26
2019-06-20,43.34,1.4436,1.7297,3.8389,1.3165,0.98541,6.8543,22.658,6.6031,119.11,0.88441,0.78849,7.8163,6.5477,286.18,14182,3.5781,69.431,107.64,1160.56,9.5346,18.9228,4.148,8.5503,1.5175,51.436,3.7637,4.1799,63.181,9.4055,1.3563,30.935,5.7744,31.002,14.2663,125.14
2019-06-21,43.327,1.448,1.7283,3.8315,1.3192,0.98153,6.8745,22.631,6.5975,119.09,0.8837,0.79025,7.8141,6.5406,286.29,14128,3.6042,69.546,107.49,1161.55,9.5419,19.0615,4.1536,8.5596,1.5254,51.478,3.7632,4.1745,63.202,9.3945,1.3575,30.805,5.8153,31.004,14.3317,125.04
2019-06-24,42.791,1.438,1.7165,3.8235,1.3191,0.97499,6.8768,22.469,6.5528,118.73,0.87765,0.78432,7.8111,6.4916,284.61,14152,3.6009,69.41,107.29,1156.55,9.5101,19.1531,4.14,8.4819,1.5134,51.37,3.734,4.1409,62.939,9.31,1.3541,30.725,5.7969,31.04,14.3317,124.19
2019-06-25,42.429,1.4349,1.7174,3.8347,1.3173,0.97541,6.8798,22.442,6.5555,118.74,0.87812,0.78578,7.8078,6.4932,284.94,14152,3.6014,69.347,107.1,1154.08,9.5146,19.2343,4.1376,8.505,1.5051,51.35,3.7375,4.1433,62.732,9.2483,1.3533,30.71,5.7699,31.049,14.3029,124.25
2019-06-26,42.379,1.4326,1.7214,3.8395,1.3155,0.97808,6.8772,22.431,6.5702,118.84,0.88013,0.78862,7.8088,6.5091,284.72,14168,3.5931,69.152,107.73,1155.48,9.5696,19.1841,4.1475,8.5137,1.4966,51.449,3.7517,4.156,63.052,9.2796,1.3543,30.765,5.7648,31.065,14.3286,124.54
2019-06-27,42.68,1.4293,1.7201,3.8582,1.3129,0.9781,6.8777,22.369,6.5647,118.8,0.87951,0.78653,7.8132,6.5044,284.64,14140,3.5848,69.101,107.86,1154.9,9.5778,19.1205,4.144,8.5174,1.4948,51.195,3.7392,4.1533,62.982,9.2777,1.3538,30.785,5.7672,31.013,14.1507,124.63
2019-06-28,42.7,1.4274,1.7186,3.8235,1.3087,0.97583,6.8704,22.361,6.5585,118.76,0.87873,0.78783,7.809,6.5003,284.17,14133,3.5683,69.002,107.73,1155.84,9.5705,19.174,4.1373,8.5183,1.4903,51.261,3.7343,4.1602,62.916,9.2823,1.3528,30.665,5.7693,31.008,14.1668,124.52
2019-07-01,42.473,1.4297,1.7233,3.8272,1.3099,0.98167,6.8424,22.45,6.5774,118.72,0.88113,0.79054,7.8103,6.5178,284.52,14112,3.5724,68.936,108.32,1161.57,9.6009,19.1224,4.1329,8.5336,1.4927,51.064,3.7384,4.1701,62.976,9.2916,1.3533,30.638,5.6632,30.965,14.1172,124.86
2019-07-02,42.347,1.4295,1.7306,3.8387,1.3113,0.98832,6.876,22.531,6.6046,118.89,0.88488,0.79146,7.8041,6.545,285.74,14138,3.5738,68.957,108.27,1166.53,9.6246,19.0682,4.1385,8.5581,1.5004,51.129,3.7544,4.1882,63.265,9.3412,1.3554,30.655,5.6536,31.024,14.1221,125.39
2019-07-03,42.16,1.425,1.7319,3.8643,1.31,0.98433,6.8806,22.543,6.6095,118.92,0.8855,0.79474,7.7972,6.5487,285.52,14142,3.5692,68.845,107.69,1169.79,9.5789,19.0224,4.1419,8.5534,1.495,51.165,3.757,4.1928,63.592,9.3115,1.3564,30.58,5.6391,31.093,14.1138,125.48
2019-07-04,42.038,1.4242,1.7326,3.818,1.3066,0.98512,6.8716,22.532,6.6117,119.14,0.8859,0.79491,7.7869,6.5543,285.99,14140,3.5673,68.51,107.77,1168.95,9.5673,18.9848,4.133,8.531,1.4961,51.101,3.7597,4.1804,63.422,9.3203,1.356,30.655,5.6021,31.069,13.9856,125.53
2019-07-05,41.75,1.426,1.7369,3.8095,1.3066,0.9881,6.8761,22.621,6.6283,119.06,0.8881,0.79665,7.7938,6.5697,287.22,14121,3.5634,68.481,108.14,1170.9,9.5817,18.9938,4.1355,8.5546,1.502,51.211,3.7699,4.1959,63.504,9.3761,1.3572,30.665,5.607,31.114,14.1088,125.84
2019-07-08,41.806,1.4318,1.7439,3.812,1.3056,0.99215,6.8812,22.745,6.6546,119.46,0.89166,0.79915,7.8004,6.5943,289.49,14110,3.5751,68.565,108.6,1178.84,9.6045,18.955,4.1405,8.6349,1.5058,51.342,3.7922,4.2086,63.756,9.4492,1.3595,30.775,5.7337,31.189,14.1608,126.35
2019-07-09,41.805,1.4426,1.7455,3.8063,1.3124,0.99393,6.8858,22.796,6.6608,119.31,0.89246,0.80299,7.8097,6.6001,290.46,14130,3.5675,68.524,108.82,1182.55,9.611,18.905,4.1419,8.6553,1.5116,51.342,3.8046,4.2182,63.722,9.4902,1.361,30.835,5.6977,31.183,14.1644,126.64
2019-07-10,41.805,1.4447,1.7431,3.7955,1.3113,0.99225,6.883,22.785,6.6521,119.4,0.89127,0.8015,7.8157,6.5896,290.46,14130,3.5722,68.584,108.91,1181.11,9.5781,19.1996,4.1385,8.639,1.5149,51.476,3.8091,4.2188,63.52,9.4557,1.361,30.825,5.7396,31.103,14.16,126.47
2019-07-11,41.845,1.4315,1.7331,3.7367,1.3057,0.98485,6.8655,22.689,6.617,119.21,0.88613,0.79566,7.8214,6.5521,288.73,14065,3.5467,68.365,108.05,1173.27,9.5561,19.1307,4.1155,8.5355,1.4966,51.221,3.7821,4.1949,62.913,9.376,1.3547,30.615,5.6639,31.016,13.868,125.74
2019-07-12,41.705,1.4309,1.738,3.7564,1.3034,0.98525,6.881,22.741,6.6358,119.24,0.88865,0.7979,7.8231,6.5705,289.51,14036,3.5514,68.641,108.26,1178.97,9.5761,19.0767,4.113,8.5495,1.4992,51.15,3.7923,4.2053,63.085,9.3766,1.3603,30.915,5.7168,31.086,13.9582,126.1
2019-07-15,41.575,1.4219,1.7356,3.7359,1.303,0.98243,6.8759,22.69,6.6261,119.15,0.88739,0.79752,7.8269,6.5609,288.99,13943,3.538,68.524,107.92,1179.34,9.5506,18.9431,4.1085,8.5387,1.4865,51.03,3.7822,4.2003,62.65,9.3676,1.3562,30.895,5.7022,31.075,13.8624,125.74
2019-07-16,42.379,1.4216,1.7427,3.761,1.3047,0.98681,6.8776,22.788,6.654,119.35,0.89103,0.80424,7.8175,6.5851,290.34,13940,3.5457,68.687,107.93,1178.78,9.5668,18.9896,4.1049,8.5479,1.4874,50.89,3.7918,4.216,62.727,9.3919,1.3574,30.885,5.7028,31.068,13.8741,126.26
2019-07-17,42.66,1.4275,1.7439,3.7613,1.3066,0.9893,6.8775,22.829,6.658,119.36,0.89166,0.80553,7.8142,6.5889,291.29,13980,3.5427,68.867,108.27,1181.17,9.5694,19.0762,4.1145,8.5796,1.4872,51.13,3.8021,4.2208,62.828,9.3774,1.3618,30.945,5.6885,31.082,13.9644,126.17
2019-07-18,42.505,1.4215,1.7438,3.7593,1.3062,0.98645,6.8802,22.812,6.6576,119.43,0.89158,0.80111,7.8151,6.5866,291.07,13971,3.5433,68.9,107.78,1178.05,9.5859,19.0612,4.114,8.5983,1.4836,51.109,3.7978,4.2194,62.989,9.3652,1.3606,30.88,5.6929,31.071,13.9918,125.8
2019-07-19,42.369,1.4175,1.7422,3.7314,1.3055,0.98281,6.8784,22.756,6.6508,119.35,0.89079,0.79846,7.8052,6.5812,289.83,13952,3.5364,68.817,107.72,1175.06,9.5915,19.0219,4.1072,8.5639,1.4771,51.027,3.7922,4.2142,63.012,9.3707,1.3593,30.795,5.6437,31.036,13.9292,124.98
2019-07-22,42.388,1.4188,1.7439,3.7435,1.3076,0.98145,6.8808,22.768,6.6572,119.4,0.89166,0.80221,7.8096,6.5872,289.75,13945,3.5329,68.933,107.92,1177.3,9.6012,19.0299,4.113,8.5845,1.4751,51.111,3.7878,4.2109,62.998,9.4017,1.3607,30.845,5.6819,31.07,13.8923,124.74
2019-07-23,42.395,1.4229,1.7505,3.7481,1.3149,0.98317,6.8787,22.867,6.6821,119.51,0.89501,0.80399,7.8104,6.6108,291.33,13961,3.5361,68.93,108.14,1178.75,9.6268,19.071,4.1185,8.6646,1.4862,51.13,3.8035,4.2251,63.153,9.4599,1.3638,30.895,5.6864,31.084,13.872,125.21
2019-07-24,42.615,1.4327,1.7557,3.7655,1.313,0.98582,6.875,22.928,6.701,119.72,0.89767,0.80021,7.8131,6.6302,292.41,13975,3.5224,68.966,108.09,1177.26,9.6148,19.1391,4.1141,8.6495,1.4913,51.135,3.8193,4.2361,63.123,9.4518,1.3641,30.905,5.7289,31.058,13.9142,121.99
2019-07-25,42.885,1.4344,1.7596,3.7581,1.3127,0.98866,6.873,22.959,6.716,119.85,0.89969,0.80039,7.8139,6.6432,292.59,13978,3.5256,68.983,108.1,1180.53,9.6159,18.996,4.1145,8.6422,1.4931,51.099,3.8211,4.249,63.09,9.4419,1.3656,30.865,5.669,31.059,13.9162,122.27
2019-07-26,43.335,1.4439,1.756,3.7756,1.318,0.99237,6.8782,22.932,6.7034,119.69,0.89783,0.80475,7.8181,6.63,293.1,13978,3.517,68.899,108.69,1183.15,9.6028,19.0375,4.1214,8.7011,1.5054,51.006,3.831,4.2434,63.133,9.4797,1.3685,30.895,5.6216,31.092,14.1548,121.84
2019-07-29,43.275,1.4489,1.759,3.7867,1.3171,0.99263,6.8934,23.035,6.7154,119.88,0.89936,0.81341,7.8188,6.6377,294.3,14020,3.5267,68.778,108.65,1184.3,9.6157,19.071,4.125,8.718,1.5106,51.012,3.8498,4.2528,63.522,9.5128,1.3715,30.855,5.6264,31.104,14.2241,122.22
2019-07-30,43.766,1.4514,1.7535,3.7867,1.3171,0.9896,6.8819,22.996,6.6941,119.73,0.89654,0.82171,7.8231,6.6171,293.61,14020,3.4909,68.817,108.48,1180.97,9.6022,19.0461,4.125,8.7294,1.5111,50.835,3.8472,4.2425,63.264,9.5439,1.3702,30.805,5.559,31.082,14.1475,121.12
2019-07-31,43.891,1.4505,1.7539,3.7826,1.3149,0.99014,6.8822,23.01,6.6966,119.73,0.89678,0.82166,7.8279,6.6203,292.78,14025,3.493,68.779,108.55,1182.18,9.6103,19.0117,4.1265,8.7685,1.514,50.834,3.8483,4.2452,63.496,9.5637,1.3686,30.735,5.5251,31.081,14.226,120.8
2019-08-01,43.82,1.4619,1.772,3.8256,1.323,0.99556,6.902,23.323,6.7645,120.22,0.90604,0.82586,7.8252,6.6893,295.87,14156,3.5212,69.106,108.89,1190.25,9.6692,19.2136,4.1437,8.8901,1.5272,51.193,3.8941,4.2876,63.946,9.6827,1.3752,30.895,5.5736,31.179,14.493,123.31
2019-08-02,44.3,1.4735,1.761,3.868,1.3234,0.98424,6.9384,23.197,6.7225,120.03,0.90041,0.82392,7.8268,6.6464,294.4,14201,3.4923,69.638,106.76,1200.65,9.6214,19.3175,4.1575,8.9236,1.533,51.6,3.873,4.263,65.285,9.6545,1.3767,30.755,5.6025,31.472,14.7012,122.73
2019-08-05,44.59,1.4774,1.7491,3.9175,1.3213,0.97415,7.0385,23.051,6.6766,119.6,0.89429,0.82168,7.8374,6.6003,292.43,14315,3.4888,70.786,106.07,1216.1,9.569,19.5153,4.1785,8.9179,1.5326,52.04,3.8582,4.2322,64.979,9.6229,1.382,30.795,5.5437,31.629,14.9163,121.89
2019-08-06,45.394,1.472,1.7483,3.942,1.3216,0.97604,7.019,22.997,6.6724,119.56,0.89389,0.82086,7.8368,6.6005,290.83,14265,3.4941,70.81,106.46,1213.3,9.5582,19.5495,4.187,8.8983,1.5261,52.086,3.8544,4.2281,65.074,9.5885,1.3803,30.745,5.5337,31.46,14.806,122.02
2019-08-07,45.257,1.4844,1.7459,3.967,1.3319,0.97492,7.0485,22.959,6.6623,119.51,0.8927,0.82443,7.8409,6.5902,290.47,14230,3.4812,70.882,105.77,1215.62,9.5626,19.6019,4.189,8.9234,1.5543,52.278,3.8541,4.2232,65.208,9.6119,1.3828,30.785,5.5003,31.511,14.9568,121.85
2019-08-08,45.506,1.4726,1.7473,3.9563,1.3289,0.97588,7.0466,23.04,6.6676,119.54,0.89342,0.82297,7.8419,6.5947,290.43,14208,3.4797,70.736,105.99,1208.93,9.5696,19.5881,4.185,8.9502,1.5487,52.128,3.862,4.2259,65.345,9.6069,1.3833,30.745,5.4826,31.356,15.1448,122.67
2019-08-09,45.171,1.4692,1.7466,3.9287,1.3213,0.97312,7.0583,23.065,6.6647,119.51,0.89302,0.8289,7.8398,6.6007,290.03,14190,3.4784,70.811,105.83,1211.15,9.5566,19.4499,4.1845,8.8934,1.5408,51.98,3.857,4.2208,65.38,9.5528,1.3825,30.72,5.4878,31.351,15.1866,122.61
2019-08-12,45.25,1.482,1.7472,3.9896,1.3228,0.97159,7.0586,23.076,6.6672,119.45,0.89334,0.82736,7.8457,6.6025,290.02,14250,3.4782,71.24,105.14,1219.0,9.5474,19.6507,4.2006,8.9336,1.5501,52.192,3.8659,4.221,65.579,9.5868,1.3865,30.825,5.5531,31.46,15.38,122.83
2019-08-13,52.93,1.4783,1.7428,3.9898,1.3268,0.96712,7.0667,23.016,6.6506,119.41,0.89111,0.82721,7.8468,6.5878,288.7,14317,3.4882,71.458,105.16,1223.67,9.5236,19.6311,4.1975,8.918,1.552,52.346,3.8649,4.2104,65.597,9.5427,1.388,30.875,5.6265,31.495,15.3528,123.95
2019-08-14,55.659,1.4819,1.7481,3.9955,1.3293,0.97086,7.0188,23.136,6.6686,119.58,0.89381,0.82832,7.8454,6.6039,290.62,14245,3.4917,71.275,105.9,1214.25,9.5468,19.4968,4.1885,8.9413,1.5552,52.361,3.9078,4.2199,65.56,9.5918,1.3881,30.845,5.5967,31.449,15.3084,123.44
2019-08-15,60.269,1.4746,1.7541,4.024,1.331,0.97426,7.037,23.207,6.6897,119.72,0.89686,0.82388,7.8422,6.624,292.56,14270,3.519,71.318,106.16,1213.55,9.5792,19.6054,4.1935,8.9816,1.5526,52.699,3.9352,4.236,66.168,9.6238,1.3886,30.855,5.5889,31.327,15.2861,123.68
2019-08-16,57.223,1.4735,1.7658,3.9793,1.3299,0.97996,7.0403,23.234,6.7344,119.94,0.90285,0.82189,7.8425,6.6712,293.23,14223,3.549,71.148,106.33,1208.56,9.6284,19.5305,4.1785,8.9972,1.5536,52.376,3.9167,4.2699,66.257,9.6714,1.3864,30.885,5.5564,31.296,15.1752,124.32
2019-08-19,54.837,1.4749,1.7615,3.9949,1.3266,0.98028,7.0506,23.219,6.7173,119.92,0.90066,0.82485,7.8443,6.6532,293.4,14235,3.5444,71.404,106.58,1209.71,9.6078,19.6758,4.177,8.9758,1.5578,52.392,3.9361,4.2617,66.917,9.6612,1.3849,30.845,5.6004,31.338,15.3584,124.2
2019-08-20,54.839,1.4759,1.7658,4.0591,1.3328,0.9805,7.0585,23.29,6.7317,120.04,0.90285,0.82722,7.8429,6.6665,295.44,14260,3.5229,71.724,106.35,1207.82,9.618,19.8122,4.1769,8.9958,1.5607,52.333,3.9321,4.2709,66.663,9.7195,1.386,30.775,5.7176,31.368,15.3591,124.68
2019-08-21,54.84,1.4713,1.7613,4.0185,1.3293,0.97938,7.0639,23.229,6.7151,119.91,0.90058,0.82443,7.8415,6.649,294.77,14237,3.5267,71.565,106.48,1202.98,9.6032,19.6731,4.1775,8.9394,1.5587,52.18,3.9201,4.2579,65.913,9.6346,1.3827,30.775,5.7152,31.349,15.1813,124.37
2019-08-22,54.84,1.4779,1.7647,4.0347,1.3283,0.98394,7.085,23.264,6.7272,120.0,0.90228,0.82243,7.8398,6.6704,295.76,14235,3.5248,71.812,106.59,1209.95,9.6123,19.7257,4.1885,8.9678,1.5682,52.319,3.9378,4.2608,65.646,9.6714,1.386,30.795,5.7633,31.353,15.1743,124.79
2019-08-23,55.574,1.4818,1.7676,4.0871,1.3322,0.98446,7.0889,23.289,6.7383,120.06,0.90375,0.81747,7.8424,6.6823,296.95,14212,3.5178,71.671,106.45,1212.1,9.6163,19.8861,4.19,9.0007,1.5689,52.425,3.9358,4.2668,65.926,9.685,1.3882,30.725,5.7673,31.383,15.2227,124.81
2019-08-26,55.145,1.478,1.7594,4.1113,1.3303,0.97922,7.1455,23.203,6.7078,119.84,0.8996,0.81691,7.8441,6.651,296.18,14244,3.5159,72.022,105.86,1213.4,9.5765,19.8947,4.2055,8.9846,1.5681,52.471,3.9243,4.2531,65.925,9.6721,1.3883,30.59,5.8152,31.402,15.2614,124.42
2019-08-27,55.305,1.478,1.7613,4.1556,1.3229,0.98019,7.1613,23.247,6.7163,119.91,0.90058,0.81444,7.8449,6.6645,296.15,14249,3.5186,71.526,105.75,1212.56,9.5803,19.9667,4.203,8.9986,1.5684,52.319,3.9352,4.2615,66.503,9.6407,1.3879,30.561,5.8267,31.365,15.2958,124.91
2019-08-28,56.277,1.4825,1.7647,4.1416,1.3312,0.98096,7.1602,23.319,6.729,119.98,0.90228,0.81948,7.8462,6.6791,297.75,14250,3.5278,71.813,105.73,1213.99,9.6073,19.9756,4.2147,9.0328,1.5752,52.331,3.9587,4.2654,66.805,9.7036,1.3889,30.615,5.7972,31.427,15.3676,124.42
2019-08-29,57.95,1.4814,1.7664,4.1463,1.3276,0.98266,7.1424,23.35,6.735,120.02,0.90318,0.81766,7.8465,6.6867,298.28,14197,3.5221,71.66,106.29,1210.27,9.6062,20.055,4.2175,9.0648,1.5767,52.197,3.9567,4.2694,66.542,9.7354,1.3867,30.605,5.834,31.388,15.2592,124.73
2019-08-30,57.88,1.4859,1.7722,4.1572,1.3282,0.98849,7.1501,23.481,6.7563,120.19,0.90613,0.82063,7.8424,6.7074,299.99,14185,3.5247,71.435,106.27,1208.06,9.6306,20.077,4.2055,9.0957,1.5848,52.068,3.9699,4.2845,66.523,9.8219,1.3875,30.585,5.8371,31.334,15.25,125.5
2019-09-02,59.5,1.4896,1.7832,4.1482,1.3341,0.99152,7.1715,23.631,6.7982,120.49,0.91174,0.82805,7.8429,6.7474,302.1,14194,3.5369,71.929,106.36,1212.15,9.6649,20.108,4.2185,9.0981,1.5861,52.152,3.9835,4.307,66.76,9.7985,1.3907,30.635,5.8135,31.369,15.2103,126.28
2019-09-03,58.25,1.4855,1.7882,4.177,1.3374,0.99013,7.1787,23.667,6.8178,120.63,0.91433,0.83099,7.8438,6.7711,302.35,14225,3.547,72.412,106.11,1214.96,9.7037,20.068,4.2207,9.1606,1.5896,52.29,3.9922,4.324,66.982,9.8864,1.3932,30.674,5.7545,31.393,15.1344,127.91
2019-09-04,55.822,1.4726,1.7751,4.139,1.3323,0.98457,7.1527,23.447,6.7693,120.25,0.90761,0.81916,7.8407,6.7204,298.55,14152,3.525,72.054,106.22,1205.26,9.6763,19.8248,4.1998,9.0614,1.5741,51.92,3.9386,4.2921,66.394,9.7595,1.3859,30.615,5.6709,31.296,14.8601,126.43
2019-09-05,55.931,1.4659,1.7687,4.0727,1.3205,0.98237,7.1438,23.379,6.7452,120.05,0.90432,0.81009,7.8392,6.695,297.95,14112,3.5121,71.814,106.68,1197.23,9.6555,19.6301,4.1895,8.9828,1.5649,51.919,3.9247,4.2774,65.984,9.6604,1.3832,30.545,5.6823,31.245,14.8096,125.97
2019-09-06,56.02,1.4632,1.7736,4.094,1.3225,0.99102,7.1136,23.43,6.7665,120.2,0.90686,0.81287,7.8395,6.7142,299.37,14086,3.5168,71.715,107.02,1192.27,9.6747,19.6382,4.1805,8.9988,1.5605,51.88,3.9352,4.2917,65.809,9.6445,1.3811,30.669,5.7019,31.256,14.7645,126.33
2019-09-09,55.574,1.4562,1.7727,4.0573,1.3156,0.99003,7.125,23.434,6.7614,120.16,0.90637,0.80916,7.8404,6.7049,299.04,14047,3.5263,71.678,106.96,1192.78,9.6817,19.5097,4.1707,8.9425,1.5525,51.84,3.9278,4.2869,65.426,9.6617,1.3798,30.635,5.7261,31.204,14.677,126.08
2019-09-10,56.015,1.4586,1.7716,4.0973,1.3167,0.99121,7.1055,23.432,6.758,119.95,0.9058,0.80888,7.8405,6.6973,300.37,14045,3.5403,71.904,107.36,1191.91,9.6553,19.5344,4.1715,8.9787,1.5574,52.015,3.9256,4.2875,65.439,9.7323,1.3793,30.615,5.7732,31.219,14.6733,125.63
2019-09-11,55.979,1.4561,1.7775,4.0644,1.3149,0.99373,7.1171,23.509,6.7806,120.28,0.90884,0.81008,7.8398,6.7204,302.1,14060,3.5436,71.682,107.71,1192.71,9.6669,19.5001,4.1795,8.9744,1.5584,52.126,3.9385,4.3032,65.315,9.6849,1.3796,30.585,5.7562,31.132,14.6673,126.06
2019-09-12,56.175,1.4543,1.784,4.0502,1.3197,0.99352,7.0877,23.556,6.8067,120.1,0.91216,0.81109,7.8287,6.7434,301.86,13965,3.5456,71.147,107.76,1182.94,9.7065,19.4235,4.1653,8.9887,1.5536,51.913,3.95,4.3189,64.964,9.6976,1.3765,30.406,5.6622,31.036,14.5887,126.15
2019-09-13,56.1,1.4533,1.7626,4.0523,1.3215,0.98594,7.0826,23.29,6.7302,119.93,0.90123,0.80293,7.8255,6.6641,298.78,13965,3.5268,70.964,107.99,1177.0,9.6404,19.3827,4.1645,8.9413,1.564,51.95,3.8976,4.2675,64.189,9.5967,1.3722,30.44,5.668,30.895,14.5082,124.46
2019-09-16,56.064,1.4554,1.773,4.0919,1.3253,0.99103,7.0671,23.463,6.7691,120.1,0.90654,0.80238,7.8203,6.7034,300.9,14040,3.5376,71.6,107.84,1184.05,9.68,19.4271,4.178,8.9786,1.5705,52.3,3.92,4.2923,64.038,9.673,1.3741,30.525,5.7149,30.917,14.6404,123.65
2019-09-17,56.27,1.4622,1.7738,4.1,1.326,0.99456,7.0968,23.504,6.7723,120.2,0.90695,0.80549,7.8239,6.7087,302.88,14091,3.5577,71.782,108.14,1189.6,9.688,19.4921,4.1855,8.9529,1.5804,52.342,3.9376,4.2935,64.143,9.7034,1.3763,30.565,5.7197,30.976,14.7633,123.89
2019-09-18,56.492,1.4611,1.7695,4.0754,1.325,0.99511,7.0885,23.425,6.7559,120.08,0.90473,0.80268,7.8289,6.6932,301.18,14060,3.5352,71.209,108.15,1190.83,9.6803,19.3278,4.184,8.9482,1.5768,52.151,3.9238,4.2854,64.182,9.7076,1.3736,30.535,5.6693,30.949,14.6183,123.77
2019-09-19,56.454,1.472,1.7672,4.1328,1.327,0.99124,7.0948,23.396,6.7473,119.83,0.90359,0.8018,7.8295,6.6874,300.69,14060,3.514,71.324,107.94,1194.22,9.6783,19.3756,4.1913,8.9369,1.5845,52.23,3.9203,4.2873,63.878,9.6885,1.3773,30.525,5.6947,30.995,14.6698,123.79
2019-09-20,56.517,1.4726,1.7732,4.1665,1.3269,0.99202,7.0904,23.493,6.7695,119.96,0.90662,0.79991,7.8344,6.7097,301.8,14055,3.521,70.981,107.99,1188.79,9.694,19.4524,4.17,9.0139,1.5937,52.017,3.9506,4.3024,63.82,9.7111,1.3759,30.495,5.7021,30.954,14.8677,124.21
2019-09-23,56.665,1.4769,1.7804,4.157,1.3278,0.99144,7.126,23.569,6.7969,120.36,0.91033,0.80421,7.8394,6.7426,304.62,14085,3.5154,70.951,107.48,1197.33,9.7123,19.4219,4.1853,9.0781,1.5944,52.137,3.9891,4.3239,63.964,9.7536,1.3782,30.495,5.7195,31.008,14.8807,124.9
2019-09-24,56.925,1.4713,1.7775,4.1588,1.3256,0.98864,7.1071,23.514,6.7855,120.29,0.90884,0.80117,7.8401,6.7291,304.62,14113,3.504,70.948,107.65,1193.91,9.7043,19.4402,4.1815,9.018,1.5839,52.129,3.9819,4.3156,63.643,9.7031,1.3764,30.564,5.6851,31.009,14.8686,124.69
2019-09-25,56.87,1.4784,1.7809,4.1875,1.3276,0.98716,7.1243,23.554,6.7973,120.23,0.91058,0.80739,7.8364,6.7438,305.0,14150,3.5041,71.045,107.45,1200.5,9.72,19.5839,4.19,9.043,1.5876,52.336,3.9988,4.3196,64.367,9.7273,1.378,30.575,5.7001,31.073,15.0323,123.84
2019-09-26,56.995,1.4776,1.7881,4.1244,1.324,0.99323,7.1289,23.634,6.8242,120.45,0.91424,0.80915,7.8386,6.7712,306.21,14168,3.5156,70.909,107.63,1201.23,9.7381,19.563,4.1928,9.0725,1.583,52.17,4.0109,4.3409,64.197,9.7457,1.3809,30.635,5.6591,31.045,14.9683,123.97
2019-09-27,57.17,1.4803,1.7886,4.1602,1.3254,0.99314,7.1282,23.632,6.8277,120.67,0.91449,0.81187,7.8397,6.7749,306.85,14165,3.4839,70.478,108.1,1198.4,9.7415,19.6287,4.188,9.0677,1.5901,51.885,4.0114,4.3452,64.356,9.786,1.3809,30.645,5.6603,31.012,15.0737,123.37
2019-09-30,57.325,1.4809,1.7961,4.1591,1.3248,0.99614,7.1434,23.708,6.8566,120.64,0.91836,0.81342,7.8398,6.806,307.49,14195,3.4785,70.862,107.99,1198.3,9.7612,19.7006,4.187,9.0874,1.5956,51.936,4.0208,4.3618,64.979,9.8226,1.383,30.595,5.6471,31.048,15.2058,124.07
2019-10-01,57.592,1.4933,1.7946,4.1644,1.3274,1.0007,7.1484,23.619,6.8503,120.63,0.9176,0.81625,7.8408,6.8004,307.2,14228,3.4783,71.107,108.28,1202.57,9.7503,19.7825,4.1945,9.1267,1.6084,51.945,4.0167,4.3596,65.225,9.914,1.3863,30.675,5.6872,31.075,15.2964,124.15
2019-10-02,57.645,1.4967,1.7902,4.1662,1.3242,1.0014,7.1484,23.56,6.8343,120.47,0.91533,0.81437,7.8413,6.7872,305.77,14203,3.4893,71.238,107.52,1206.59,9.7355,19.8041,4.1945,9.1469,1.6029,51.996,3.9998,4.347,65.184,9.8964,1.3855,30.625,5.7295,31.074,15.2519,124.03
2019-10-03,57.825,1.4879,1.786,4.1178,1.3338,1.0005,7.1484,23.504,6.8173,120.41,0.91316,0.81079,7.8424,6.7738,304.1,14172,3.4958,70.967,106.99,1203.4,9.7013,19.7498,4.1875,9.1467,1.5908,51.811,3.9631,4.3348,65.085,9.8922,1.3814,30.555,5.7025,31.001,15.1655,123.92
2019-10-04,57.67,1.4798,1.7814,4.0738,1.3309,0.99399,7.1497,23.446,6.8008,120.42,0.91083,0.81105,7.8422,6.7597,303.09,14146,3.4843,70.901,106.78,1195.3,9.6962,19.591,4.1855,9.1006,1.5803,51.745,3.9389,4.3246,64.798,9.8465,1.3789,30.455,5.6931,30.887,15.1604,123.6
2019-10-07,57.675,1.4842,1.7791,4.067,1.3311,0.99372,7.1484,23.452,6.7933,120.17,0.90967,0.81102,7.8447,6.7529,303.5,14173,3.4936,70.994,106.83,1196.4,9.6661,19.5579,4.193,9.132,1.5876,51.873,3.9404,4.3187,64.874,9.9072,1.3804,30.452,5.74,30.886,15.1307,124.17
2019-10-08,57.835,1.4824,1.7803,4.1028,1.3311,0.99199,7.1431,23.489,6.7986,120.28,0.91025,0.81736,7.8443,6.758,304.54,14155,3.5105,71.131,106.89,1198.26,9.6857,19.5995,4.1935,9.1435,1.5814,51.843,3.9437,4.3224,65.194,9.8947,1.3807,30.405,5.8365,30.813,15.2678,124.25
2019-10-09,57.847,1.4827,1.7811,4.0782,1.3302,0.99508,7.1273,23.516,6.8018,120.26,0.91066,0.81823,7.8447,6.7635,304.2,14170,3.5029,71.063,107.38,1197.31,9.6995,19.5356,4.197,9.1547,1.5828,51.74,3.9373,4.3244,64.832,9.942,1.3799,30.335,5.8331,30.808,15.1396,125.03
2019-10-10,57.75,1.4784,1.7732,4.0966,1.3307,0.99257,7.123,23.475,6.771,120.07,0.90662,0.81736,7.8442,6.7344,302.37,14151,3.5081,71.039,107.45,1192.99,9.6701,19.5122,4.189,9.1147,1.5795,51.65,3.915,4.3085,64.633,9.8291,1.3769,30.405,5.8872,30.691,15.1313,125.57
2019-10-11,57.913,1.4712,1.7711,4.1013,1.3293,0.99837,7.1011,23.37,6.7634,119.97,0.90555,0.79252,7.8433,6.7264,300.38,14128,3.502,71.075,108.44,1185.01,9.6627,19.3752,4.1855,9.0895,1.5774,51.55,3.899,4.308,64.116,9.8205,1.3744,30.465,5.8601,30.683,14.849,124.69
2019-10-14,58.035,1.4799,1.773,4.1152,1.3214,0.99565,7.0699,23.409,6.7708,120.03,0.90654,0.7976,7.8442,6.7369,300.46,14130,3.5086,71.185,108.24,1184.9,9.6659,19.3074,4.188,9.1073,1.5891,51.581,3.8919,4.3102,64.232,9.838,1.3691,30.395,5.9309,30.59,14.8022,125.19
2019-10-15,57.959,1.4802,1.7769,4.1307,1.323,0.99727,7.0812,23.458,6.7865,120.1,0.90851,0.79093,7.8451,6.7551,301.97,14165,3.5236,71.496,108.32,1186.07,9.6771,19.2287,4.1905,9.1445,1.5945,51.63,3.9026,4.3189,64.455,9.8324,1.3708,30.375,5.8761,30.616,14.8624,125.65
2019-10-16,58.275,1.487,1.774,4.1745,1.3209,0.99746,7.0993,23.363,6.7766,120.03,0.90703,0.78512,7.8458,6.7427,302.06,14206,3.5414,71.445,108.75,1188.67,9.6612,19.2336,4.195,9.2032,1.6012,51.56,3.8961,4.3139,64.237,9.8284,1.3731,30.415,5.9026,30.648,14.9777,125.44
2019-10-17,57.75,1.4662,1.7599,4.16,1.3177,0.98902,7.0779,23.102,6.7225,119.63,0.89985,0.78143,7.8441,6.6971,298.38,14157,3.5405,71.158,108.71,1178.96,9.6164,19.2063,4.1792,9.1717,1.5805,51.31,3.8563,4.279,64.012,9.7278,1.3652,30.315,5.8967,30.627,14.8731,124.63
2019-10-18,58.247,1.4607,1.755,4.1604,1.3136,0.98672,7.0837,23.025,6.7033,119.48,0.89734,0.77562,7.8424,6.6779,296.68,14154,3.5411,71.136,108.55,1179.41,9.6017,19.1924,4.1865,9.1707,1.5693,51.211,3.8445,4.2682,63.987,9.6682,1.3652,30.295,5.7831,30.562,14.7672,124.82
2019-10-21,58.291,1.4535,1.7505,4.1223,1.3106,0.9847,7.0729,22.939,6.6865,119.31,0.89501,0.76909,7.8435,6.6569,295.34,14063,3.5339,70.857,108.56,1171.61,9.5908,19.1533,4.1805,9.0968,1.5602,51.057,3.8296,4.2588,63.669,9.6045,1.3607,30.255,5.8218,30.55,14.7526,124.68
2019-10-22,58.41,1.4588,1.7572,4.124,1.3101,0.98868,7.0795,22.974,6.7123,119.54,0.89847,0.77327,7.8432,6.6851,296.42,14040,3.541,70.911,108.6,1173.25,9.6165,19.1123,4.1885,9.1494,1.5596,51.185,3.8435,4.2775,63.765,9.6409,1.3624,30.31,5.8308,30.58,14.6754,125.16
2019-10-23,58.593,1.4611,1.7583,4.0869,1.3088,0.9893,7.074,23.05,6.7164,119.53,0.89904,0.77684,7.8428,6.6905,295.88,14029,3.5358,70.866,108.45,1171.85,9.6206,19.1738,4.1875,9.15,1.5608,51.034,3.8466,4.2797,63.912,9.6543,1.363,30.325,5.7824,30.599,14.6738,124.88
2019-10-24,58.907,1.4623,1.7575,4.0356,1.3071,0.9902,7.0726,23.003,6.7132,119.51,0.89863,0.77541,7.8392,6.6966,295.87,14036,3.5244,71.012,108.61,1173.01,9.6246,19.105,4.185,9.1093,1.5636,51.301,3.8435,4.2703,63.97,9.6121,1.3625,30.29,5.7738,30.597,14.6255,124.28
2019-10-25,59.526,1.4648,1.7609,4.0274,1.3065,0.99208,7.0698,23.02,6.7258,119.58,0.90033,0.77967,7.8372,6.7102,296.09,14035,3.5331,70.903,108.57,1174.82,9.6365,19.0889,4.186,9.1712,1.5716,51.275,3.8514,4.2814,63.765,9.6736,1.3631,30.165,5.7632,30.6,14.6202,124.52
2019-10-28,59.125,1.4652,1.764,3.9829,1.3067,0.99639,7.0683,22.982,6.7383,119.67,0.90196,0.77864,7.8401,6.7235,295.99,14013,3.5345,70.746,108.86,1169.93,9.6446,19.0529,4.186,9.2094,1.5768,51.169,3.8527,4.2896,63.618,9.6963,1.3623,30.205,5.7255,30.562,14.5397,124.74
2019-10-29,59.533,1.4589,1.7628,3.9928,1.3056,0.99513,7.0655,23.022,6.7333,119.78,0.90131,0.77808,7.8408,6.7209,296.33,14052,3.5297,70.856,108.95,1167.97,9.637,19.0906,4.183,9.2607,1.5756,51.035,3.8479,4.2865,63.916,9.7272,1.3629,30.215,5.732,30.512,14.6229,124.47
2019-10-30,59.4,1.4586,1.761,4.0168,1.3087,0.99334,7.0566,22.971,6.7269,119.74,0.90041,0.77616,7.8408,6.7176,296.88,14046,3.5296,70.926,108.94,1168.03,9.6464,19.1374,4.18,9.2282,1.5761,50.955,3.8384,4.2839,63.89,9.7254,1.3633,30.236,5.728,30.449,14.9117,124.35
2019-10-31,59.63,1.4467,1.7535,3.9909,1.3155,0.98682,7.0414,22.87,6.6979,119.54,0.89654,0.77222,7.8358,6.6863,294.69,14077,3.5272,70.927,108.24,1168.07,9.6216,19.1196,4.1785,9.1913,1.5563,50.837,3.8176,4.2639,63.981,9.6376,1.3604,30.185,5.7125,30.43,15.1623,123.81
2019-11-01,59.63,1.45,1.7558,3.9893,1.3181,0.98869,7.0419,22.905,6.7072,119.6,0.89775,0.77213,7.8371,6.6972,294.76,14042,3.5256,70.757,108.12,1167.15,9.621,19.1364,4.1655,9.1245,1.5554,50.531,3.8186,4.2685,63.811,9.6053,1.3582,30.185,5.7241,30.471,15.1073,123.98
2019-11-04,59.651,1.4481,1.7528,4.0011,1.3156,0.98772,7.0286,22.863,6.6959,119.53,0.89622,0.77405,7.8384,6.6757,294.66,14020,3.5203,70.73,108.38,1162.32,9.6118,19.0984,4.1505,9.1117,1.5557,50.525,3.8168,4.2608,63.249,9.5927,1.3574,30.193,5.6895,30.415,14.8141,123.59
2019-11-05,59.725,1.4474,1.7606,4.0197,1.3128,0.991,6.9974,22.987,6.7254,119.58,0.90017,0.77516,7.8351,6.705,296.91,13968,3.4999,70.69,108.86,1156.13,9.6378,19.1799,4.1305,9.139,1.5608,50.42,3.8386,4.2833,63.402,9.6267,1.3573,30.195,5.7437,30.367,14.7516,123.95
2019-11-06,59.66,1.4491,1.7636,3.9894,1.3164,0.99279,6.9977,22.992,6.737,119.84,0.90171,0.77577,7.8256,6.7036,299.08,14015,3.4846,70.952,109.0,1158.07,9.648,19.211,4.1365,9.1307,1.5676,50.61,3.8497,4.2946,63.71,9.5978,1.3584,30.305,5.7532,30.383,14.8019,124.17
2019-11-07,59.775,1.4498,1.7656,4.084,1.3167,0.99287,6.9758,23.051,6.7455,119.93,0.90277,0.78037,7.826,6.7071,300.38,13995,3.4868,70.912,109.15,1154.89,9.6476,19.136,4.124,9.0923,1.5693,50.48,3.8506,4.2974,63.717,9.5922,1.3573,30.355,5.7428,30.341,14.7362,124.31
2019-11-08,59.675,1.456,1.7725,4.1311,1.3196,0.9961,6.9889,23.098,6.7724,119.92,0.90629,0.78084,7.8278,6.7378,302.13,14014,3.4922,71.281,109.41,1157.02,9.6626,19.1572,4.1335,9.1438,1.5793,50.579,3.8617,4.3174,63.862,9.6996,1.3596,30.385,5.7561,30.363,14.7835,124.8
2019-11-11,59.503,1.4587,1.7714,4.1617,1.323,0.99375,7.0106,23.105,6.7677,120.15,0.90572,0.77659,7.8274,6.7377,302.83,14076,3.4952,71.542,108.95,1166.56,9.6713,19.116,4.1436,9.1396,1.5712,50.845,3.8708,4.3151,63.882,9.6988,1.3608,30.335,5.7714,30.429,14.8673,124.72
2019-11-12,59.663,1.4605,1.7756,4.1641,1.3244,0.99528,7.0074,23.149,6.7837,120.16,0.90785,0.77912,7.8259,6.756,303.58,14071,3.5023,71.692,109.16,1163.68,9.6866,19.1484,4.1425,9.151,1.578,50.803,3.8808,4.3236,63.991,9.7143,1.3612,30.337,5.773,30.437,14.8283,125.01
2019-11-13,59.775,1.4653,1.777,4.1811,1.3258,0.98982,7.0217,23.252,6.7895,120.21,0.9086,0.77921,7.8325,6.7613,304.15,14104,3.4965,72.069,108.84,1170.41,9.6874,19.4185,4.1535,9.2122,1.5653,50.904,3.8955,4.3279,64.342,9.754,1.3629,30.235,5.7529,30.515,14.941,125.11
2019-11-14,59.675,1.4743,1.7785,4.1764,1.3265,0.98872,7.021,23.243,6.7946,120.23,0.90934,0.77879,7.8292,6.7639,303.6,14102,3.4801,71.929,108.66,1171.11,9.6903,19.4326,4.1575,9.2023,1.5662,50.73,3.9034,4.3351,64.1,9.7245,1.363,30.206,5.7617,30.557,14.8409,122.94
2019-11-15,59.599,1.4701,1.7725,4.1958,1.3239,0.99003,7.0095,23.186,6.7721,120.08,0.90629,0.77633,7.8268,6.741,303.43,14073,3.4758,71.745,108.71,1164.89,9.6649,19.2306,4.1523,9.0942,1.5638,50.615,3.8776,4.3217,63.797,9.6536,1.3613,30.225,5.7489,30.515,14.7267,123.16
2019-11-18,59.608,1.4684,1.7682,4.1769,1.3219,0.99087,7.0183,23.138,6.7558,119.95,0.90408,0.77145,7.8287,6.7263,303.11,14093,3.4581,71.807,108.99,1165.48,9.6466,19.2487,4.1555,9.1185,1.5618,50.702,3.8798,4.3164,63.85,9.6377,1.3604,30.235,5.7243,30.497,14.7783,122.86
2019-11-19,59.75,1.4656,1.7656,4.1947,1.321,0.99115,7.0262,23.079,6.7456,119.87,0.90277,0.77253,7.8278,6.7192,302.37,14090,3.4588,71.678,108.75,1166.39,9.635,19.2624,4.1575,9.1047,1.5581,50.89,3.8708,4.3119,63.76,9.6123,1.3605,30.205,5.7154,30.515,14.7342,123.05
2019-11-20,59.7,1.4673,1.7685,4.1965,1.3302,0.99259,7.0337,23.095,6.7575,119.97,0.90424,0.77507,7.8261,6.7271,301.48,14108,3.4745,71.818,108.47,1170.53,9.642,19.4231,4.1655,9.174,1.5573,50.89,3.8821,4.3225,63.998,9.6695,1.3617,30.185,5.697,30.534,14.7998,122.89
2019-11-21,59.845,1.468,1.7634,4.1884,1.3307,0.99161,7.0267,23.01,6.7381,119.84,0.90163,0.77133,7.8207,6.7077,300.92,14087,3.4541,71.741,108.61,1174.93,9.6182,19.4437,4.1695,9.1081,1.5543,50.869,3.8743,4.311,63.692,9.6085,1.3613,30.205,5.689,30.513,14.6646,122.89
2019-11-22,59.87,1.4729,1.7687,4.1882,1.3275,0.99421,7.0387,23.072,6.7577,119.99,0.90432,0.77754,7.8247,6.725,302.31,14085,3.4664,71.687,108.55,1178.4,9.6319,19.395,4.171,9.1412,1.5587,50.855,3.8865,4.3173,63.697,9.6098,1.363,30.195,5.708,30.549,14.715,123.26
2019-11-25,59.79,1.4746,1.7767,4.2056,1.3307,0.998,7.0362,23.151,6.7874,120.05,0.90843,0.77684,7.8274,6.7555,304.53,14092,3.4624,71.709,108.9,1175.47,9.6584,19.3895,4.1785,9.1811,1.5613,50.795,3.9031,4.3353,63.99,9.6437,1.3654,30.225,5.7409,30.525,14.7404,123.46
2019-11-26,59.652,1.4747,1.7748,4.2573,1.3306,0.99755,7.0396,23.144,6.7804,120.16,0.90744,0.77781,7.8272,6.7473,305.05,14100,3.4616,71.521,108.97,1176.83,9.6379,19.48,4.183,9.1623,1.5576,50.831,3.9034,4.3345,64.015,9.6015,1.3663,30.215,5.74,30.526,14.8261,122.87
2019-11-27,59.895,1.4733,1.7765,4.2459,1.3266,0.99791,7.0263,23.176,6.7864,120.2,0.90835,0.77618,7.8278,6.7572,305.16,14095,3.4703,71.351,109.17,1177.11,9.6467,19.4822,4.172,9.1761,1.5552,50.829,3.9158,4.3456,63.986,9.5903,1.3651,30.235,5.7627,30.527,14.7048,122.63
2019-11-28,59.91,1.4769,1.7772,4.252,1.3289,0.99873,7.0346,23.239,6.7892,120.22,0.90868,0.77401,7.827,6.7578,305.54,14101,3.4684,71.613,109.5,1179.46,9.6585,19.6084,4.1735,9.1895,1.5571,50.795,3.9266,4.348,64.092,9.5832,1.3659,30.225,5.768,30.491,14.7477,122.67
2019-11-29,59.775,1.4777,1.7809,4.2305,1.3307,1.0015,7.0271,23.233,6.8032,120.3,0.91058,0.77604,7.8268,6.7734,303.97,14105,3.4726,71.652,109.66,1179.94,9.6835,19.5301,4.1779,9.201,1.5562,50.845,3.9323,4.3547,64.245,9.5606,1.3674,30.235,5.7547,30.523,14.6783,122.02
2019-12-02,59.841,1.4733,1.7743,4.2324,1.3296,0.99746,7.0421,23.164,6.7778,120.12,0.90719,0.77309,7.8288,6.7477,302.08,14125,3.477,71.648,109.54,1185.27,9.6565,19.5655,4.1795,9.1947,1.544,51.09,3.901,4.3358,64.34,9.5605,1.3685,30.285,5.7549,30.51,14.6757,122.29
2019-12-03,59.807,1.462,1.7666,4.2042,1.332,0.9888,7.0581,23.058,6.7491,119.92,0.90326,0.76958,7.829,6.7203,299.66,14105,3.4862,71.746,108.74,1191.54,9.6289,19.5971,4.1745,9.1833,1.5355,51.109,3.87,4.3155,64.188,9.5432,1.3655,30.285,5.7364,30.53,14.6557,121.4
2019-12-04,59.843,1.4622,1.765,4.1983,1.3272,0.98872,7.0525,23.03,6.7426,119.89,0.90245,0.76356,7.829,6.7128,298.72,14105,3.471,71.53,108.7,1192.31,9.6249,19.5082,4.1765,9.1799,1.5324,51.005,3.8617,4.3095,63.89,9.5229,1.363,30.305,5.7403,30.477,14.5496,121.11
2019-12-05,59.935,1.4648,1.7629,4.218,1.3169,0.98828,7.0421,23.009,6.7348,119.79,0.90139,0.7614,7.8288,6.7054,298.22,14065,3.463,71.228,108.79,1190.45,9.6255,19.3708,4.1695,9.1593,1.5321,50.84,3.8537,4.3073,63.8,9.5023,1.3614,30.355,5.7549,30.496,14.6723,121.15
2019-12-06,59.96,1.4593,1.7629,4.1826,1.3176,0.98864,7.0302,23.015,6.7354,119.64,0.90139,0.76125,7.8287,6.7054,297.63,14020,3.4672,71.249,108.56,1187.41,9.6311,19.3492,4.1595,9.1252,1.5221,50.791,3.8554,4.3086,63.768,9.4811,1.3597,30.327,5.7592,30.476,14.6234,121.33
2019-12-09,59.908,1.4653,1.766,4.1447,1.3251,0.98953,7.0393,23.05,6.747,119.72,0.90293,0.76023,7.8277,6.7167,299.4,14001,3.4703,71.067,108.49,1191.23,9.6443,19.2777,4.1602,9.1411,1.5251,50.85,3.8679,4.315,63.723,9.5201,1.3598,30.312,5.8032,30.487,14.6077,121.26
2019-12-10,60.215,1.4693,1.7656,4.1429,1.324,0.98601,7.0387,23.045,6.7465,119.73,0.90277,0.75899,7.8262,6.7164,298.68,14010,3.4641,70.923,108.58,1192.33,9.6472,19.22,4.1645,9.1923,1.5297,50.775,3.8732,4.3128,63.612,9.5301,1.3598,30.295,5.8048,30.463,14.8164,121.6
2019-12-11,59.745,1.4622,1.766,4.1165,1.3238,0.98564,7.0393,23.045,6.7474,119.72,0.90293,0.76068,7.8138,6.7165,298.64,14044,3.4766,70.801,108.75,1193.23,9.6528,19.2253,4.1645,9.1643,1.5281,50.816,3.8708,4.3154,63.559,9.4442,1.3598,30.265,5.8103,30.447,14.7641,121.99
2019-12-12,59.73,1.4515,1.7561,4.1113,1.3178,0.98222,7.0373,22.914,6.7102,119.47,0.89791,0.75927,7.8049,6.6795,295.77,14035,3.4793,70.877,108.6,1188.28,9.6031,19.1102,4.1595,9.1003,1.518,50.71,3.8463,4.2912,62.933,9.3827,1.3574,30.175,5.7816,30.32,14.6582,122.74
2019-12-13,59.84,1.4461,1.7503,4.0866,1.3166,0.98282,6.9715,22.828,6.6879,119.27,0.89493,0.74734,7.7915,6.6581,294.3,13985,3.4808,70.754,109.57,1171.44,9.5711,19.0192,4.1345,9.0057,1.51,50.511,3.8237,4.2773,62.639,9.3512,1.3519,30.185,5.8011,30.206,14.4436,122.61
2019-12-16,59.783,1.4514,1.7547,4.0814,1.3118,0.98268,7.0003,22.863,6.7047,119.54,0.89718,0.74839,7.7926,6.6751,295.18,14005,3.492,70.973,109.43,1170.53,9.6035,19.0221,4.142,8.9969,1.5126,50.62,3.8271,4.2877,62.652,9.3498,1.3544,30.225,5.8487,30.128,14.472,122.73
2019-12-17,59.731,1.4598,1.7522,4.0682,1.3161,0.98065,6.9961,22.796,6.6951,119.35,0.8959,0.75925,7.7901,6.6713,295.39,13990,3.4936,70.959,109.58,1164.11,9.5985,18.9285,4.1425,9.017,1.5207,50.54,3.8161,4.2798,62.602,9.3817,1.3557,30.225,5.8791,30.126,14.4173,122.38
2019-12-18,59.751,1.4599,1.7596,4.0573,1.3157,0.98183,6.998,22.933,6.7224,119.58,0.89969,0.76523,7.7882,6.7014,297.59,13998,3.5025,70.981,109.59,1166.5,9.6205,18.9744,4.1385,9.0286,1.5223,50.626,3.8422,4.2969,62.554,9.4002,1.3563,30.235,5.9138,30.154,14.368,123.44
2019-12-19,59.903,1.4561,1.7593,4.0625,1.3122,0.98039,7.0101,22.914,6.7215,119.55,0.89952,0.76525,7.7977,6.6923,297.31,13989,3.4926,71.091,109.5,1166.32,9.6256,18.9943,4.142,8.9759,1.52,50.61,3.8335,4.2916,62.48,9.4252,1.3559,30.195,5.9388,30.162,14.3186,123.41
2019-12-20,59.742,1.4498,1.7625,4.0709,1.3138,0.98072,7.0077,22.93,6.7334,119.65,0.90114,0.76717,7.7959,6.7036,297.83,13978,3.477,71.194,109.32,1159.39,9.6299,18.9475,4.14,8.9631,1.5149,50.72,3.8382,4.2989,62.148,9.4025,1.355,30.185,5.9272,30.18,14.2323,122.92
2019-12-23,59.816,1.4454,1.766,4.0831,1.3162,0.98149,7.0115,23.024,6.7466,119.75,0.90293,0.77389,7.7862,6.7233,299.09,13986,3.472,71.283,109.42,1163.45,9.6384,18.9634,4.1425,8.9508,1.5108,50.99,3.8473,4.31,62.33,9.4332,1.356,30.165,5.9444,30.128,14.2307,122.26
2019-12-24,59.942,1.4458,1.7652,4.0836,1.3161,0.98177,7.0075,23.001,6.743,119.74,0.90253,0.77196,7.7879,6.7198,299.42,13985,3.4715,71.256,109.38,1162.19,9.6382,18.963,4.1365,8.9457,1.5087,50.84,3.8446,4.3132,62.088,9.4362,1.3553,30.155,5.9561,30.126,14.1935,122.38
2019-12-27,59.905,1.4342,1.7536,4.0489,1.3083,0.97642,6.9959,22.872,6.6981,119.38,0.89662,0.76329,7.7867,6.6776,296.63,13964,3.4619,71.404,109.59,1160.6,9.5992,18.9178,4.1275,8.8387,1.4933,50.725,3.826,4.2875,62.047,9.3574,1.3524,30.155,5.9579,30.11,14.0455,121.58
2019-12-30,59.905,1.4293,1.748,4.0332,1.3067,0.97158,6.9868,22.757,6.6759,119.22,0.89373,0.76153,7.7874,6.657,295.86,13912,3.4631,71.331,109.21,1156.81,9.596,18.8444,4.1065,8.7997,1.487,50.75,3.8044,4.2739,61.916,9.3306,1.3485,29.915,5.9493,30.053,14.0672,121.37
2019-12-31,59.88,1.4238,1.741,4.0197,1.2994,0.96617,6.9615,22.617,6.6508,119.0,0.89015,0.75734,7.7865,6.6223,294.22,13883,3.4578,71.382,108.55,1153.89,9.566,18.8891,4.0905,8.7803,1.4824,50.65,3.7892,4.2576,62.272,9.2993,1.3451,29.745,5.9501,29.914,14.0442,120.88
2020-01-02,59.757,1.43,1.7473,4.0088,1.2998,0.9707,6.9638,22.703,6.6755,119.19,0.89342,0.75787,7.7909,6.651,294.81,13885,3.4566,71.389,108.77,1159.87,9.5811,18.885,4.0886,8.7919,1.4936,50.768,3.8009,4.273,61.815,9.3566,1.3476,30.145,5.959,30.031,14.0709,122.31
2020-01-03,59.882,1.4381,1.7546,4.0613,1.2982,0.97246,6.9716,22.751,6.7041,119.37,0.8971,0.76357,7.779,6.6801,296.52,13938,3.4777,71.777,108.14,1166.52,9.6142,18.9674,4.102,8.8199,1.4998,51.12,3.8121,4.2867,62.007,9.4068,1.3499,30.155,5.9735,30.047,14.2838,122.81
2020-01-06,59.744,1.44,1.7472,4.0612,1.2976,0.96927,6.9724,22.602,6.6761,119.19,0.89334,0.76126,7.7701,6.6509,294.5,13940,3.4762,71.931,108.11,1169.22,9.5752,18.8869,4.104,8.7983,1.4997,51.141,3.7891,4.2651,62.002,9.4075,1.3498,30.145,5.9764,30.079,14.2456,122.65
2020-01-07,59.737,1.4546,1.7506,4.0839,1.2997,0.97118,6.9425,22.624,6.6891,119.44,0.89509,0.76247,7.7726,6.6665,296.53,13875,3.4668,71.84,108.44,1165.84,9.5856,18.8731,4.093,8.821,1.5067,50.87,3.8003,4.2766,61.992,9.4364,1.3499,30.275,5.9757,30.05,14.2968,122.9
2020-01-08,59.764,1.457,1.7596,4.0569,1.3018,0.97094,6.9441,22.731,6.7234,119.65,0.89969,0.76354,7.7754,6.7018,297.87,13893,3.4675,71.713,108.74,1167.22,9.605,18.8106,4.1015,8.8626,1.506,50.76,3.8173,4.2982,61.753,9.4564,1.3508,30.355,5.9521,30.042,14.23,123.35
2020-01-09,59.825,1.4575,1.7604,4.0679,1.3056,0.97282,6.9317,22.73,6.7265,119.58,0.90009,0.76764,7.7693,6.7021,299.29,13850,3.4704,71.253,109.4,1159.57,9.6044,18.7795,4.0905,8.8807,1.5118,50.63,3.8184,4.3011,61.275,9.4806,1.3518,30.285,5.8804,29.959,14.2069,123.94
2020-01-10,59.82,1.4545,1.7634,4.0743,1.3072,0.97575,6.9221,22.78,6.738,119.66,0.90163,0.76467,7.7664,6.7122,301.01,13763,3.4691,70.951,109.64,1159.5,9.6055,18.8107,4.0765,8.9032,1.5119,50.49,3.8285,4.3094,61.348,9.5131,1.3497,30.235,5.8785,29.97,14.2531,123.16
2020-01-13,59.736,1.4486,1.7579,4.1194,1.3045,0.97169,6.8935,22.677,6.7169,119.51,0.8988,0.77081,7.7749,6.6911,300.46,13701,3.4697,70.845,109.88,1157.73,9.582,18.792,4.0625,8.894,1.5072,50.465,3.8062,4.2948,61.198,9.4911,1.3472,30.218,5.8619,29.916,14.3761,123.31
2020-01-14,59.875,1.4494,1.7596,4.1436,1.3071,0.96869,6.8858,22.632,6.7234,119.58,0.89969,0.77029,7.7775,6.6982,299.39,13693,3.4675,70.83,110.05,1156.76,9.5873,18.8403,4.0745,8.8997,1.5117,50.6,3.7984,4.3,61.396,9.469,1.3478,30.251,5.8883,29.915,14.4196,123.44
2020-01-15,59.979,1.4529,1.7553,4.1599,1.3072,0.96491,6.888,22.567,6.7068,119.47,0.8975,0.76901,7.7716,6.6813,298.82,13698,3.4609,70.797,109.88,1157.08,9.5793,18.8063,4.0755,8.8691,1.5172,50.728,3.7933,4.2903,61.424,9.4768,1.3472,30.24,5.8858,29.94,14.3796,122.6
2020-01-16,59.887,1.4428,1.7511,4.165,1.3035,0.9615,6.8795,22.536,6.6908,119.31,0.89534,0.76524,7.7726,6.6629,298.9,13630,3.4538,70.929,109.95,1158.45,9.5672,18.7931,4.0628,8.869,1.5014,50.834,3.7894,4.2788,61.608,9.4617,1.3452,30.365,5.8522,29.9,14.4354,122.66
2020-01-17,59.89,1.4514,1.7607,4.1763,1.3052,0.96651,6.8587,22.639,6.7275,119.61,0.90025,0.76616,7.7685,6.6959,302.12,13670,3.4544,71.081,110.11,1159.86,9.6084,18.7559,4.0548,8.9026,1.5108,50.907,3.8141,4.3035,61.442,9.4932,1.3468,30.38,5.8807,29.953,14.4564,123.69
2020-01-20,60.005,1.4573,1.7644,4.1822,1.3069,0.96861,6.8662,22.666,6.7412,119.73,0.90212,0.76928,7.7683,6.708,303.46,13638,3.4575,71.073,110.18,1160.2,9.6142,18.6685,4.0615,8.9143,1.5152,50.96,3.828,4.3116,61.532,9.5217,1.348,30.354,5.9183,29.943,14.5282,124.13
2020-01-21,60.005,1.4554,1.7596,4.198,1.3056,0.96653,6.9035,22.552,6.7229,119.54,0.89969,0.765,7.7699,6.6914,301.68,13673,3.4552,71.196,110.04,1167.9,9.5908,18.7305,4.0715,8.9393,1.5125,51.002,3.8181,4.2991,61.835,9.4937,1.349,30.4,5.9323,30.021,14.4758,123.98
2020-01-22,60.095,1.4596,1.7639,4.1925,1.3046,0.97015,6.9021,22.67,6.7396,119.62,0.90188,0.76159,7.7715,6.7077,302.68,13653,3.4523,71.127,109.97,1163.93,9.6101,18.7067,4.0655,8.9818,1.5135,50.955,3.822,4.3095,61.953,9.5173,1.3487,30.38,5.9229,29.993,14.4075,124.28
2020-01-23,60.078,1.456,1.7634,4.1703,1.3163,0.96781,6.9333,22.684,6.7381,119.65,0.90163,0.76186,7.7722,6.7116,304.02,13652,3.4565,71.315,109.55,1167.75,9.6119,18.7116,4.07,8.9873,1.5145,50.955,3.8264,4.3087,61.879,9.5098,1.3498,30.55,5.9301,30.04,14.3813,124.24
2020-01-24,60.1,1.4614,1.7724,4.1762,1.3132,0.97073,6.9333,22.8,6.7721,119.82,0.90621,0.76405,7.7725,6.7435,304.49,13596,3.4527,71.291,109.61,1168.21,9.6416,18.7739,4.065,9.0054,1.5119,50.831,3.8573,4.3316,61.775,9.5481,1.3512,30.56,5.9392,30.039,14.3711,124.51
2020-01-27,60.13,1.4776,1.774,4.2147,1.3187,0.96952,6.9367,22.885,6.778,119.88,0.90703,0.76515,7.7773,6.7497,306.15,13605,3.4604,71.421,108.94,1177.63,9.6376,18.9315,4.0655,9.1032,1.5251,50.87,3.8744,4.3363,62.625,9.5959,1.3574,30.72,5.947,30.148,14.5516,124.63
2020-01-28,60.091,1.4802,1.7772,4.1977,1.319,0.97256,6.9367,22.918,6.7904,120.06,0.90868,0.76877,7.7763,6.7615,306.39,13637,3.456,71.289,109.06,1178.74,9.6587,18.8387,4.0865,9.1557,1.5306,50.775,3.8829,4.342,62.611,9.6313,1.3584,30.845,5.9496,30.106,14.6523,124.67
2020-01-29,60.23,1.4816,1.7778,4.1895,1.3177,0.97527,6.9366,22.914,6.7928,120.17,0.90901,0.76884,7.7723,6.7648,306.69,13628,3.459,71.282,109.14,1178.67,9.6498,18.7356,4.08,9.1413,1.5333,50.84,3.8939,4.3423,62.7,9.613,1.3609,30.97,5.9594,30.098,14.6095,123.53
2020-01-30,60.245,1.4881,1.7733,4.2466,1.3217,0.96926,6.9366,22.894,6.7757,120.09,0.9067,0.76329,7.7684,6.7479,306.79,13687,3.4527,71.639,108.83,1192.31,9.63,18.7669,4.088,9.2246,1.5389,50.998,3.8873,4.3313,63.172,9.6471,1.3628,31.195,5.9815,30.336,14.7496,123.22
2020-01-31,60.295,1.4924,1.7696,4.2668,1.3235,0.96761,6.9367,22.81,6.7618,119.81,0.90481,0.76163,7.7672,6.7354,304.97,13655,3.4464,71.395,108.89,1195.8,9.6099,18.8237,4.0985,9.2194,1.5457,51.015,3.8915,4.324,63.643,9.6605,1.3655,31.18,5.9824,30.313,14.9204,123.33
2020-02-03,60.28,1.493,1.7674,4.2626,1.3236,0.9644,7.0198,22.752,6.753,119.73,0.90367,0.76609,7.7657,6.7292,305.17,13742,3.4461,71.393,108.53,1192.05,9.6072,18.8126,4.114,9.2707,1.5458,50.87,3.8829,4.3185,63.798,9.6519,1.368,31.04,5.9842,30.281,14.893,124.07
2020-02-04,60.565,1.488,1.7703,4.2274,1.3279,0.96868,6.9966,22.758,6.764,119.9,0.90514,0.76828,7.7666,6.7449,304.42,13710,3.4513,71.245,109.09,1186.41,9.6169,18.7111,4.1115,9.2277,1.548,50.78,3.8698,4.3232,63.244,9.6197,1.3703,30.95,5.9805,30.157,14.7775,124.82
2020-02-05,60.582,1.4786,1.7743,4.2288,1.3285,0.97224,6.9725,22.73,6.7793,120.01,0.90719,0.76607,7.763,6.7648,304.6,13641,3.4456,71.154,109.72,1182.05,9.6268,18.5902,4.117,9.1784,1.5428,50.767,3.8548,4.3304,62.625,9.5664,1.3791,30.965,5.9852,29.978,14.7189,125.28
2020-02-06,60.562,1.4798,1.7775,4.2309,1.3278,0.97383,6.9686,22.624,6.7913,120.11,0.90884,0.77102,7.7633,6.7766,306.06,13634,3.4327,71.148,109.85,1183.11,9.6412,18.6176,4.1215,9.2055,1.5445,50.729,3.8581,4.3311,63.126,9.5928,1.3844,31.08,5.988,30.035,14.8167,125.51
2020-02-07,60.624,1.4967,1.783,4.2919,1.3314,0.97593,6.9934,22.819,6.8123,120.18,0.91166,0.77236,7.7644,6.7964,308.28,13732,3.4265,71.44,109.86,1194.07,9.649,18.7146,4.14,9.2691,1.5584,50.885,3.8885,4.3407,63.834,9.6139,1.3907,31.3,5.9885,30.156,14.9698,125.72
2020-02-10,60.706,1.4951,1.786,4.311,1.3314,0.97708,6.983,22.853,6.8235,120.31,0.91316,0.77279,7.7654,6.8076,308.07,13731,3.4228,71.324,109.74,1188.39,9.6672,18.7627,4.148,9.2401,1.5622,50.824,3.8952,4.3524,64.023,9.6546,1.3888,31.3,6.0174,30.103,15.0476,125.92
2020-02-11,60.915,1.4916,1.7941,4.3111,1.3297,0.97853,6.9741,22.902,6.8545,120.51,0.91735,0.77355,7.7661,6.8425,310.0,13686,3.4125,71.272,109.83,1183.96,9.6897,18.6735,4.1335,9.2609,1.5645,50.51,3.9051,4.3751,63.59,9.6664,1.3877,31.265,6.0339,30.014,14.8914,126.5
2020-02-12,61.175,1.482,1.792,4.3326,1.3256,0.97535,6.9702,22.795,6.8461,120.45,0.91625,0.77019,7.7687,6.833,311.06,13664,3.4199,71.316,109.98,1180.14,9.6822,18.6247,4.136,9.2033,1.5422,50.567,3.899,4.3671,62.995,9.6175,1.3856,31.105,6.0402,29.995,14.7761,126.35
2020-02-13,61.32,1.485,1.7998,4.3418,1.3257,0.97847,6.9835,22.854,6.876,120.65,0.92022,0.76723,7.7664,6.8568,310.22,13704,3.4261,71.271,109.7,1183.42,9.7064,18.6261,4.1415,9.2404,1.5492,50.486,3.9121,4.3844,63.514,9.646,1.3892,31.139,6.059,29.994,14.8443,126.71
2020-02-14,61.425,1.4897,1.8039,4.3283,1.3248,0.98146,6.9874,22.9,6.8911,120.93,0.92234,0.76746,7.7674,6.8705,309.6,13716,3.429,71.45,109.86,1184.05,9.7165,18.5953,4.14,9.2472,1.5554,50.55,3.919,4.3981,63.56,9.6924,1.3918,31.219,6.063,30.035,14.8625,126.82
2020-02-17,61.459,1.4886,1.8051,4.3137,1.3229,0.9821,6.9815,22.882,6.8944,120.72,0.92293,0.76823,7.7674,6.8726,308.85,13652,3.4269,71.382,109.88,1183.85,9.723,18.5731,4.145,9.2638,1.5564,50.565,3.9335,4.4087,63.456,9.7206,1.3887,31.175,6.0491,30.016,14.9603,127.09
2020-02-18,61.62,1.4973,1.8082,4.3462,1.3263,0.98179,7.0018,23.02,6.9066,120.8,0.92456,0.76724,7.7685,6.8824,309.57,13665,3.4234,71.551,109.74,1191.51,9.7298,18.6391,4.153,9.3272,1.5644,50.665,3.9521,4.4215,63.765,9.7539,1.3922,31.225,6.0691,30.14,15.051,127.31
2020-02-19,61.715,1.4946,1.8109,4.3689,1.3223,0.98343,6.9943,23.113,6.916,120.9,0.92593,0.76989,7.7708,6.8938,311.42,13688,3.4209,71.513,110.51,1189.58,9.7346,18.5824,4.1625,9.2757,1.5632,50.57,3.9548,4.4252,63.541,9.791,1.3919,31.2,6.0746,30.133,14.9468,127.87
2020-02-20,61.745,1.5101,1.8126,4.3875,1.3257,0.98387,7.0238,23.204,6.9213,121.22,0.92678,0.77702,7.7813,6.9041,313.25,13707,3.4299,71.616,112.01,1206.48,9.7358,18.6914,4.184,9.31,1.5798,50.718,3.969,4.4466,63.768,9.8225,1.4005,31.44,6.0988,30.36,15.1034,127.99
2020-02-21,61.809,1.515,1.8108,4.4024,1.3258,0.98232,7.0313,23.202,6.9162,120.92,0.92584,0.77317,7.7879,6.8966,312.1,13765,3.4242,71.988,111.99,1212.34,9.7357,18.9964,4.1935,9.3392,1.5836,50.88,3.9658,4.4477,64.39,9.7852,1.4009,31.63,6.1227,30.458,15.088,128.04
2020-02-24,61.776,1.5145,1.8079,4.3884,1.3285,0.97985,7.0348,23.282,6.9051,120.85,0.92439,0.77494,7.7948,6.9005,312.08,13957,3.4395,71.941,111.41,1219.45,9.7252,19.156,4.227,9.3666,1.5802,51.07,3.9738,4.4429,65.324,9.783,1.4017,31.74,6.1563,30.47,15.1222,128.77
2020-02-25,61.74,1.5168,1.8042,4.3883,1.3287,0.97832,7.0152,23.271,6.8912,120.75,0.92251,0.77149,7.7901,6.8789,311.26,13925,3.4279,71.701,110.63,1213.73,9.7055,19.0203,4.233,9.3727,1.583,51.07,3.9679,4.4371,65.308,9.7498,1.3991,31.725,6.152,30.363,15.189,128.51
2020-02-26,61.757,1.5232,1.7984,4.39,1.3305,0.97526,7.0188,23.305,6.8699,120.6,0.91954,0.77379,7.7924,6.8602,311.98,13997,3.4417,71.651,110.46,1215.9,9.6681,19.132,4.2255,9.3897,1.5883,51.069,3.9627,4.4184,65.505,9.7299,1.3981,31.875,6.1592,30.338,15.1315,128.09
2020-02-27,62.13,1.5206,1.7838,4.4669,1.3349,0.96926,7.0059,23.06,6.8155,120.25,0.91208,0.77522,7.7942,6.8064,308.62,14035,3.4359,71.633,109.87,1211.08,9.6179,19.3907,4.2105,9.3869,1.5803,50.864,3.9332,4.3871,65.765,9.6455,1.3949,31.65,6.16,30.233,15.3612,127.05
2020-02-28,62.187,1.5373,1.7817,4.485,1.3444,0.96693,6.9839,23.13,6.8072,120.16,0.911,0.77722,7.7936,6.8047,307.52,14347,3.4665,72.228,108.74,1207.05,9.6257,19.7112,4.2145,9.4642,1.6041,51.04,3.9409,4.3846,67.058,9.7238,1.3954,31.55,6.2265,30.198,15.5745,126.9
2020-03-02,62.14,1.5283,1.7585,4.49,1.3358,0.95801,6.9654,22.95,6.7191,119.57,0.89912,0.78325,7.7796,6.7286,302.93,14304,3.4909,72.757,107.73,1192.1,9.557,19.777,4.2035,9.3547,1.5949,50.81,3.891,4.3253,67.038,9.5363,1.389,31.44,6.2267,29.978,15.6628,127.41
2020-03-03,62.17,1.5212,1.7593,4.5005,1.3364,0.95763,6.9778,22.915,6.7221,119.61,0.89952,0.78268,7.7783,6.7332,302.85,14282,3.4605,73.248,107.74,1194.2,9.5637,19.4837,4.206,9.2946,1.5947,50.793,3.8829,4.3255,66.569,9.4981,1.3924,31.54,6.1731,29.957,15.5838,128.54
2020-03-04,62.245,1.5096,1.758,4.5075,1.3359,0.95703,6.9226,22.778,6.717,119.42,0.89888,0.78067,7.7696,6.7279,301.09,14115,3.4563,73.258,107.49,1181.99,9.5649,19.2449,4.179,9.263,1.588,50.596,3.8623,4.3212,65.814,9.4881,1.3843,31.34,6.0969,29.897,15.2615,127.82
2020-03-05,62.245,1.5122,1.7483,4.6018,1.3427,0.95316,6.9347,22.657,6.6785,119.25,0.89389,0.77474,7.7712,6.6957,300.08,14170,3.4696,73.433,106.94,1186.21,9.5316,19.7318,4.1595,9.2706,1.5861,50.76,3.8463,4.3005,66.423,9.4677,1.3851,31.55,6.0819,29.928,15.4417,127.11
2020-03-06,62.352,1.5087,1.7253,4.6531,1.342,0.9341,6.9258,22.458,6.5894,118.8,0.88215,0.76892,7.7707,6.6192,295.94,14607,3.4912,73.739,105.05,1192.33,9.471,20.286,4.172,9.261,1.5753,50.76,3.7969,4.244,68.372,9.3635,1.3788,31.44,6.1052,29.967,15.7475,126.15
2020-03-09,62.505,1.5127,1.7072,4.7502,1.3629,0.92476,6.9483,22.263,6.5202,119.0,0.87291,0.76277,7.7724,6.5904,293.51,14392,3.5156,74.162,102.23,1199.99,9.3994,21.235,4.2165,9.5059,1.5731,50.64,3.765,4.2052,74.337,9.3578,1.3828,31.495,6.1105,30.01,15.9653,126.57
2020-03-10,62.451,1.5256,1.7171,4.6745,1.3678,0.93011,6.957,22.586,6.5596,119.29,0.87796,0.76721,7.7696,6.622,295.17,14295,3.5248,73.845,104.17,1191.5,9.4438,20.96,4.2375,9.52,1.5809,50.515,3.7981,4.2299,71.642,9.4833,1.3887,31.439,6.1356,29.986,15.9435,127.57
2020-03-11,62.547,1.534,1.7253,4.6643,1.3743,0.93428,6.9514,22.733,6.5919,119.51,0.88215,0.77355,7.7691,6.6818,295.92,14353,3.5565,73.677,104.58,1189.19,9.4705,21.085,4.2345,9.5764,1.5835,50.62,3.8091,4.2531,71.789,9.46,1.3886,31.39,6.1958,30.049,16.0639,128.53
2020-03-12,62.575,1.5724,1.74,4.9004,1.3811,0.93852,7.0175,23.312,6.6483,119.93,0.88968,0.78846,7.7817,6.7616,301.04,14621,3.6396,74.262,103.95,1209.43,9.521,22.067,4.2655,10.1141,1.6168,51.286,3.8789,4.2894,74.76,9.6926,1.4038,31.66,6.2599,30.134,16.4099,132.24
2020-03-13,62.659,1.5926,1.7613,4.6868,1.3859,0.95533,6.9873,23.453,6.7302,120.54,0.90058,0.80214,7.7679,6.8111,305.19,14770,3.6804,73.739,107.27,1208.02,9.5925,21.419,4.2785,9.9933,1.6318,50.84,3.9238,4.3419,72.713,9.767,1.4125,31.74,6.2905,30.073,16.1415,135.09
2020-03-16,62.818,1.6311,1.753,4.9638,1.3928,0.94524,7.0226,24.164,6.6981,120.39,0.8963,0.8149,7.7693,6.7926,309.2,15018,3.7461,74.222,105.55,1230.92,9.564,22.809,4.3105,10.2864,1.6581,51.649,3.95,4.333,74.922,9.7695,1.4222,32.21,6.4146,30.242,16.6355,135.52
2020-03-17,62.962,1.6652,1.7809,5.0337,1.4125,0.96166,7.0201,24.572,6.805,121.12,0.91058,0.82702,7.7649,6.9043,316.01,15190,3.8619,74.276,106.99,1243.13,9.6622,22.809,4.3505,10.4774,1.6773,51.505,4.0637,4.4089,74.986,9.9793,1.4288,32.29,6.4912,30.262,16.5988,140.59
2020-03-18,63.093,1.6982,1.7887,5.1338,1.4404,0.96451,7.0354,24.834,6.8348,121.3,0.91458,0.84315,7.7663,6.9449,321.36,15450,3.8096,74.209,107.72,1260.11,9.6845,23.963,4.371,10.7015,1.7127,51.62,4.1165,4.4311,79.66,10.0808,1.4414,32.42,6.447,30.316,16.9768,139.66
2020-03-19,63.329,1.7253,1.8108,5.1881,1.4464,0.97537,7.115,25.559,6.9189,122.74,0.92584,0.86089,7.7631,7.0438,329.65,15912,3.685,75.123,109.83,1262.98,9.7672,24.346,4.415,11.4031,1.7501,51.47,4.2222,4.4852,80.48,10.3252,1.4483,32.475,6.5387,30.416,17.2947,140.91
2020-03-20,63.749,1.7023,1.8267,5.0375,1.425,0.98496,7.0906,25.396,6.9759,123.43,0.93397,0.85017,7.7572,7.1073,327.74,15925,3.6129,75.147,110.55,1247.45,9.838,23.99,4.3945,11.3211,1.7298,51.27,4.2323,4.5302,79.481,10.3295,1.4491,32.55,6.5197,30.235,17.2903,140.75
2020-03-23,63.696,1.7236,1.8138,5.0683,1.4384,0.9821,7.0838,25.628,6.9281,123.24,0.92739,0.86219,7.7558,7.0537,326.75,16575,3.6699,76.166,110.46,1256.7,9.8099,24.681,4.445,11.3668,1.7564,51.4,4.2712,4.4961,79.829,10.2676,1.4602,32.865,6.5859,30.246,17.6333,140.5
2020-03-24,63.769,1.6891,1.8037,5.0831,1.4494,0.97501,7.0598,25.646,6.8864,122.95,0.92225,0.8494,7.755,7.02,325.62,16325,3.6317,75.957,110.66,1241.95,9.8045,24.836,4.4305,11.0435,1.7224,51.07,4.2558,4.4597,78.539,10.2267,1.4472,32.77,6.4659,30.21,17.5924,139.91
2020-03-25,63.948,1.6619,1.8064,5.0741,1.4352,0.97922,7.0974,25.35,6.8978,123.04,0.92362,0.84514,7.7529,7.0272,327.86,16115,3.6401,76.383,111.45,1232.86,9.8684,24.541,4.3865,10.8751,1.7068,51.03,4.2317,4.4746,78.323,10.1264,1.4456,32.78,6.435,30.251,17.4081,140.3
2020-03-26,64.214,1.6539,1.7811,4.991,1.4084,0.9684,7.0736,25.089,6.7989,123.73,0.91066,0.83187,7.753,6.9315,323.28,16106,3.6049,75.157,109.44,1217.07,9.855,23.745,4.335,10.4975,1.6875,50.98,4.1661,4.4017,77.689,10.0237,1.4351,32.635,6.4117,30.222,17.4378,139.79
2020-03-27,64.355,1.6588,1.7817,5.0929,1.414,0.96392,7.0961,24.869,6.7966,124.1,0.911,0.81755,7.7521,6.9363,324.0,16140,3.5905,75.494,108.74,1226.48,9.9581,23.534,4.3381,10.6184,1.6897,51.13,4.1274,4.4069,78.692,10.0353,1.4359,32.585,6.4621,30.267,17.62,140.29
2020-03-30,64.409,1.6332,1.7725,5.1215,1.4162,0.95804,7.0996,24.755,6.767,124.06,0.90629,0.80569,7.7541,6.9118,325.1,16393,3.5838,75.675,108.16,1224.87,10.0526,23.786,4.3326,10.5934,1.668,50.93,4.1244,4.3754,79.88,10.0032,1.4258,32.7,6.5683,30.276,17.8798,139.84
2020-03-31,64.392,1.6399,1.7851,5.2027,1.4254,0.96614,7.0997,24.929,6.8158,124.72,0.91274,0.80908,7.7533,6.9601,328.61,16310,3.5613,75.666,108.53,1224.01,10.14,23.893,4.32,10.5057,1.681,50.99,4.1535,4.407,78.45,10.0961,1.4269,32.79,6.5775,30.299,17.8984,142.02
2020-04-01,64.312,1.6508,1.7884,5.2441,1.4266,0.96598,7.1007,25.027,6.8253,125.1,0.91441,0.80889,7.7525,6.9756,337.75,16679,3.5676,76.445,107.49,1231.24,10.1743,24.15,4.3575,10.304,1.696,50.941,4.1894,4.4203,79.078,10.0007,1.4346,33.02,6.6683,30.269,17.9791,142.74
2020-04-02,64.461,1.6477,1.7933,5.2286,1.4167,0.96745,7.0958,25.264,6.8459,125.3,0.91693,0.80449,7.7522,6.9966,333.51,16657,3.6473,76.407,107.34,1228.57,10.2281,24.299,4.3576,10.3012,1.6853,50.876,4.1901,4.4306,78.709,10.0188,1.432,32.974,6.6628,30.226,18.5008,142.4
2020-04-03,64.594,1.6694,1.8134,5.2752,1.4185,0.97793,7.091,25.535,6.9253,126.71,0.92721,0.81456,7.7538,7.0746,338.57,16615,3.6409,76.236,108.58,1235.81,10.3018,24.615,4.3585,10.443,1.7082,50.816,4.2434,4.4791,76.783,10.1548,1.4362,33.01,6.7034,30.253,18.7891,144.37
2020-04-06,64.82,1.6486,1.8124,5.2874,1.416,0.97859,7.091,25.58,6.9187,126.8,0.9267,0.81364,7.7519,7.0665,338.47,16413,3.6275,76.091,108.92,1228.84,10.3023,25.104,4.3645,10.5528,1.6866,50.66,4.2297,4.4792,76.434,10.174,1.4345,32.86,6.7775,30.236,18.8611,144.1
2020-04-07,64.928,1.6149,1.7968,5.207,1.4018,0.97216,7.0558,25.002,6.8604,126.55,0.9187,0.80931,7.752,7.0115,328.54,16135,3.5993,75.563,108.91,1212.12,10.2525,24.269,4.3425,10.1925,1.6684,50.45,4.1668,4.4387,75.857,9.9943,1.4241,32.765,6.7581,30.1,18.359,142.67
2020-04-08,64.992,1.6186,1.7991,5.2195,1.4013,0.97112,7.0663,25.005,6.866,126.74,0.91988,0.80901,7.7525,7.0127,330.55,16223,3.5925,76.23,108.88,1218.25,10.2608,24.227,4.3486,10.2971,1.6736,50.572,4.1801,4.449,75.522,10.0621,1.4274,32.76,6.7885,30.123,18.179,143.32
2020-04-09,65.067,1.6052,1.7998,5.1492,1.4047,0.97157,7.0589,24.762,6.8701,126.88,0.92022,0.80579,7.7537,7.0098,326.46,15867,3.5814,76.314,108.89,1216.98,10.2627,23.955,4.3375,10.3196,1.6682,50.556,4.1949,4.4474,74.252,10.0722,1.4244,32.82,6.739,30.08,18.0715,143.46
2020-04-14,65.308,1.5633,1.784,5.1615,1.3917,0.96169,7.057,24.504,6.8068,127.01,0.91216,0.79589,7.7511,6.9443,319.89,15716,3.583,76.156,107.32,1215.48,10.1957,23.577,4.3335,10.3182,1.6426,50.582,4.1479,4.4097,73.328,9.9569,1.4158,32.71,6.793,30.067,18.2669,142.21
2020-04-15,65.42,1.5866,1.7938,5.2386,1.406,0.96616,7.0621,24.756,6.8455,127.4,0.91718,0.80148,7.7514,6.9797,321.29,15776,3.6148,76.502,107.42,1220.34,10.2111,23.92,4.3395,10.502,1.6714,50.73,4.1622,4.4371,74.475,10.0269,1.4247,32.68,6.8874,30.099,18.7233,143.17
2020-04-16,65.56,1.5858,1.7963,5.2342,1.4106,0.96583,7.0712,24.847,6.8533,127.74,0.91844,0.80054,7.7508,6.9811,321.05,15696,3.5895,76.874,107.57,1225.67,10.2103,24.15,4.3768,10.4836,1.6725,50.895,4.1594,4.4428,74.045,10.0014,1.4272,32.66,6.9348,30.096,18.5865,143.74
2020-04-17,65.701,1.5735,1.8009,5.23,1.407,0.96823,7.0738,25.012,6.8695,128.13,0.92081,0.8009,7.7506,6.9719,323.95,15586,3.5901,76.483,107.61,1216.88,10.2077,24.027,4.37,10.3909,1.6614,50.916,4.1607,4.4527,73.996,9.9952,1.4224,32.53,6.9043,30.063,18.7505,144.11
2020-04-20,65.805,1.5732,1.8009,5.2913,1.4111,0.96851,7.0736,25.164,6.8678,128.12,0.92081,0.80426,7.7503,6.9524,326.49,15535,3.5712,76.556,107.84,1218.71,10.006,24.041,4.3745,10.3773,1.654,50.761,4.1687,4.4546,74.558,10.0021,1.4231,32.49,6.9263,30.03,18.7376,144.48
2020-04-21,65.92,1.5932,1.8047,5.3169,1.4204,0.97047,7.095,25.327,6.8822,128.47,0.92276,0.81314,7.75,6.9853,327.6,15689,3.5547,76.94,107.4,1232.2,10.0193,24.357,4.3955,10.5973,1.6777,50.841,4.1793,4.4637,76.857,10.1082,1.4312,32.545,6.9815,30.103,18.9951,145.61
2020-04-22,66.09,1.5827,1.7998,5.3249,1.4148,0.96834,7.0824,25.337,6.8638,128.29,0.92022,0.80905,7.7501,6.966,326.78,15584,3.5428,76.534,107.67,1232.78,10.0009,24.285,4.3652,10.7458,1.6748,50.7,4.1731,4.453,76.562,10.0693,1.4271,32.37,6.9944,30.098,18.8102,145.95
2020-04-23,66.166,1.5706,1.8156,5.4462,1.4135,0.97577,7.0794,25.576,6.9232,128.71,0.92833,0.80951,7.7506,7.0321,331.89,15570,3.5469,76.068,107.45,1231.71,9.9968,24.454,4.36,10.6911,1.6661,50.66,4.2127,4.4955,74.833,10.108,1.4232,32.32,6.9428,30.084,19.0707,147.23
2020-04-24,66.268,1.5688,1.8109,5.5674,1.4049,0.97454,7.0792,25.287,6.9053,128.57,0.92593,0.81017,7.7506,6.9929,328.88,15625,3.5171,76.269,107.61,1233.88,9.9816,24.845,4.3605,10.6282,1.6658,50.825,4.193,4.4832,74.444,10.0669,1.4256,32.435,6.9782,30.084,18.9833,146.85
2020-04-27,66.371,1.5476,1.8022,5.5592,1.4057,0.97282,7.0826,25.05,6.8735,128.32,0.92149,0.80412,7.7501,6.9595,326.73,15385,3.5117,76.133,107.1,1224.49,9.9498,24.902,4.354,10.5522,1.6488,50.67,4.1731,4.4572,74.171,10.021,1.4183,32.47,6.9826,30.041,18.8085,146.33
2020-04-28,66.462,1.5385,1.7981,5.6085,1.3955,0.97325,7.077,25.032,6.8558,128.16,0.91937,0.80057,7.7504,6.9504,327.24,15367,3.501,75.867,106.7,1218.9,9.9132,24.388,4.3625,10.3689,1.6508,50.595,4.1802,4.4539,74.184,9.8814,1.4165,32.435,6.9978,29.982,18.655,146.64
2020-04-29,66.58,1.5362,1.8039,5.4711,1.3954,0.975,7.0765,25.018,6.878,128.33,0.92234,0.80592,7.7503,6.9766,327.94,15321,3.5102,75.65,106.55,1218.95,9.9293,24.122,4.3475,10.3973,1.6446,50.51,4.1913,4.4673,73.622,9.9002,1.4152,32.42,6.9883,29.903,18.4317,147.11
2020-04-30,66.68,1.5261,1.7983,5.3848,1.3863,0.97076,7.049,24.914,6.8577,128.16,0.91946,0.79905,7.751,6.9686,324.31,14875,3.5003,75.037,106.54,1207.33,9.8989,23.717,4.3,10.2832,1.6279,50.36,4.1684,4.453,73.457,9.805,1.409,32.38,6.9859,29.744,18.0739,146.47
2020-05-04,66.772,1.5557,1.7874,5.5548,1.4065,0.96399,7.0622,24.784,6.8198,128.72,0.91391,0.80331,7.7534,6.9293,322.86,15100,3.526,75.663,106.78,1224.64,9.8643,24.571,4.316,10.3528,1.6526,50.611,4.1736,4.4204,75.251,9.8806,1.4161,32.35,7.0309,29.803,18.6364,145.77
2020-05-05,66.925,1.5517,1.8037,5.4944,1.4019,0.97067,7.0622,24.881,6.8811,128.62,0.92225,0.80291,7.7522,6.9847,323.04,15100,3.5224,75.754,106.71,1221.81,9.9073,23.873,4.3045,10.3043,1.6518,50.598,4.1793,4.4508,74.214,9.8663,1.4165,32.395,7.089,29.846,18.3545,146.92
2020-05-06,66.945,1.5773,1.8098,5.6349,1.4088,0.97437,7.0979,24.972,6.9046,129.02,0.92533,0.80737,7.7508,7.0038,323.48,15045,3.5083,75.858,106.09,1224.65,9.9085,24.103,4.3225,10.2619,1.6507,50.541,4.2004,4.4631,74.748,9.8342,1.419,32.39,7.1415,29.966,18.562,147.4
2020-05-07,67.05,1.5491,1.8138,5.7749,1.4075,0.97654,7.0877,25.186,6.9188,128.9,0.92739,0.81126,7.7511,7.0171,323.99,15045,3.513,75.832,106.57,1224.32,9.8922,24.175,4.3245,10.2388,1.6526,50.54,4.2165,4.4732,73.801,9.8488,1.4192,32.43,7.2143,29.961,18.6126,147.55
2020-05-08,67.035,1.5321,1.8037,5.817,1.3943,0.97104,7.0754,25.132,6.8798,128.62,0.92225,0.8073,7.7517,6.9698,322.22,14967,3.5074,75.588,106.37,1219.6,9.8333,23.888,4.334,10.2089,1.6294,50.43,4.1946,4.4526,73.631,9.7644,1.4134,32.24,7.1246,29.884,18.4423,146.18
2020-05-11,67.223,1.5437,1.8069,5.7919,1.3984,0.97182,7.0938,25.499,6.8916,128.72,0.92387,0.81185,7.7506,6.9891,323.21,14969,3.5174,75.85,107.32,1224.66,9.8463,23.947,4.334,10.2051,1.6452,50.376,4.212,4.4626,73.631,9.7929,1.4168,32.185,7.0765,29.94,18.4405,146.62
2020-05-12,67.313,1.5311,1.8013,5.7753,1.3979,0.96887,7.0854,25.256,6.8684,128.61,0.92098,0.80837,7.7504,6.9675,323.03,14804,3.5062,75.143,107.35,1221.38,9.8292,23.784,4.3265,10.1785,1.634,50.09,4.1858,4.4484,73.141,9.7594,1.4143,32.1,6.9975,29.877,18.1785,146.16
2020-05-13,67.401,1.5344,1.7984,5.8488,1.4017,0.96809,7.0898,25.203,6.8557,128.51,0.91954,0.81145,7.7504,6.9614,325.13,14797,3.5117,75.292,106.92,1223.98,9.824,24.12,4.3255,10.0579,1.6536,50.156,4.1964,4.4463,73.185,9.7327,1.4143,32.04,6.9757,29.894,18.3163,145.56
2020-05-14,67.484,1.5572,1.8123,5.9234,1.4107,0.97405,7.1029,25.548,6.91,128.9,0.92661,0.82001,7.7508,7.0172,328.63,14951,3.5405,75.602,107.01,1231.63,9.8675,24.321,4.3405,10.2481,1.6742,50.585,4.2315,4.4825,74.138,9.8608,1.4246,32.13,6.9643,29.932,18.6842,146.68
2020-05-15,67.582,1.5563,1.8113,5.8503,1.4105,0.97361,7.1086,25.55,6.9065,128.84,0.9261,0.8218,7.7508,7.0099,328.49,14936,3.5357,75.931,106.99,1234.12,9.8852,23.983,4.351,10.2397,1.6804,50.73,4.2276,4.4823,73.737,9.881,1.4259,32.095,6.9169,29.976,18.5923,145.86
2020-05-18,67.672,1.5451,1.8056,5.7885,1.4034,0.97129,7.1148,25.489,6.8822,128.67,0.92319,0.82305,7.7515,6.9775,326.25,14842,3.5378,75.831,107.38,1230.08,9.8845,23.665,4.3685,10.124,1.6706,50.87,4.2094,4.4671,72.847,9.7953,1.4241,32.02,6.8571,29.997,18.3635,145.03
2020-05-19,67.81,1.5298,1.7861,5.6947,1.3928,0.97105,7.1065,25.105,6.8093,128.44,0.91324,0.81767,7.7507,6.9144,319.95,14774,3.5252,75.662,107.76,1224.83,9.8244,23.614,4.3455,9.9683,1.6442,50.746,4.1562,4.4226,72.497,9.6516,1.4167,31.915,6.7989,29.969,18.2328,142.92
2020-05-20,67.91,1.5197,1.7848,5.7178,1.3881,0.96587,7.1004,25.032,6.8046,128.38,0.91258,0.81546,7.7501,6.9146,319.96,14717,3.504,75.616,107.64,1228.06,9.8135,23.4,4.3515,9.9256,1.6298,50.6,4.1468,4.4187,71.728,9.6339,1.4148,31.82,6.7913,29.963,18.0236,142.82
2020-05-21,67.935,1.5191,1.778,5.6847,1.3918,0.96618,7.1048,24.738,6.7785,128.28,0.90909,0.81766,7.7544,6.8914,316.9,14733,3.5145,75.5,107.65,1231.45,9.8085,23.185,4.3455,9.9118,1.6317,50.59,4.118,4.4021,70.898,9.5727,1.4146,31.81,6.7983,29.926,17.8706,142.09
2020-05-22,68.045,1.531,1.7937,5.5812,1.4007,0.97129,7.1347,24.954,6.8395,128.78,0.91709,0.82138,7.756,6.9557,320.43,14902,3.5271,75.871,107.54,1241.3,9.8808,22.969,4.3625,10.0035,1.6388,50.76,4.1461,4.4419,71.455,9.6637,1.4234,31.895,6.8073,30.028,17.6519,143.34
2020-05-25,68.175,1.5287,1.7927,5.5218,1.3988,0.97131,7.1362,25.0,6.8348,128.88,0.91659,0.82049,7.7543,6.9519,321.47,14710,3.5225,75.885,107.67,1241.64,9.8583,22.672,4.3635,10.0236,1.6398,50.763,4.1275,4.4381,71.757,9.6691,1.4248,31.98,6.815,30.076,17.6725,142.35
2020-05-26,68.127,1.507,1.7821,5.3862,1.3835,0.96583,7.1316,24.668,6.7934,128.45,0.91116,0.80982,7.752,6.9103,318.54,14755,3.5119,75.563,107.44,1232.1,9.8672,22.15,4.3635,9.9265,1.6143,50.44,4.0552,4.4137,70.842,9.6185,1.4178,31.88,6.7439,29.972,17.3713,140.41
2020-05-27,68.208,1.5071,1.7795,5.3388,1.3762,0.97125,7.1588,24.612,6.7858,128.34,0.90984,0.81517,7.7522,6.905,317.26,14710,3.5039,75.735,107.89,1236.5,9.8572,22.327,4.3475,9.852,1.6121,50.649,4.0371,4.4066,71.067,9.6086,1.4183,31.895,6.7821,30.023,17.4213,137.57
2020-05-28,68.294,1.5091,1.7754,5.31,1.3757,0.96977,7.1536,24.525,6.7669,128.4,0.90777,0.81452,7.753,6.89,317.48,14715,3.5085,75.763,107.73,1237.98,9.8438,22.293,4.3555,9.8541,1.6137,50.646,4.0162,4.3968,70.746,9.5752,1.418,31.87,6.8148,29.998,17.4275,136.89
2020-05-29,68.398,1.4979,1.7563,5.3569,1.3721,0.96264,7.1351,24.175,6.6938,128.37,0.89799,0.80898,7.7539,6.813,313.16,14610,3.508,75.521,107.12,1235.82,9.7779,22.064,4.3475,9.6875,1.6041,50.495,3.9956,4.3546,70.44,9.4172,1.4109,31.81,6.8338,29.988,17.4424,135.42
2020-06-01,68.479,1.4833,1.7594,5.3325,1.3699,0.96132,7.1363,24.162,6.7065,128.43,0.8996,0.8067,7.7514,6.8275,310.77,14610,3.5037,75.513,107.73,1227.46,9.7801,21.997,4.3185,9.7058,1.6035,50.33,3.9833,4.3574,69.664,9.413,1.4096,31.67,6.8139,29.954,17.4517,135.84
2020-06-02,68.57,1.4596,1.7503,5.3248,1.3519,0.96125,7.1069,23.846,6.6709,128.32,0.89493,0.79723,7.7509,6.7879,309.35,14415,3.4781,75.21,108.13,1221.07,9.7163,21.877,4.2775,9.5577,1.5822,50.18,3.9371,4.3335,68.731,9.3539,1.4022,31.565,6.7745,29.922,17.2503,135.14
2020-06-03,68.665,1.4544,1.7472,5.1807,1.3555,0.96418,7.1109,23.816,6.6595,128.54,0.89334,0.79565,7.7503,6.7643,309.0,14191,3.4634,75.496,108.58,1218.59,9.7244,21.688,4.2615,9.5388,1.5662,49.958,3.9427,4.3231,68.792,9.3432,1.3986,31.57,6.7628,29.933,17.0488,134.89
2020-06-04,68.77,1.4468,1.7385,5.0657,1.3514,0.95876,7.117,23.665,6.6273,128.56,0.88889,0.7972,7.7501,6.7311,306.58,14095,3.4727,75.493,108.87,1216.65,9.6948,21.756,4.2735,9.4265,1.5564,49.875,3.9442,4.2998,69.167,9.2597,1.4007,31.59,6.7438,29.926,16.8941,132.0
2020-06-05,68.84,1.4322,1.7262,5.0599,1.3448,0.95905,7.0917,23.468,6.5811,128.33,0.88261,0.78948,7.7501,6.6827,304.17,14018,3.4574,75.578,109.24,1205.27,9.6598,21.754,4.267,9.303,1.535,49.83,3.921,4.2703,68.681,9.2012,1.3923,31.465,6.7738,29.749,16.8423,131.42
2020-06-08,68.985,1.4316,1.7331,4.9359,1.3404,0.96243,7.0745,23.558,6.6066,128.58,0.88613,0.79019,7.7501,6.7036,304.97,14014,3.448,75.534,109.36,1199.11,9.6795,21.553,4.2675,9.2692,1.5322,49.89,3.9285,4.2852,68.282,9.2138,1.3912,31.435,6.7855,29.73,16.8187,132.48
2020-06-09,69.012,1.4403,1.7317,4.8649,1.3447,0.9536,7.0856,23.582,6.6024,128.63,0.88543,0.78909,7.7501,6.7044,305.47,14093,3.4509,75.536,108.15,1198.25,9.6759,21.761,4.2755,9.334,1.5384,50.045,3.937,4.2824,68.832,9.2251,1.3908,31.36,6.8053,29.725,16.7288,132.55
2020-06-10,69.1,1.4259,1.7194,4.8539,1.3387,0.94611,7.0598,23.393,6.5541,128.0,0.87912,0.78209,7.7501,6.6541,301.65,14085,3.4325,75.516,107.39,1188.72,9.6234,21.825,4.2515,9.2644,1.5259,49.905,3.9142,4.2505,68.701,9.196,1.3843,31.14,6.782,29.547,16.5605,132.48
2020-06-11,69.198,1.447,1.7235,4.9763,1.3501,0.94263,7.0717,23.51,6.5694,128.32,0.88121,0.79014,7.7503,6.6686,303.89,14015,3.4529,75.837,107.08,1197.73,9.6272,22.399,4.2495,9.4466,1.5448,50.131,3.9416,4.2602,69.171,9.2543,1.3886,30.95,6.8198,29.644,16.8639,133.68
2020-06-12,69.315,1.455,1.7302,5.0768,1.3577,0.9463,7.0763,23.618,6.5951,128.54,0.88464,0.79311,7.7501,6.6932,306.09,14206,3.4668,75.893,107.27,1203.51,9.6478,22.51,4.2675,9.5962,1.5528,50.215,3.9352,4.2766,69.68,9.2979,1.3905,30.95,6.8316,29.635,17.0554,134.55
2020-06-15,69.325,1.4641,1.738,5.1585,1.3634,0.94899,7.095,23.712,6.6257,128.8,0.88865,0.79666,7.75,6.7155,308.42,14254,3.4967,76.006,107.38,1213.97,9.6747,22.581,4.278,9.6769,1.5526,50.345,3.9413,4.2953,70.072,9.3658,1.3945,31.11,6.8397,29.684,17.1705,134.81
2020-06-16,69.321,1.4436,1.7296,5.0979,1.3548,0.94774,7.0783,23.491,6.5937,128.52,0.88433,0.79033,7.7497,6.6745,305.54,14130,3.4705,76.097,107.35,1210.74,9.6401,22.08,4.275,9.4967,1.5453,50.11,3.9151,4.2765,69.366,9.2975,1.3895,31.111,6.8484,29.649,17.0249,135.13
2020-06-17,69.572,1.4505,1.7413,5.2102,1.3536,0.94988,7.0871,23.648,6.6382,128.87,0.89031,0.79637,7.7501,6.7183,306.71,14199,3.4497,76.166,107.42,1212.79,9.6769,22.206,4.282,9.5308,1.5487,50.101,3.959,4.3051,69.609,9.3592,1.3933,31.21,6.8565,29.619,17.1197,135.68
2020-06-18,69.612,1.4575,1.7428,5.3233,1.3561,0.95054,7.0883,23.783,6.6437,129.16,0.89111,0.80225,7.7501,6.7246,308.27,14085,3.4585,76.341,106.93,1211.25,9.6826,22.512,4.278,9.5422,1.5523,50.171,3.9785,4.3123,69.69,9.4034,1.3939,31.125,6.8587,29.63,17.4063,136.78
2020-06-19,69.682,1.4506,1.7447,5.355,1.3567,0.95058,7.0769,23.803,6.6507,129.13,0.89206,0.80736,7.751,6.7498,308.15,14209,3.4451,76.137,106.84,1207.43,9.6672,22.581,4.2689,9.5571,1.5525,50.074,3.9711,4.3201,69.274,9.4264,1.3937,31.012,6.8588,29.546,17.3452,137.91
2020-06-22,69.76,1.453,1.7442,5.2839,1.3565,0.95015,7.0764,23.795,6.6479,129.19,0.89182,0.80556,7.7501,6.7712,309.11,14259,3.4489,76.037,106.92,1214.04,9.6663,22.502,4.2805,9.6303,1.5473,50.12,3.968,4.3184,69.455,9.411,1.3947,31.0,6.8518,29.612,17.3974,138.32
2020-06-23,69.912,1.4377,1.728,5.2135,1.3491,0.94584,7.0634,23.513,6.5857,128.72,0.88355,0.80076,7.7501,6.6946,309.62,14160,3.4289,75.49,106.95,1207.38,9.6129,22.31,4.2755,9.4844,1.5366,50.084,3.9204,4.2797,68.693,9.2927,1.391,30.92,6.8583,29.525,17.2044,138.54
2020-06-24,70.035,1.4488,1.7339,5.1793,1.3591,0.94672,7.072,23.699,6.6073,128.86,0.88652,0.80091,7.7501,6.715,311.68,14168,3.4301,75.647,106.65,1202.47,9.6434,22.586,4.2725,9.5707,1.556,50.047,3.9433,4.2937,69.156,9.3214,1.389,30.84,6.8548,29.479,17.3106,139.27
2020-06-25,70.039,1.4572,1.7462,5.3582,1.3645,0.94973,7.072,23.925,6.6548,129.23,0.89286,0.80476,7.7504,6.7562,316.38,14275,3.4415,75.634,107.37,1203.33,9.7039,22.886,4.278,9.7096,1.5594,50.067,3.9869,4.3232,69.421,9.3629,1.3929,30.935,6.855,29.531,17.4003,138.93
2020-06-26,70.092,1.4548,1.7442,5.404,1.3661,0.9481,7.072,23.908,6.6461,129.06,0.89182,0.80777,7.7503,6.7399,316.73,14220,3.4308,75.644,106.96,1200.56,9.7164,22.816,4.291,9.7075,1.5543,49.989,3.985,4.3187,69.455,9.3439,1.392,30.923,6.855,29.507,17.2834,138.23
2020-06-29,70.167,1.4539,1.7333,5.4152,1.3656,0.9455,7.0756,23.793,6.605,128.9,0.88621,0.81124,7.7504,6.7077,315.76,14368,3.4336,75.496,107.29,1198.87,9.6832,22.973,4.285,9.6608,1.5538,49.856,3.9582,4.2928,69.937,9.2857,1.3921,30.88,6.8549,29.474,17.2157,137.72
2020-06-30,70.356,1.4595,1.7466,5.4579,1.3685,0.95115,7.0744,23.879,6.6553,129.3,0.89302,0.81482,7.7503,6.7609,318.43,14453,3.4668,75.567,107.75,1201.85,9.7163,23.171,4.2855,9.7446,1.561,49.861,3.9793,4.3219,71.111,9.372,1.3974,30.92,6.8549,29.445,17.3625,138.77
2020-07-01,70.46,1.4525,1.7462,5.4429,1.3587,0.94821,7.0671,23.812,6.6543,129.26,0.89286,0.80741,7.7507,6.754,316.52,14265,3.4557,75.554,107.42,1203.43,9.7246,22.946,4.2865,9.6193,1.5502,49.813,3.9806,4.3184,71.142,9.3719,1.3955,30.99,6.8551,29.477,17.2263,138.93
2020-07-02,70.515,1.4439,1.7329,5.3006,1.3595,0.94347,7.0671,23.597,6.6016,128.88,0.88605,0.79944,7.7502,6.699,311.53,14379,3.447,74.739,107.43,1199.63,9.6784,22.626,4.2855,9.4695,1.5326,49.688,3.9642,4.2845,70.391,9.2712,1.3934,31.06,6.8552,29.456,16.9194,138.4
2020-07-03,70.58,1.4411,1.7425,5.3561,1.3572,0.94645,7.0661,23.757,6.639,129.13,0.89095,0.80292,7.7501,6.7329,314.1,14510,3.4361,74.679,107.52,1199.7,9.7031,22.545,4.2875,9.5131,1.5328,49.48,3.9814,4.3095,71.472,9.3296,1.3947,31.11,6.8565,29.464,17.0849,139.26
2020-07-06,70.579,1.4331,1.727,5.2755,1.3539,0.93969,7.0197,23.581,6.5798,128.7,0.883,0.79916,7.75,6.6764,311.55,14418,3.443,74.57,107.53,1192.5,9.6358,22.182,4.2774,9.3791,1.527,49.334,3.946,4.2715,71.859,9.2581,1.391,31.045,6.8647,29.415,17.0208,138.81
2020-07-07,70.75,1.4403,1.7323,5.3765,1.3567,0.94269,7.0228,23.632,6.6007,128.88,0.88574,0.79849,7.7501,6.6864,313.22,14440,3.45,74.81,107.71,1194.92,9.6508,22.565,4.2745,9.4267,1.5288,49.506,3.9578,4.2864,71.647,9.2609,1.3951,31.233,6.8652,29.469,17.0866,139.06
2020-07-08,70.86,1.4391,1.7329,5.3552,1.359,0.94134,7.0143,23.7,6.6005,128.86,0.88605,0.79677,7.7501,6.6795,314.98,14414,3.4511,75.004,107.56,1195.16,9.6487,22.721,4.2725,9.4706,1.5273,49.529,3.9664,4.2892,71.292,9.2424,1.3951,31.235,6.865,29.456,16.9793,139.46
2020-07-09,70.896,1.4318,1.7244,5.3359,1.3502,0.93758,6.9855,23.472,6.5688,128.62,0.88168,0.79047,7.75,6.6448,312.33,14395,3.439,74.987,107.27,1194.1,9.6188,22.657,4.2625,9.361,1.5185,49.429,3.9371,4.268,70.57,9.1668,1.3908,31.195,6.8634,29.412,16.8128,139.92
2020-07-10,70.878,1.4408,1.7345,5.3823,1.3601,0.94227,7.0018,23.671,6.6054,128.88,0.88684,0.79434,7.7506,6.6819,313.68,14435,3.4592,75.239,106.85,1201.4,9.6384,22.787,4.2665,9.5036,1.5244,49.48,3.968,4.2948,71.133,9.2214,1.3926,31.32,6.8656,29.49,16.9288,141.01
2020-07-13,70.871,1.4342,1.7264,5.3397,1.3563,0.94315,7.0005,23.522,6.5715,128.67,0.88269,0.79387,7.7508,6.6502,312.32,14425,3.4448,75.223,107.16,1201.67,9.6254,22.496,4.2639,9.4139,1.5205,49.429,3.9507,4.276,70.748,9.1652,1.3896,31.39,6.8695,29.453,16.7469,140.7
2020-07-14,71.174,1.4372,1.7194,5.356,1.3616,0.93987,7.0158,23.418,6.5448,128.54,0.87912,0.79805,7.7513,6.6193,312.51,14450,3.4367,75.402,107.4,1206.14,9.5995,22.627,4.2715,9.4163,1.5312,49.499,3.9368,4.258,71.068,9.1301,1.3931,31.58,6.8669,29.496,16.7676,140.13
2020-07-15,71.234,1.4237,1.709,5.3225,1.3568,0.94224,6.9884,23.232,6.5069,128.21,0.87382,0.79116,7.7524,6.5806,308.68,14588,3.4292,75.122,106.82,1200.24,9.5552,22.261,4.2625,9.2865,1.5202,49.444,3.9049,4.2327,70.823,9.0412,1.388,31.49,6.8654,29.486,16.5205,140.42
2020-07-16,71.29,1.4314,1.7135,5.3578,1.3538,0.94507,6.9968,23.386,6.5229,128.38,0.87612,0.79617,7.7545,6.6021,310.22,14625,3.435,75.223,107.1,1203.56,9.5891,22.345,4.2715,9.2998,1.5279,49.5,3.9362,4.2433,71.132,9.0678,1.392,31.67,6.8617,29.469,16.6621,140.18
2020-07-17,71.36,1.4316,1.7114,5.3237,1.3572,0.94093,6.9982,23.348,6.515,128.33,0.87504,0.79697,7.7544,6.5961,309.52,14695,3.4348,74.965,107.22,1204.54,9.5643,22.412,4.2635,9.275,1.5281,49.45,3.9226,4.2371,71.614,9.0418,1.3902,31.71,6.8615,29.49,16.6692,140.18
2020-07-20,71.427,1.429,1.7084,5.3704,1.3567,0.93781,6.9874,23.234,6.5059,128.22,0.87352,0.79119,7.7519,6.5811,307.97,14785,3.4311,74.808,107.12,1202.89,9.5686,22.556,4.2625,9.2645,1.523,49.354,3.8952,4.2294,71.523,8.9981,1.3897,31.775,6.8578,29.489,16.7199,139.94
2020-07-21,71.59,1.4117,1.7092,5.2797,1.3457,0.93857,6.9896,23.096,6.5061,128.17,0.8739,0.78699,7.7518,6.5804,306.42,14708,3.4258,74.613,107.23,1195.46,9.5416,22.364,4.2615,9.1701,1.5123,49.336,3.8768,4.229,70.856,8.9478,1.3887,31.63,6.8486,29.425,16.4997,139.21
2020-07-22,71.714,1.3939,1.6892,5.1753,1.3422,0.93151,6.9959,22.772,6.4296,127.74,0.86371,0.78704,7.751,6.4968,301.67,14569,3.4221,74.529,107.05,1195.7,9.4494,22.346,4.2525,9.0985,1.4966,49.326,3.8252,4.1815,70.789,8.8457,1.3832,31.565,6.8491,29.408,16.369,136.29
2020-07-23,71.726,1.4043,1.6906,5.1451,1.3386,0.92757,7.0064,22.769,6.4335,127.63,0.86438,0.78827,7.7514,6.5014,300.21,14649,3.4195,74.838,107.17,1200.89,9.4537,22.446,4.2585,9.1687,1.5026,49.444,3.8155,4.1797,71.372,8.872,1.3859,31.71,6.8484,29.442,16.6136,136.4
2020-07-24,71.787,1.4108,1.6849,5.2358,1.342,0.92436,7.017,22.629,6.4126,127.48,0.86147,0.78381,7.7514,6.4757,298.91,14630,3.4151,74.836,106.27,1203.33,9.4263,22.467,4.2645,9.2137,1.5081,49.376,3.7945,4.1631,71.838,8.8465,1.3855,31.72,6.8484,29.488,16.7428,135.94
2020-07-27,71.837,1.4007,1.6631,5.1802,1.3375,0.9216,7.002,22.273,6.3296,128.03,0.85034,0.7767,7.7512,6.3914,294.14,14520,3.4135,74.728,105.34,1196.56,9.3456,22.116,4.2525,9.0717,1.497,49.164,3.7429,4.1074,71.488,8.7311,1.3789,31.505,6.8497,29.338,16.4439,134.69
2020-07-28,72.015,1.4007,1.6692,5.1762,1.3393,0.91815,7.0019,22.404,6.3522,127.81,0.85346,0.77638,7.7503,6.4069,296.13,14535,3.4156,74.857,105.27,1200.08,9.376,22.057,4.2525,9.1269,1.5047,49.214,3.7598,4.1269,72.408,8.7753,1.3799,31.51,6.9372,29.303,16.584,135.36
2020-07-29,72.068,1.3943,1.6681,5.13,1.336,0.91821,6.9993,22.423,6.3477,127.81,0.85288,0.77087,7.75,6.3915,296.52,14535,3.4102,74.789,105.14,1194.22,9.3646,21.86,4.2435,9.0894,1.5045,49.073,3.7692,4.1232,72.418,8.7736,1.3767,31.47,6.9721,29.293,16.4835,135.61
2020-07-30,72.145,1.4005,1.6655,5.2107,1.343,0.91493,7.0033,22.352,6.3379,128.03,0.85157,0.7687,7.7502,6.3766,294.3,14600,3.4018,74.887,105.24,1195.74,9.3357,22.149,4.2395,9.1299,1.5096,49.12,3.7537,4.1146,73.763,8.777,1.3762,31.44,6.981,29.323,16.7819,135.57
2020-07-31,72.206,1.3916,1.6507,5.167,1.3418,0.90893,6.9748,22.092,6.2831,128.34,0.84402,0.76007,7.7503,6.3146,291.15,14656,3.4024,74.814,104.92,1189.7,9.2864,22.179,4.2395,9.0583,1.4999,49.058,3.7166,4.0779,74.012,8.6795,1.3711,31.185,6.9712,29.331,16.9615,135.04
2020-08-03,72.318,1.4078,1.6679,5.2341,1.3436,0.91967,6.9845,22.445,6.3505,128.78,0.85281,0.76764,7.7505,6.3751,294.83,14714,3.416,75.2,106.18,1195.0,9.3449,22.402,4.2215,9.1411,1.5096,49.104,3.7695,4.1237,73.853,8.7803,1.377,31.25,6.9814,29.382,17.2932,136.45
2020-08-04,72.452,1.402,1.6624,5.333,1.3407,0.91466,6.9832,22.287,6.3291,128.61,0.84998,0.76783,7.75,6.3479,293.01,14685,3.4247,75.121,106.06,1195.49,9.3321,22.728,4.2205,9.1431,1.5136,49.107,3.7446,4.1103,73.719,8.7569,1.3765,31.116,6.969,29.411,17.4144,136.0
2020-08-05,72.516,1.3848,1.6499,5.2565,1.3247,0.90855,6.9409,22.015,6.2855,128.23,0.8436,0.76147,7.7502,6.3002,290.62,14550,3.4079,74.835,105.76,1185.88,9.2728,22.534,4.1925,8.9915,1.5024,49.03,3.7063,4.0784,72.861,8.6777,1.369,31.01,7.0281,29.356,17.2279,135.14
2020-08-06,72.575,1.3926,1.6514,5.3483,1.3297,0.90847,6.9514,22.124,6.2906,128.25,0.84438,0.76022,7.7502,6.3058,292.35,14611,3.4036,74.947,105.51,1186.35,9.2392,22.473,4.1885,8.9959,1.5054,49.089,3.7214,4.0834,73.402,8.7111,1.3709,31.1,7.2493,29.377,17.5344,135.27
2020-08-07,72.65,1.3881,1.6551,5.3545,1.3345,0.91428,6.9593,22.238,6.303,128.45,0.84624,0.76477,7.7503,6.3125,292.74,14670,3.4066,75.002,105.7,1186.34,9.2611,22.436,4.1875,9.0068,1.5051,49.046,3.7303,4.0936,73.606,8.73,1.3712,31.155,7.1946,29.405,17.5248,135.91
2020-08-10,72.703,1.398,1.6627,5.415,1.338,0.91728,6.9713,22.259,6.3316,128.62,0.85012,0.76643,7.7502,6.3613,293.45,14640,3.411,74.904,106.04,1187.01,9.2609,22.362,4.1955,9.036,1.5166,49.126,3.7423,4.1112,73.638,8.7397,1.3736,31.14,7.3157,29.408,17.7208,136.53
2020-08-11,72.91,1.3923,1.6598,5.4373,1.3287,0.91174,6.947,22.197,6.32,128.6,0.84868,0.76248,7.7501,6.3477,292.82,14723,3.4019,74.565,106.06,1182.88,9.2507,22.323,4.1925,8.967,1.5135,48.897,3.7357,4.1038,72.723,8.7274,1.371,31.06,7.2486,29.391,17.5049,136.72
2020-08-12,72.942,1.4029,1.6615,5.4186,1.329,0.91369,6.9457,22.188,6.3267,128.66,0.84955,0.76863,7.7509,6.3618,293.22,14760,3.4068,74.802,106.97,1184.2,9.2374,22.375,4.1935,8.9596,1.5289,48.96,3.7408,4.1081,73.316,8.7089,1.3734,31.11,7.3124,29.416,17.4242,136.86
2020-08-13,72.999,1.3963,1.6528,5.3888,1.3215,0.91135,6.9456,22.078,6.2938,128.32,0.84509,0.76374,7.7503,6.3488,291.5,14839,3.4033,74.842,106.97,1185.01,9.2263,22.342,4.1925,8.886,1.5247,48.819,3.7157,4.0859,73.675,8.6832,1.3717,31.05,7.3349,29.448,17.4427,136.14
2020-08-14,73.038,1.3989,1.6556,5.3966,1.3247,0.91035,6.95,22.11,6.3041,128.36,0.84653,0.76334,7.7504,6.3791,292.99,14909,3.4056,74.892,106.67,1186.92,9.2372,22.181,4.1935,8.9226,1.5298,48.72,3.7234,4.0938,73.292,8.7135,1.3721,31.11,7.3774,29.413,17.4486,136.38
2020-08-17,73.104,1.3908,1.65,5.4135,1.3232,0.90821,6.9402,22.053,6.2828,128.18,0.84367,0.76457,7.7503,6.3528,294.04,14881,3.4087,74.825,106.29,1186.09,9.1973,22.013,4.192,8.8686,1.5337,48.674,3.7093,4.0785,73.526,8.6989,1.3699,31.21,7.3953,29.408,17.4437,136.25
2020-08-18,73.098,1.3814,1.6427,5.4408,1.3163,0.90484,6.9215,21.95,6.2545,128.0,0.83991,0.75907,7.7502,6.3242,293.84,14845,3.4022,74.651,105.44,1184.34,9.1811,22.059,4.1825,8.8199,1.5218,48.55,3.6847,4.0614,73.114,8.6679,1.3649,31.12,7.3932,29.387,17.3988,135.9
2020-08-19,73.343,1.3767,1.639,5.4567,1.3147,0.90598,6.9113,21.887,6.2393,127.88,0.83801,0.7571,7.7502,6.3126,293.13,14771,3.3999,74.851,105.37,1178.22,9.1756,22.109,4.1725,8.8373,1.5058,48.53,3.6824,4.0562,73.385,8.6433,1.3641,31.24,7.3565,29.367,17.1943,135.76
2020-08-20,73.426,1.3961,1.6505,5.6079,1.321,0.91021,6.9186,21.992,6.2828,128.14,0.84388,0.76095,7.7502,6.3592,295.69,14771,3.4013,75.097,105.87,1188.37,9.1968,22.254,4.1725,8.9509,1.5323,48.698,3.7058,4.0836,73.949,8.7388,1.3688,31.43,7.3527,29.417,17.227,137.22
2020-08-21,73.49,1.3971,1.6618,5.6001,1.3224,0.91291,6.9235,22.162,6.3252,128.46,0.84969,0.76264,7.7502,6.3933,297.97,14771,3.4012,74.943,105.81,1192.24,9.2345,22.148,4.18,8.9993,1.5333,48.708,3.7369,4.1129,74.552,8.8053,1.3706,31.575,7.301,29.412,17.247,138.16
2020-08-24,73.546,1.3889,1.6509,5.5661,1.3146,0.90833,6.9129,22.023,6.283,128.16,0.8441,0.76116,7.7502,6.3586,296.13,14670,3.4011,74.086,105.73,1187.07,9.212,21.888,4.1755,8.9633,1.5244,48.491,3.7128,4.0854,74.28,8.7524,1.3677,31.41,7.3701,29.399,16.9334,137.59
2020-08-25,73.675,1.3943,1.6555,5.5747,1.3202,0.91011,6.9131,22.11,6.2996,128.48,0.84645,0.76134,7.7504,6.3729,299.19,14645,3.4016,74.251,106.37,1186.83,9.2289,21.904,4.1685,8.946,1.5306,48.55,3.7175,4.0971,74.793,8.7629,1.3687,31.475,7.3939,29.387,16.7669,138.06
2020-08-26,73.772,1.3887,1.659,5.5405,1.3184,0.91085,6.893,22.277,6.3143,128.43,0.84825,0.76079,7.7503,6.385,300.91,14672,3.401,74.315,106.32,1186.67,9.2292,21.948,4.17,8.9578,1.5244,48.574,3.7386,4.1071,75.799,8.7665,1.3682,31.34,7.3548,29.377,16.795,138.43
2020-08-27,73.818,1.3799,1.6566,5.5912,1.3147,0.91055,6.8883,22.256,6.3043,128.26,0.84703,0.75813,7.75,6.3749,301.52,14721,3.3694,73.92,106.17,1185.63,9.2201,21.955,4.1725,8.9089,1.5076,48.606,3.7263,4.1009,75.08,8.7361,1.3661,31.23,7.3408,29.373,16.9643,138.49
2020-08-28,73.89,1.361,1.6415,5.5063,1.3053,0.9029,6.861,21.989,6.2475,128.07,0.83928,0.75089,7.7503,6.3177,298.09,14546,3.3641,73.193,105.24,1181.07,9.1545,21.879,4.1655,8.7872,1.4875,48.406,3.6862,4.0617,74.377,8.6112,1.3592,31.13,7.3165,29.355,16.6873,137.22
2020-08-31,73.961,1.358,1.638,5.422,1.3066,0.90235,6.8435,21.95,6.2344,127.99,0.83752,0.75046,7.7501,6.3049,296.93,14576,3.3611,73.258,105.92,1185.73,9.1358,21.825,4.1655,8.7563,1.4848,48.44,3.6827,4.0534,73.953,8.6171,1.3597,31.07,7.3509,29.372,16.716,137.6
2020-09-01,74.139,1.355,1.6316,5.4331,1.3014,0.9064,6.819,21.879,6.2096,127.77,0.83424,0.74226,7.7501,6.2835,295.34,14570,3.3522,72.921,105.88,1184.72,9.1111,21.714,4.1425,8.7076,1.4789,48.528,3.6644,4.0375,73.538,8.6431,1.3576,31.075,7.3576,29.353,16.6396,137.23
2020-09-02,74.243,1.3634,1.6489,5.4131,1.3064,0.91046,6.8271,22.206,6.2737,127.87,0.8431,0.74901,7.7502,6.3515,302.48,14745,3.3641,73.198,106.23,1187.14,9.1754,21.849,4.146,8.7733,1.4789,48.617,3.7253,4.0825,74.252,8.6894,1.3619,31.275,7.3845,29.352,16.7907,138.69
2020-09-03,74.257,1.373,1.6556,5.369,1.3114,0.91222,6.8401,22.321,6.2982,128.32,0.84653,0.75455,7.7504,6.379,303.1,14846,3.3672,73.529,106.54,1190.76,9.2014,21.771,4.1475,8.9152,1.4881,48.581,3.7475,4.1034,75.324,8.7525,1.3655,31.44,7.4415,29.365,16.7661,139.25
2020-09-04,74.312,1.3757,1.6516,5.301,1.3096,0.91142,6.8406,22.323,6.283,128.31,0.84445,0.75431,7.7504,6.3663,303.66,14738,3.3672,73.197,106.22,1189.89,9.1856,21.557,4.1495,8.9316,1.4896,48.581,3.759,4.098,75.131,8.756,1.3645,31.39,7.4493,29.34,16.5747,139.08
2020-09-07,74.433,1.3728,1.6541,5.2997,1.3095,0.91416,6.8326,22.385,6.2932,128.63,0.84574,0.75977,7.7504,6.3735,304.4,14792,3.3767,73.452,106.22,1188.34,9.1805,21.577,4.1575,8.9186,1.4921,48.67,3.7639,4.1065,75.964,8.7695,1.3667,31.37,7.4567,29.331,16.7163,139.46
2020-09-08,74.586,1.3819,1.6596,5.382,1.3172,0.91812,6.8441,22.504,6.3137,128.82,0.84854,0.76753,7.7504,6.392,306.64,14860,3.3919,73.916,106.24,1189.77,9.1969,21.865,4.1685,9.055,1.5038,48.649,3.7745,4.1235,76.385,8.8023,1.3703,31.465,7.4843,29.264,16.9733,140.26
2020-09-09,74.645,1.3815,1.6613,5.333,1.3219,0.91786,6.8448,22.525,6.3198,128.91,0.8494,0.77476,7.7504,6.4019,303.83,14785,3.4012,73.567,106.22,1187.33,9.2012,21.713,4.1715,9.1013,1.5046,48.65,3.7797,4.1271,75.902,8.8015,1.3691,31.367,7.4951,29.302,16.7369,140.83
2020-09-10,74.707,1.3741,1.6506,5.3101,1.3154,0.9086,6.8379,22.436,6.2793,128.59,0.84395,0.77298,7.7504,6.3609,302.01,14950,3.4142,73.449,106.14,1186.46,9.1615,21.365,4.164,9.0193,1.4969,48.605,3.7577,4.0998,75.019,8.752,1.3671,31.265,7.4581,29.29,16.7607,138.16
2020-09-11,74.768,1.3703,1.6499,5.2776,1.3179,0.90914,6.8368,22.411,6.2765,128.53,0.8436,0.77955,7.7502,6.3599,301.27,14993,3.4591,73.595,106.14,1187.0,9.1688,21.292,4.1525,9.0289,1.4964,48.55,3.7512,4.0985,74.852,8.7492,1.3666,31.33,7.4713,29.295,16.7477,136.49
2020-09-14,74.832,1.3748,1.6469,5.314,1.317,0.9067,6.8194,22.449,6.2646,128.49,0.84203,0.77627,7.7502,6.3462,301.15,14880,3.4361,73.543,105.94,1182.83,9.1676,21.202,4.1455,9.0041,1.4937,48.49,3.7474,4.0906,75.438,8.7721,1.3647,31.3,7.4939,29.262,16.6618,134.73
2020-09-15,75.059,1.3639,1.6446,5.2365,1.3147,0.90548,6.7714,22.559,6.256,128.43,0.8409,0.77443,7.7501,6.3383,300.77,14845,3.4204,73.596,105.44,1177.88,9.2028,20.965,4.1305,8.9945,1.4863,48.359,3.7387,4.0849,74.924,8.7487,1.3591,31.18,7.486,29.186,16.4538,135.05
2020-09-16,75.128,1.3627,1.6478,5.2415,1.3167,0.90597,6.7595,22.517,6.2681,128.32,0.84253,0.77027,7.75,6.3539,302.08,14835,3.4197,73.528,105.08,1171.72,9.217,21.03,4.1305,8.9821,1.4817,48.36,3.7464,4.0939,74.817,8.7723,1.3573,31.1,7.4968,29.205,16.322,135.31
2020-09-17,75.18,1.3692,1.6579,5.2655,1.3196,0.91057,6.7696,22.673,6.3063,128.79,0.84767,0.77588,7.7501,6.393,306.15,14835,3.4231,73.629,104.59,1172.47,9.2481,21.061,4.1385,9.0903,1.4862,48.459,3.7788,4.1197,75.112,8.8226,1.3596,31.195,7.5474,29.157,16.3324,137.49
2020-09-18,75.247,1.3726,1.6528,5.2545,1.3184,0.91067,6.7731,22.587,6.2878,128.67,0.84509,0.77172,7.7501,6.3733,304.89,14735,3.4236,73.532,104.36,1162.82,9.2475,20.903,4.1145,9.088,1.478,48.429,3.7693,4.1055,75.332,8.7881,1.3591,31.175,7.572,29.04,16.1852,135.89
2020-09-21,75.303,1.3778,1.6593,5.4519,1.3238,0.91295,6.7865,22.89,6.3127,128.79,0.84839,0.7772,7.75,6.398,308.03,14793,3.4424,73.556,104.1,1164.71,9.2506,21.476,4.1225,9.2339,1.4923,48.479,3.8039,4.1232,76.338,8.8279,1.3597,31.24,7.6109,29.002,16.7486,137.1
2020-09-22,75.511,1.3874,1.6659,5.4239,1.3314,0.9155,6.776,23.004,6.3388,128.79,0.85179,0.78146,7.7501,6.4261,308.39,14785,3.4434,73.475,104.58,1161.73,9.2419,21.396,4.1345,9.3295,1.5017,48.465,3.8274,4.1408,75.937,8.8646,1.3627,31.38,7.6533,29.066,16.6762,137.99
2020-09-23,75.59,1.406,1.6728,5.5164,1.3337,0.9214,6.7938,23.063,6.3658,129.05,0.85529,0.78588,7.7501,6.4578,312.19,14861,3.4542,73.537,105.12,1165.58,9.2615,22.095,4.1545,9.4028,1.5186,48.561,3.8489,4.164,76.796,8.9282,1.3675,31.51,7.6907,29.132,17.0721,138.04
2020-09-24,75.646,1.4203,1.6795,5.5762,1.3396,0.92503,6.8293,23.199,6.3912,129.36,0.85874,0.78341,7.7501,6.486,312.97,14890,3.4783,73.946,105.39,1174.37,9.2818,22.418,4.1685,9.534,1.5326,48.559,3.8895,4.1868,77.175,9.0848,1.3765,31.62,7.63,29.326,17.061,138.94
2020-09-25,75.658,1.4224,1.6811,5.5493,1.3375,0.92814,6.8292,23.3,6.4006,129.41,0.85955,0.78514,7.7501,6.4887,312.15,14870,3.4836,73.681,105.5,1175.49,9.2935,22.349,4.1675,9.5793,1.5262,48.505,3.9159,4.1906,77.703,9.1357,1.3772,31.615,7.625,29.258,17.105,139.08
2020-09-28,75.801,1.415,1.6759,5.5314,1.3385,0.92682,6.8132,23.25,6.3804,129.48,0.8569,0.77556,7.75,6.4696,312.01,14900,3.4682,73.719,105.42,1169.43,9.2768,22.238,4.1755,9.4756,1.5245,48.511,3.8991,4.1768,78.68,9.0714,1.3734,31.675,7.804,29.103,17.0441,139.16
2020-09-29,76.004,1.4025,1.6713,5.6419,1.3378,0.92249,6.8174,23.199,6.3631,129.24,0.85455,0.77733,7.75,6.4527,312.51,14885,3.4542,73.731,105.63,1167.23,9.2612,22.257,4.1565,9.4465,1.5167,48.449,3.8827,4.1635,78.756,9.0021,1.3688,31.608,7.8319,29.049,16.9787,138.44
2020-09-30,76.119,1.404,1.6705,5.6635,1.3389,0.92279,6.809,23.26,6.3599,129.23,0.85412,0.77925,7.7504,6.4541,312.21,14945,3.4401,73.71,105.71,1168.87,9.2501,22.365,4.1555,9.4814,1.5202,48.492,3.883,4.1617,78.391,9.0291,1.3696,31.67,7.7716,28.978,16.834,138.54
2020-10-01,76.115,1.3886,1.6642,5.6008,1.3288,0.91789,6.7908,22.905,6.3326,129.03,0.85092,0.77198,7.7503,6.4355,306.24,14826,3.4238,73.034,105.5,1161.53,9.2342,21.848,4.1515,9.2812,1.5033,48.444,3.8236,4.1474,77.093,8.9221,1.3618,31.57,7.7098,28.887,16.6247,138.02
2020-10-02,76.181,1.3957,1.6673,5.6299,1.3302,0.91986,6.7908,23.035,6.3439,129.29,0.85251,0.773,7.7502,6.4467,305.95,14872,3.4309,73.35,105.2,1163.41,9.2561,21.874,4.1645,9.2958,1.5067,48.477,3.8315,4.153,78.5,8.8875,1.363,31.535,7.7397,28.914,16.539,138.28
2020-10-05,76.895,1.3918,1.662,5.6567,1.3268,0.91613,6.809,23.025,6.3222,128.93,0.84976,0.77167,7.7501,6.431,304.36,14722,3.4197,73.156,105.58,1158.84,9.2492,21.461,4.1525,9.2501,1.5043,48.403,3.8222,4.1417,78.637,8.8923,1.3602,31.31,7.785,28.762,16.4384,138.0
2020-10-06,76.948,1.3965,1.6582,5.5416,1.3251,0.91403,6.7919,22.921,6.3084,128.82,0.84782,0.77201,7.7501,6.417,304.98,14735,3.4076,73.396,105.62,1160.23,9.2446,21.334,4.1535,9.2075,1.5034,48.442,3.8043,4.134,77.804,8.9138,1.3592,31.195,7.7681,28.753,16.4926,138.02
2020-10-07,77.018,1.4019,1.6617,5.5606,1.3288,0.91648,6.7913,22.994,6.3229,128.96,0.84962,0.77666,7.7501,6.4303,305.23,14749,3.4022,73.288,105.97,1157.77,9.2545,21.462,4.1561,9.2874,1.5176,48.41,3.8116,4.1417,78.139,8.9065,1.359,31.23,7.8778,28.654,16.6349,138.32
2020-10-08,77.102,1.3958,1.6624,5.5956,1.3245,0.91789,6.7908,23.028,6.3258,129.0,0.84998,0.77378,7.7502,6.4326,303.85,14757,3.3922,73.26,105.98,1152.13,9.2427,21.37,4.1525,9.268,1.5177,48.452,3.8116,4.1443,77.408,8.8796,1.3582,31.215,7.9306,28.68,16.5742,138.38
2020-10-09,77.058,1.3908,1.6582,5.5783,1.3177,0.91335,6.7017,22.984,6.3096,128.87,0.84782,0.77293,7.7501,6.4235,302.06,14701,3.3793,73.082,105.93,1144.99,9.2094,21.266,4.138,9.2092,1.5109,48.396,3.7899,4.1301,77.1,8.8343,1.3553,31.055,7.9084,28.622,16.4744,138.02
2020-10-12,77.142,1.3863,1.6576,5.5317,1.3131,0.91042,6.7445,23.033,6.3082,128.77,0.84753,0.76784,7.7501,6.4169,302.42,14729,3.3844,73.294,105.44,1148.66,9.1985,21.25,4.147,9.147,1.5039,48.536,3.7978,4.1298,76.922,8.8086,1.357,31.15,7.8668,28.622,16.5107,138.32
2020-10-13,77.085,1.3916,1.6593,5.5476,1.3108,0.91066,6.7352,23.209,6.3148,128.83,0.84839,0.76857,7.7501,6.4295,305.59,14765,3.3847,73.318,105.52,1146.18,9.2075,21.225,4.142,9.1561,1.5029,48.634,3.8051,4.1359,77.034,8.7749,1.358,31.116,7.9032,28.695,16.4966,138.46
2020-10-14,77.37,1.3939,1.6645,5.5682,1.3134,0.91387,6.7312,23.245,6.3352,129.0,0.85106,0.76932,7.75,6.4498,309.35,14733,3.3816,73.277,105.28,1146.13,9.2117,21.369,4.1505,9.21,1.5007,48.718,3.836,4.1479,77.387,8.8215,1.3572,31.19,7.9433,28.766,16.5019,138.89
2020-10-15,77.415,1.4151,1.6719,5.637,1.321,0.91443,6.7324,23.372,6.3625,129.3,0.85485,0.77394,7.75,6.4813,311.66,14770,3.3966,73.474,105.27,1148.98,9.2221,21.505,4.1545,9.3758,1.5184,48.774,3.8911,4.1687,78.159,8.8716,1.3622,31.265,7.9388,28.786,16.6976,139.51
2020-10-16,77.404,1.41,1.6658,5.6259,1.3199,0.91312,6.6978,23.234,6.3385,129.09,0.85172,0.77434,7.75,6.4577,310.33,14750,3.379,73.307,105.26,1142.29,9.1967,21.184,4.1485,9.3323,1.5115,48.674,3.8802,4.1532,78.0,8.8232,1.3578,31.18,7.9465,28.75,16.512,139.0
2020-10-19,77.48,1.4064,1.6596,5.6121,1.3172,0.90997,6.6837,23.204,6.314,128.87,0.84854,0.76867,7.75,6.434,309.76,14720,3.3802,73.305,105.31,1138.17,9.1765,21.054,4.1425,9.2889,1.5062,48.563,3.8798,4.1381,77.59,8.789,1.3568,31.18,7.8962,28.714,16.4451,138.65
2020-10-20,77.502,1.4226,1.6561,5.6039,1.319,0.90804,6.6823,23.059,6.3019,128.91,0.84674,0.77332,7.75,6.4205,309.64,14710,3.3794,73.539,105.66,1140.01,9.1655,21.196,4.1505,9.2886,1.5246,48.546,3.8788,4.1288,77.917,8.7896,1.3578,31.3,7.9002,28.707,16.5322,138.87
2020-10-21,77.658,1.4118,1.6502,5.5786,1.3126,0.90407,6.6553,22.937,6.2801,128.65,0.84374,0.76573,7.7501,6.3917,307.13,14632,3.3868,73.718,104.85,1133.21,9.1573,21.039,4.144,9.2233,1.5082,48.548,3.8593,4.1139,77.126,8.7449,1.3556,31.24,7.8539,28.678,16.4001,138.88
2020-10-22,77.692,1.408,1.6545,5.6162,1.3162,0.90737,6.6813,23.035,6.2946,128.67,0.84595,0.76367,7.7501,6.4113,308.43,14742,3.3824,73.691,104.66,1134.98,9.1718,21.148,4.1445,9.2484,1.5006,48.614,3.873,4.1232,76.838,8.7759,1.3572,31.3,7.9363,28.691,16.3065,139.24
2020-10-23,77.986,1.3983,1.6496,5.5712,1.3127,0.90376,6.6765,22.961,6.2759,128.54,0.84345,0.7648,7.7501,6.3915,307.16,14685,3.3765,73.65,104.73,1128.98,9.1602,20.878,4.1575,9.2087,1.4932,48.404,3.865,4.111,76.451,8.7397,1.357,31.255,7.9637,28.658,16.1863,139.09
2020-10-26,78.171,1.4038,1.6548,5.6446,1.3182,0.90693,6.7131,23.094,6.296,128.69,0.8461,0.76787,7.7501,6.4117,308.84,14714,3.3814,74.076,105.03,1132.34,9.1628,21.042,4.1645,9.2618,1.4956,48.401,3.875,4.1245,76.394,8.755,1.3618,31.28,8.0881,28.63,16.2518,139.86
2020-10-27,78.262,1.4017,1.653,5.6382,1.3175,0.90703,6.706,23.104,6.2885,128.64,0.84517,0.76672,7.7501,6.4017,308.83,14659,3.3824,73.665,104.58,1126.51,9.1449,20.843,4.1645,9.1614,1.4908,48.307,3.8744,4.1215,76.547,8.7103,1.3589,31.22,8.153,28.574,16.1105,139.71
2020-10-28,78.264,1.4158,1.6678,5.7296,1.3284,0.91183,6.7234,23.384,6.3473,129.12,0.85273,0.7731,7.7501,6.4618,313.05,14742,3.3934,74.017,104.34,1136.28,9.1966,21.298,4.1555,9.3539,1.5048,48.357,3.9398,4.1586,78.707,8.8437,1.3656,31.26,8.2635,28.616,16.3884,140.53
2020-10-29,78.255,1.4246,1.6711,5.7826,1.3378,0.91285,6.7098,23.383,6.3621,129.09,0.85441,0.77264,7.7525,6.4704,314.42,14786,3.417,74.41,104.31,1133.73,9.206,21.363,4.1565,9.5262,1.5103,48.432,3.9495,4.1653,79.503,8.9051,1.366,31.27,8.3235,28.602,16.4322,140.98
2020-10-30,78.304,1.4159,1.6719,5.7794,1.3298,0.91452,6.6813,23.295,6.3657,129.46,0.85485,0.77114,7.754,6.4753,314.11,14625,3.4092,74.466,104.6,1131.99,9.1883,21.236,4.1535,9.4837,1.5015,48.414,3.9513,4.1652,79.039,8.8605,1.3637,31.15,8.3724,28.572,16.2728,140.54
2020-11-02,,1.4189,1.6785,5.7429,1.3273,0.91787,6.6909,23.284,6.3899,,0.85822,0.77285,7.7521,6.4963,314.32,14646,3.4055,74.459,104.64,1133.38,,21.226,4.1575,9.5372,1.5075,48.41,3.9494,4.1773,80.45,8.8933,1.3648,31.11,8.4391,,16.218,140.32
2020-11-03,,1.402,1.6713,5.7035,1.3147,0.91514,6.6824,22.999,6.3632,,0.85455,0.76946,7.7503,6.46,310.9,14481,3.4157,74.406,104.73,1131.21,,21.157,4.156,9.4089,1.4981,48.354,3.9036,4.1595,79.388,8.8733,1.3614,31.045,8.5319,,16.0384,139.89
2020-11-04,,1.3946,1.6686,5.6958,1.3148,0.91076,6.658,22.849,6.3532,,0.85317,0.76746,7.7529,6.444,309.21,14413,3.4106,74.396,104.35,1132.36,,21.028,4.168,9.3493,1.4965,48.389,3.8707,4.1528,78.893,8.832,1.3588,31.03,8.4495,,16.0473,140.01
2020-11-05,,1.3797,1.6498,5.5593,1.3056,0.9046,6.6074,22.578,6.2815,,0.84353,0.76297,7.7539,6.3701,301.84,14256,3.3771,74.011,103.64,1122.46,,20.668,4.1475,9.1523,1.4795,48.265,3.8072,4.1036,77.385,8.6689,1.3508,30.81,8.4336,,15.765,138.09
2020-11-06,,1.3782,1.6477,5.5663,1.3079,0.89992,6.6106,22.466,6.2757,,0.84246,0.76184,7.7532,6.3682,302.46,14274,3.3762,74.145,103.34,1122.66,,20.795,4.1285,9.1999,1.4749,48.182,3.8132,4.1003,77.86,8.6609,1.3479,30.57,8.55,,15.7484,137.74
2020-11-09,,1.3662,1.6459,5.2552,1.295,0.90701,6.604,22.28,6.2674,,0.84154,0.75927,7.7529,6.3654,300.41,14062,3.3599,73.752,104.91,1112.03,,20.109,4.1085,9.013,1.4624,48.147,3.7592,4.0945,75.89,8.5812,1.3423,30.38,8.0608,,15.2575,137.25
2020-11-10,,1.3751,1.6563,5.383,1.3036,0.91607,6.6148,22.384,6.3046,,0.84688,0.75528,7.7547,6.4046,302.64,14050,3.3777,74.246,105.32,1116.98,,20.41,4.1205,9.0293,1.4654,48.315,3.8101,4.1215,76.414,8.6382,1.3487,30.34,8.2719,,15.5409,137.45
2020-11-11,,1.3745,1.6622,5.4254,1.3058,0.9173,6.6244,22.477,6.326,,0.84991,0.75586,7.7546,6.4283,302.58,14171,3.3836,74.418,105.45,1114.35,,20.425,4.1295,9.0747,1.4544,48.489,3.8138,4.1367,76.577,8.6476,1.3495,30.33,7.8891,,15.6655,138.45
2020-11-12,,1.3793,1.6587,5.3972,1.3097,0.91638,6.6241,22.445,6.3149,,0.8481,0.7613,7.7541,6.4214,301.25,14203,3.3794,74.693,105.38,1114.74,,20.577,4.1305,9.1305,1.4584,48.49,3.8068,4.1288,77.39,8.6358,1.3503,30.29,7.7353,,15.6821,137.48
2020-11-13,,1.3796,1.6554,5.4598,1.3143,0.91452,6.6078,22.396,6.3028,,0.84638,0.75906,7.7535,6.4088,301.07,14170,3.3678,74.642,104.85,1110.32,,20.503,4.1225,9.1513,1.4646,48.205,3.7992,4.1217,77.537,8.6785,1.3486,30.17,7.7277,,15.5792,137.03
2020-11-16,,1.3716,1.6533,5.4041,1.3082,0.91454,6.5888,22.276,6.2959,,0.84531,0.75925,7.7536,6.3964,302.76,14101,3.3587,74.455,104.95,1107.78,,20.275,4.1175,9.071,1.4562,48.168,3.7779,4.119,76.517,8.6676,1.3469,30.22,7.7556,,15.4139,136.35
2020-11-17,,1.3664,1.646,5.4179,1.3095,0.91028,6.5555,22.309,6.2683,,0.84161,0.75396,7.7528,6.3683,304.24,14122,3.3618,74.466,104.17,1106.5,,20.378,4.1045,9.0627,1.4504,48.299,3.7842,4.1003,76.359,8.616,1.3434,30.16,7.7488,,15.4067,135.92
2020-11-18,,1.3672,1.648,5.3062,1.3072,0.91102,6.5571,22.246,6.2787,,0.8426,0.75306,7.7524,6.376,303.55,14111,3.3487,74.157,103.88,1104.27,,20.231,4.0875,9.0255,1.4446,48.253,3.7659,4.106,75.885,8.6059,1.3412,30.32,7.7149,,15.4039,136.08
2020-11-19,,1.3753,1.653,5.3559,1.3101,0.91253,6.5861,22.277,6.2963,,0.84517,0.75539,7.7533,6.3941,305.02,14216,3.3464,74.206,104.02,1116.52,,20.32,4.1005,9.0348,1.4499,48.299,3.7791,4.1187,76.285,8.6258,1.3458,30.405,7.5535,,15.4795,136.33
2020-11-20,,1.3679,1.6487,5.3399,1.3052,0.91132,6.568,22.203,6.2791,,0.84296,0.75354,7.7528,6.3782,303.04,14195,3.3388,74.13,103.84,1115.45,,20.118,4.0925,8.987,1.4403,48.222,3.7629,4.1082,76.085,8.6123,1.3432,30.281,7.6262,,15.358,135.97
2020-11-23,,1.364,1.6434,5.3605,1.3049,0.90799,6.569,22.108,6.2576,,0.84027,0.7469,7.752,6.3537,302.67,14154,3.3398,74.027,103.75,1111.95,,19.9966,4.0905,8.9827,1.4353,48.18,3.7589,4.0955,75.918,8.5829,1.3406,30.29,7.7839,,15.332,135.37
2020-11-24,,1.3633,1.6484,5.3892,1.3067,0.91302,6.5868,22.131,6.2726,,0.84282,0.75021,7.7514,6.3725,304.55,14239,3.3384,74.083,104.56,1111.48,,20.07,4.0875,8.9986,1.4337,48.237,3.7645,4.1069,75.946,8.6001,1.3435,30.4,7.9606,,15.3566,135.61
2020-11-25,,1.3616,1.6449,5.3532,1.3018,0.91127,6.576,22.014,6.259,,0.84104,0.74961,7.7511,6.3579,303.73,14140,3.3245,73.886,104.45,1106.49,,20.068,4.0875,8.872,1.4328,48.13,3.7577,4.0988,75.702,8.5246,1.3427,30.345,7.9773,,15.2632,135.32
2020-11-26,,1.3582,1.6435,5.3356,1.3002,0.90866,6.576,21.965,6.2538,,0.84034,0.74898,7.7508,6.3489,303.51,14154,3.3225,73.84,104.24,1107.76,,20.04,4.0675,8.8828,1.4286,48.115,3.7604,4.0961,75.731,8.5351,1.3387,30.3,7.8889,,15.2183,135.55
2020-11-27,,1.3573,1.6405,5.37,1.2999,0.90807,6.5779,21.987,6.2418,,0.83879,0.75023,7.7507,6.3393,303.91,14149,3.318,74.065,104.2,1105.55,,20.081,4.0695,8.8601,1.4259,48.125,3.7667,4.0879,76.321,8.5324,1.3383,30.32,7.8247,,15.321,133.37
2020-11-30,,1.3561,1.6326,5.3021,1.2952,0.90476,6.5775,21.863,6.2114,,0.83472,0.74996,7.7514,6.3053,300.16,14162,3.3092,74.065,104.17,1106.91,,20.075,4.074,8.8155,1.4213,48.155,3.7321,4.0678,76.077,8.4957,1.338,30.265,7.7759,,15.3799,132.77
2020-12-01,,1.3598,1.6342,5.3119,1.297,0.90541,6.5708,21.921,6.22,,0.83556,0.75032,7.7518,6.3097,298.46,14190,3.3039,73.655,104.38,1108.56,,20.092,4.0805,8.8593,1.4213,48.127,3.7423,4.07,75.852,8.534,1.3409,30.26,7.8645,,15.3168,132.19
2020-12-02,,1.3579,1.6209,5.2181,1.2945,0.89665,6.5641,21.889,6.1692,,0.82878,0.74996,7.7519,6.2589,296.2,14209,3.2907,73.736,104.53,1102.44,,20.098,4.0775,8.8681,1.4203,48.056,3.7115,4.0373,75.684,8.5209,1.3406,30.25,7.8377,,15.3803,128.79
2020-12-03,,1.3465,1.6096,5.1878,1.2914,0.89137,6.5482,21.743,6.1262,,0.82298,0.74363,7.7515,6.211,294.32,14140,3.2705,73.829,104.1,1091.19,,19.865,4.0699,8.8116,1.4135,47.979,3.6814,4.0104,74.759,8.4787,1.3355,30.17,7.82,,15.2642,125.92
2020-12-04,,1.3477,1.6085,5.1615,1.2857,0.89004,6.5319,21.809,6.1213,,0.82244,0.74251,7.7506,6.2024,294.9,14164,3.2667,73.756,103.99,1086.11,,19.8281,4.06,8.767,1.419,48.055,3.682,4.0073,74.077,8.4364,1.3328,30.16,7.7832,,15.1883,125.09
2020-12-07,,1.3501,1.6126,5.1224,1.2811,0.89067,6.5394,21.835,6.1373,,0.82454,0.7521,7.7506,6.217,296.41,14194,3.262,73.903,104.14,1085.82,,19.8631,4.072,8.7672,1.4225,48.17,3.6832,4.0184,74.035,8.4118,1.3367,30.235,7.8375,,15.1916,125.91
2020-12-08,,1.3484,1.6145,5.1103,1.2802,0.88996,6.5309,21.791,6.1446,,0.82549,0.75238,7.7509,6.2245,297.26,14144,3.2536,73.634,104.16,1085.13,,19.8679,4.072,8.7736,1.4215,48.175,3.6869,4.0225,73.271,8.4496,1.338,30.06,7.8314,,15.0371,126.22
2020-12-09,,1.3366,1.6152,5.1196,1.2777,0.88893,6.5379,21.669,6.1466,,0.82583,0.74325,7.7518,6.2342,294.52,14104,3.2543,73.672,104.1,1085.37,,19.7531,4.0628,8.7342,1.4124,48.144,3.654,4.0206,73.639,8.485,1.3357,30.05,7.8257,,14.9274,126.77
2020-12-10,,1.334,1.6144,5.0851,1.2758,0.88791,6.5418,21.714,6.143,,0.82542,0.75196,7.7514,6.2282,293.22,14105,3.2494,73.669,104.44,1088.34,,19.8811,4.061,8.832,1.4184,48.124,3.654,4.0194,73.355,8.4519,1.3374,30.06,7.863,,15.0025,127.36
2020-12-11,,1.3268,1.6128,5.067,1.2771,0.88942,6.5462,21.71,6.1375,,0.82461,0.76106,7.7512,6.2155,292.58,14080,3.2546,73.778,104.13,1092.87,,20.134,4.0515,8.8206,1.4101,48.107,3.6578,4.0157,73.176,8.4572,1.3369,30.095,7.8897,,15.1262,127.65
2020-12-14,,1.3208,1.6081,5.0351,1.2725,0.88604,6.544,21.639,6.1191,,0.82223,0.74577,7.7515,6.1906,290.77,14156,3.2572,73.549,103.69,1091.51,,20.042,4.0535,8.7019,1.4061,48.032,3.6485,4.0049,73.006,8.381,1.3322,30.08,7.8711,,14.9925,127.45
2020-12-15,,1.3273,1.611,5.0892,1.2745,0.88715,6.5455,21.714,6.1307,,0.82372,0.7479,7.7521,6.1995,292.69,14165,3.2549,73.591,103.86,1093.65,,20.173,4.0545,8.743,1.4147,48.051,3.6595,4.0105,73.657,8.396,1.334,30.039,7.8497,,14.9431,127.51
2020-12-16,,1.3211,1.6046,5.1117,1.2758,0.8849,6.5332,21.495,6.1051,,0.82041,0.73796,7.752,6.1837,291.67,14160,3.254,73.648,103.35,1093.53,,19.8638,4.0515,8.679,1.4085,48.08,3.6389,3.9944,73.386,8.3506,1.3293,30.04,7.8119,,14.8638,127.33
2020-12-17,,1.3108,1.5971,5.074,1.2695,0.88364,6.5332,21.398,6.0753,,0.81659,0.73534,7.7527,6.1502,290.11,14122,3.2488,73.591,103.05,1092.99,,19.795,4.0355,8.5755,1.3958,48.015,3.6276,3.9764,72.922,8.2749,1.3251,29.85,7.7436,,14.684,126.9
2020-12-18,,1.3139,1.5954,5.112,1.2756,0.88466,6.5377,21.322,6.0684,,0.81573,0.74091,7.7526,6.1447,291.41,14143,3.2365,73.513,103.34,1098.74,,19.845,4.0405,8.5784,1.4031,48.071,3.6527,3.9716,73.579,8.266,1.3282,29.82,7.6669,,14.577,127.58
2020-12-21,,1.3308,1.6067,5.1872,1.2886,0.88803,6.5542,21.585,6.112,,0.82149,0.75257,7.7531,6.192,296.5,14254,3.2501,74.041,103.54,1109.44,,20.415,4.051,8.7503,1.4217,48.331,3.7058,3.9927,75.355,8.3228,1.3379,30.11,7.6825,,14.8566,128.65
2020-12-22,,1.3229,1.598,5.1346,1.2871,0.88545,6.5411,21.491,6.079,,0.81706,0.74473,7.7527,6.1623,296.05,14225,3.2373,73.862,103.37,1105.84,,20.014,4.061,8.6558,1.4134,48.1,3.6862,3.9762,75.333,8.264,1.334,30.15,7.6252,,14.5881,127.54
2020-12-23,,1.3248,1.6076,5.1674,1.2881,0.89076,6.5386,21.677,6.1138,,0.82196,0.74552,7.7528,6.2009,298.08,14262,3.2215,73.804,103.56,1107.55,,20.093,4.0635,8.7324,1.4144,48.046,3.7009,4.0038,75.325,8.3193,1.3345,30.225,7.6398,,14.6223,128.14
2020-12-24,,1.3154,1.604,5.2168,1.284,0.88994,6.5303,21.569,6.101,,0.82014,0.73645,7.753,6.1889,296.58,14200,3.2167,73.55,103.65,1103.07,,19.9688,4.0605,8.6204,1.408,48.027,3.6924,3.9961,74.297,8.264,1.3282,30.09,7.5679,,14.6192,127.86
2020-12-28,,1.3162,1.6006,5.1922,1.283,0.88829,6.5395,21.48,6.0857,,0.8184,0.7399,7.7528,6.1736,297.45,14189,3.2143,73.5,103.56,1097.36,,19.8985,4.0502,8.6515,1.4044,48.04,3.6752,3.9893,73.713,8.2715,1.3288,30.17,7.4682,,14.5681,127.75
2020-12-29,,1.315,1.5954,5.1976,1.2818,0.88604,6.5315,21.455,6.0675,,0.81573,0.74119,7.7529,6.1544,297.36,14117,3.2109,73.367,103.78,1093.34,,19.9037,4.0505,8.6059,1.4007,48.049,3.6959,3.9772,73.57,8.2258,1.3275,30.04,7.356,,14.6546,127.5
2020-12-30,,1.3049,1.5925,5.1766,1.2785,0.88405,6.525,21.376,6.0576,,0.81427,0.73534,7.7526,6.1445,297.11,14050,3.2106,73.186,103.06,1087.72,,19.8461,4.037,8.5881,1.39,48.063,3.7102,3.9639,74.823,8.1889,1.3238,29.94,7.3545,,14.6611,127.11
2020-12-31,,1.2954,1.5938,5.194,1.274,0.88029,6.5378,21.385,6.0638,,0.81493,0.73265,7.7534,6.1543,296.54,14050,3.2147,73.067,103.08,1088.75,,19.8973,4.0209,8.5326,1.3841,48.183,3.7158,3.9673,74.542,8.1772,1.3217,29.93,7.4265,,14.6866,127.21
2021-01-04,,1.2954,1.5906,5.1432,1.2704,0.87923,6.4642,21.26,6.049,,0.81327,0.73325,7.7529,6.1455,293.85,13877,3.2067,73.024,102.98,1083.3,,19.765,4.0065,8.4938,1.3878,48.03,3.6984,3.9617,73.471,8.2055,1.3173,29.87,7.3665,,14.575,126.95
2021-01-05,,1.2979,1.5938,5.3392,1.2754,0.88037,6.4636,21.373,6.062,,0.81493,0.73615,7.7529,6.1599,293.59,13915,3.2008,73.238,102.88,1088.62,,20.036,4.017,8.5334,1.3883,48.097,3.7057,3.9704,74.705,8.1957,1.3186,29.97,7.3909,,15.0105,127.21
2021-01-06,,1.2825,1.5852,5.2779,1.2676,0.87705,6.4559,21.191,6.0296,,0.8105,0.7346,7.7532,6.127,290.05,13915,3.1844,73.107,102.96,1085.51,,19.739,4.0105,8.4138,1.371,48.06,3.6602,3.9488,73.61,8.158,1.3167,29.925,7.3394,,15.0043,126.68
2021-01-07,,1.29,1.5932,5.3089,1.2709,0.88245,6.4673,21.299,6.06,,0.8146,0.73469,7.753,6.1632,291.45,14060,3.1791,73.355,103.56,1093.43,,19.7581,4.038,8.4258,1.3772,48.096,3.6655,3.9681,74.291,8.1928,1.324,30.025,7.3303,,15.3078,126.51
2021-01-08,,1.2864,1.5966,5.3672,1.2688,0.88384,6.464,21.358,6.0709,,0.81633,0.73574,7.7536,6.1788,293.57,14079,3.1821,73.306,103.89,1092.16,,19.9771,4.0293,8.397,1.3782,48.12,3.6827,3.9762,74.122,8.2049,1.3247,30.08,7.3589,,15.2826,126.94
2021-01-11,,1.2976,1.608,5.4725,1.2785,0.89106,6.4792,21.573,6.1146,,0.82217,0.74188,7.7555,6.232,296.56,14196,3.1798,73.46,104.22,1098.22,,20.168,4.052,8.5242,1.3909,48.085,3.7239,4.0044,74.661,8.2841,1.3303,30.14,7.4447,,15.4632,129.16
2021-01-12,,1.2945,1.6083,5.4759,1.2754,0.88907,6.4613,21.536,6.1167,,0.8223,0.73547,7.7554,6.2335,295.75,14145,3.161,73.259,104.22,1098.91,,19.9827,4.0575,8.5326,1.393,48.05,3.7207,4.0057,74.048,8.2952,1.3277,30.13,7.487,,15.3991,128.44
2021-01-13,,1.2933,1.6076,5.332,1.273,0.88871,6.4702,21.513,6.1147,,0.82196,0.73141,7.7541,6.2309,296.11,14128,3.1409,73.163,103.93,1097.48,,19.843,4.0445,8.4983,1.3936,48.062,3.7196,4.005,73.804,8.3333,1.3266,30.04,7.4413,,15.3156,128.23
2021-01-14,,1.2902,1.6132,5.2695,1.2686,0.89121,6.4673,21.602,6.136,,0.82481,0.73361,7.7536,6.243,296.58,14044,3.1421,73.128,104.1,1097.3,,19.8301,4.036,8.5045,1.3901,48.03,3.7429,4.02,73.482,8.3355,1.3271,30.02,7.3814,,15.1886,129.17
2021-01-15,,1.2934,1.6133,5.2542,1.2714,0.88839,6.4752,21.581,6.1365,,0.82488,0.73413,7.7543,6.2307,296.95,14050,3.2621,73.117,103.72,1100.06,,19.8161,4.0369,8.5074,1.3937,48.029,3.7429,4.0199,73.447,8.3564,1.3285,30.035,7.4387,,15.2295,129.01
2021-01-18,,1.3031,1.6212,5.2976,1.2776,0.89083,6.4953,21.705,6.1665,,0.82891,0.73834,7.7535,6.2612,298.73,14136,3.2343,73.309,103.76,1106.64,,19.8757,4.052,8.6089,1.4071,48.068,3.7624,4.0404,74.262,8.4168,1.3327,30.14,7.5055,,15.3282,129.97
2021-01-19,,1.296,1.6121,5.2628,1.2725,0.88765,6.4796,21.564,6.132,,0.82427,0.73442,7.7524,6.236,295.52,14079,3.2438,73.154,103.99,1102.49,,19.6068,4.05,8.5248,1.4029,48.014,3.7382,4.0178,73.722,8.3212,1.3282,30.025,7.4396,,14.9341,129.41
2021-01-20,,1.2946,1.6162,5.321,1.2709,0.89067,6.4699,21.589,6.1468,,0.82638,0.73187,7.7518,6.2503,295.33,14052,3.2537,73.027,103.81,1102.07,,19.6447,4.045,8.5307,1.402,48.031,3.7453,4.0276,73.614,8.3781,1.3267,30.01,7.4466,,14.9658,129.91
2021-01-21,,1.286,1.6087,5.27,1.2621,0.88608,6.4609,21.462,6.119,,0.8225,0.72894,7.7517,6.2222,293.95,13990,3.2715,72.973,103.41,1099.78,,19.6118,4.03,8.4317,1.3862,48.039,3.7246,4.0089,73.729,8.2929,1.3227,29.93,7.3659,,14.8041,128.97
2021-01-22,,1.2971,1.6087,5.4092,1.2714,0.88608,6.4831,21.51,6.1198,,0.8225,0.7324,7.7525,6.2227,294.14,14098,3.2811,73.014,103.79,1105.84,,19.9326,4.043,8.4971,1.3937,48.07,3.7329,4.0089,74.93,8.2921,1.3283,30.01,7.4186,,15.1184,129.13
2021-01-25,,1.2943,1.6094,5.4669,1.2721,0.88644,6.4773,21.461,6.1229,,0.82291,0.73074,7.7517,6.2265,294.05,14078,3.2683,72.934,103.74,1102.85,,19.9909,4.0445,8.5153,1.3869,48.08,3.7368,4.0112,75.436,8.2805,1.3269,29.985,7.3951,,15.2181,129.2
2021-01-26,,1.2937,1.6106,5.4201,1.2718,0.8885,6.4677,21.477,6.1262,,0.82352,0.73045,7.752,6.2283,295.32,14104,3.2687,72.931,103.71,1103.11,,20.044,4.0485,8.5541,1.3829,48.076,3.7441,4.0145,75.146,8.2941,1.3258,29.98,7.3515,,15.1581,129.29
2021-01-27,,1.2997,1.6145,5.363,1.2756,0.88815,6.4728,21.483,6.1398,,0.82549,0.72969,7.7523,6.2399,297.92,14135,3.2653,73.006,103.9,1106.81,,20.183,4.0455,8.6309,1.3905,48.101,3.7576,4.0245,75.722,8.3489,1.3281,30.0,7.3916,,15.2203,129.6
2021-01-28,,1.3162,1.6176,5.4468,1.2872,0.89182,6.4698,21.598,6.1507,,0.82706,0.7328,7.753,6.2569,298.02,14117,3.2938,73.046,104.38,1117.16,,20.444,4.0455,8.7011,1.4067,48.074,3.7607,4.0328,76.404,8.3825,1.3331,30.035,7.3867,,15.2473,129.02
2021-01-29,,1.3035,1.6116,5.4852,1.2788,0.88975,6.431,21.44,6.128,,0.82399,0.72827,7.7532,6.2342,295.31,14003,3.2807,72.866,104.69,1116.5,,20.222,4.0425,8.5226,1.3895,48.066,3.733,4.017,75.725,8.3314,1.3284,29.9,7.3148,,15.0839,128.63
2021-02-01,,1.3101,1.6185,5.4423,1.2805,0.89507,6.4667,21.495,6.1547,,0.82754,0.72989,7.753,6.2682,294.89,14078,3.2886,73.105,104.91,1118.18,,20.288,4.0425,8.5973,1.3939,48.066,3.7306,4.033,75.819,8.41,1.3317,29.98,7.1915,,15.026,129.34
2021-02-02,,1.3158,1.6239,5.3889,1.2805,0.89738,6.456,21.504,6.1751,,0.83029,0.73128,7.7517,6.2944,295.33,14014,3.2985,72.991,105.0,1115.97,,20.217,4.0445,8.5904,1.3943,47.914,3.7324,4.0471,75.498,8.4352,1.3319,29.99,7.1927,,14.9508,129.61
2021-02-03,,1.3132,1.6275,5.3471,1.2793,0.89906,6.4594,21.574,6.1891,,0.83215,0.7335,7.7515,6.2988,295.84,14024,3.3032,72.913,105.06,1115.94,,20.154,4.051,8.6161,1.3893,48.033,3.7378,4.0554,75.909,8.43,1.3332,30.05,7.1678,,14.9298,129.9
2021-02-04,,1.311,1.6304,5.3589,1.2803,0.9018,6.464,21.586,6.1993,,0.83361,0.73102,7.7528,6.3117,296.42,14037,3.2968,72.883,105.24,1118.09,,20.248,4.0585,8.6179,1.3893,48.073,3.7463,4.0643,75.542,8.4493,1.3359,30.06,7.1265,,15.0298,130.13
2021-02-05,,1.3153,1.6321,5.445,1.2805,0.90336,6.4704,21.536,6.2056,,0.83452,0.73052,7.7526,6.31,297.57,14037,3.2927,72.912,105.75,1122.8,,20.32,4.0705,8.6012,1.4,48.102,3.7572,4.068,74.798,8.4476,1.338,30.1,7.0728,,14.9718,129.27
2021-02-08,,1.305,1.6264,5.4017,1.2776,0.90162,6.4547,21.405,6.1842,,0.8316,0.73042,7.7521,6.2855,297.99,14034,3.2837,72.948,105.59,1120.81,,20.212,4.0655,8.5426,1.3921,48.102,3.7276,4.0539,74.345,8.4115,1.3361,30.019,7.0942,,14.944,128.65
2021-02-09,,1.2955,1.6158,5.4139,1.2735,0.89367,6.4354,21.264,6.1442,,0.82617,0.72561,7.7517,6.2517,296.5,13987,3.2552,72.935,104.58,1113.2,,20.093,4.048,8.4755,1.3831,48.035,3.698,4.0278,74.042,8.3491,1.328,29.94,7.0954,,14.7846,127.31
2021-02-10,,1.2931,1.6128,5.4128,1.2694,0.89099,6.4513,21.304,6.1328,,0.82461,0.72277,7.7525,6.2377,294.82,13983,3.2523,72.829,104.76,1105.52,,20.102,4.044,8.4341,1.3856,48.049,3.6958,4.0201,73.811,8.312,1.326,29.905,7.0506,,14.7028,127.98
2021-02-11,,1.2874,1.6101,5.3458,1.2665,0.88927,6.4582,21.217,6.1233,,0.82325,0.72244,7.7526,6.231,294.05,13965,3.2544,72.775,104.65,1103.13,,19.9259,4.0425,8.4461,1.3808,48.031,3.7026,4.0129,73.582,8.3039,1.3238,29.86,7.0185,,14.6154,128.26
2021-02-12,,1.2939,1.6153,5.3933,1.2734,0.89222,6.4591,21.269,6.1415,,0.8259,0.72475,7.7526,6.2529,296.39,13987,3.2521,72.58,105.01,1105.04,,20.03,4.0425,8.4944,1.3908,48.052,3.7165,4.0259,74.174,8.3266,1.3269,29.91,7.021,,14.6483,128.68
2021-02-15,,1.2863,1.6125,5.3701,1.2652,0.89059,6.4582,21.174,6.1313,,0.82447,0.71914,7.7527,6.2429,295.28,13898,3.2442,72.611,105.3,1102.42,,19.9373,4.0345,8.4065,1.3839,47.931,3.6989,4.0195,73.337,8.2806,1.3229,29.89,6.96,,14.4287,128.29
2021-02-16,,1.2858,1.6106,5.3701,1.2653,0.8894,6.4582,21.208,6.1243,,0.82352,0.7192,7.7525,6.2357,295.24,13978,3.2368,72.816,105.54,1104.41,,20.083,4.03,8.3948,1.3814,48.263,3.7011,4.0155,73.573,8.2694,1.3247,29.92,6.973,,14.5387,128.14
2021-02-17,,1.2913,1.6217,5.3707,1.269,0.89602,6.4582,21.462,6.1665,,0.82919,0.72106,7.7523,6.2774,297.7,14062,3.2569,72.794,106.09,1106.77,,20.302,4.0383,8.4671,1.3919,48.452,3.7323,4.0423,73.839,8.3261,1.329,29.99,6.994,,14.78,129.19
2021-02-18,,1.2842,1.6185,5.3999,1.2667,0.89614,6.469,21.404,6.1538,,0.82754,0.71615,7.7527,6.2699,296.86,14067,3.2608,72.55,105.67,1106.3,,20.183,4.042,8.4556,1.3849,48.507,3.7147,4.0343,73.643,8.3025,1.3264,30.02,6.9493,,14.5318,128.93
2021-02-19,,1.2723,1.6112,5.4068,1.261,0.8939,6.4518,21.294,6.1264,,0.82379,0.71265,7.7536,6.2427,295.33,14083,3.2705,72.502,105.29,1103.54,,20.355,4.0405,8.4105,1.371,48.477,3.6931,4.0166,73.82,8.2651,1.3229,29.974,6.9586,,14.6133,128.18
2021-02-22,,1.2686,1.612,5.5092,1.2633,0.89739,6.4656,21.391,6.1292,,0.8242,0.71318,7.7532,6.2403,295.96,14175,3.2707,72.505,105.5,1113.35,,20.785,4.0425,8.5045,1.3668,48.72,3.7074,4.0186,74.986,8.2679,1.3235,30.04,7.0621,,14.8959,128.25
2021-02-23,,1.2664,1.6106,5.4403,1.2615,0.90142,6.4651,21.334,6.1242,,0.82352,0.71076,7.7537,6.2398,295.76,14107,3.2657,72.519,105.39,1113.17,,20.721,4.0435,8.4979,1.3658,48.605,3.7113,4.0155,74.051,8.2967,1.3216,30.02,7.056,,14.708,127.81
2021-02-24,,1.2635,1.6102,5.4044,1.2569,0.90804,6.4517,21.388,6.1225,,0.82332,0.7083,7.7547,6.2411,296.18,14054,3.2671,72.353,105.95,1108.31,,20.394,4.0425,8.4376,1.3544,48.635,3.7196,4.0136,73.679,8.3067,1.3213,30.04,7.1687,,14.4676,127.28
2021-02-25,,1.2529,1.5998,5.453,1.248,0.90601,6.4538,21.358,6.0829,,0.818,0.70681,7.754,6.2082,294.63,14194,3.279,72.63,106.12,1111.77,,20.73,4.0395,8.3661,1.3422,48.664,3.691,3.9876,73.906,8.2346,1.3186,30.15,7.2265,,14.814,125.4
2021-02-26,,1.2874,1.6136,5.4982,1.2648,0.90636,6.4669,21.611,6.1349,,0.82501,0.7182,7.756,6.2561,298.18,14317,3.306,73.905,106.29,1127.88,,20.863,4.0505,8.5811,1.3713,48.75,3.7279,4.0219,74.804,8.3647,1.3288,30.36,7.439,,14.9348,126.14
2021-03-01,,1.2918,1.6227,5.579,1.2672,0.9138,6.4689,21.644,6.1694,,0.82967,0.71814,7.7572,6.2868,301.05,14315,3.3044,73.567,106.72,1122.38,,20.768,4.0555,8.5954,1.3797,48.561,3.7553,4.0446,74.106,8.4488,1.331,30.23,7.2326,,15.0583,127.69
2021-03-02,,1.2822,1.626,5.6857,1.2658,0.91869,6.4716,21.734,6.1823,,0.83139,0.7186,7.7567,6.304,302.38,14325,3.3006,73.379,106.9,1126.01,,20.683,4.0575,8.5264,1.3772,48.502,3.768,4.054,73.736,8.4303,1.3316,30.264,7.3288,,15.0776,126.45
2021-03-03,,1.2828,1.6233,5.7127,1.2644,0.91833,6.4656,21.695,6.1721,,0.83001,0.71672,7.7566,6.2919,301.92,14255,3.2902,72.85,106.91,1118.22,,20.744,4.051,8.5036,1.3762,48.489,3.7629,4.0484,73.78,8.4039,1.3314,30.35,7.3879,,14.9463,126.58
2021-03-04,,1.2838,1.6252,5.6065,1.2642,0.92355,6.4688,21.778,6.1792,,0.83098,0.71689,7.7583,6.3046,302.92,14265,3.3098,72.752,107.39,1125.05,,20.826,4.0575,8.5254,1.3793,48.528,3.7834,4.0563,73.675,8.4423,1.3316,30.34,7.4511,,15.0346,127.39
2021-03-05,,1.3038,1.6383,5.6943,1.2699,0.92696,6.491,22.033,6.2291,,0.83766,0.7229,7.7647,6.3449,306.83,14394,3.3176,73.069,108.31,1128.42,,21.21,4.074,8.5534,1.402,48.625,3.8321,4.0889,74.451,8.5327,1.3409,30.509,7.4972,,15.2973,128.08
2021-03-08,,1.3062,1.6482,5.7499,1.2671,0.93435,6.5267,22.263,6.2668,,0.84274,0.72247,7.7687,6.3863,309.45,14360,3.3383,73.361,108.63,1139.12,,21.554,4.1075,8.5779,1.4051,48.713,3.8768,4.117,74.785,8.5794,1.3481,30.79,7.6742,,15.4713,128.69
2021-03-09,,1.2981,1.6444,5.8477,1.2603,0.93081,6.514,22.102,6.2524,,0.84076,0.72056,7.7623,6.3825,308.42,14411,3.3296,73.003,108.88,1138.31,,21.325,4.1175,8.4781,1.3963,48.532,3.8543,4.1088,73.962,8.5219,1.3461,30.769,7.6529,,15.3967,127.59
2021-03-10,,1.2975,1.6446,5.786,1.2648,0.93079,6.5114,22.053,6.2534,,0.8409,0.72027,7.7621,6.3795,309.01,14405,3.3243,72.999,108.58,1141.15,,21.209,4.1265,8.4774,1.3951,48.587,3.8473,4.1091,73.974,8.5188,1.347,30.77,7.5907,,15.2825,127.9
2021-03-11,,1.2853,1.6341,5.6011,1.2575,0.92456,6.4846,21.851,6.2132,,0.83549,0.71577,7.7592,6.338,305.69,14405,3.3033,72.596,108.46,1130.5,,20.719,4.1075,8.4309,1.3824,48.434,3.8232,4.0805,73.557,8.4631,1.3395,30.554,7.4382,,14.8782,128.08
2021-03-12,,1.29,1.639,5.5662,1.2549,0.92969,6.506,21.914,6.232,,0.83801,0.71931,7.7635,6.3593,306.86,14393,3.3216,72.681,109.06,1135.45,,20.83,4.118,8.4524,1.3939,48.414,3.8437,4.0937,73.494,8.4964,1.3453,30.78,7.58,,14.9589,128.97
2021-03-15,,1.2935,1.6408,5.6121,1.2478,0.92987,6.5023,21.974,6.2384,,0.83893,0.71871,7.7645,6.3589,308.41,14401,3.3077,72.559,109.2,1134.2,,20.689,4.1125,8.4721,1.3916,48.547,3.8518,4.0977,73.112,8.5445,1.3456,30.73,7.5379,,14.8755,128.78
2021-03-16,,1.2905,1.6399,5.5947,1.2466,0.92512,6.5,21.966,6.2351,,0.8385,0.72065,7.7667,6.3529,307.98,14428,3.2951,72.514,108.9,1129.77,,20.629,4.114,8.4712,1.3901,48.628,3.8515,4.0976,72.69,8.5014,1.3457,30.735,7.492,,14.8471,127.12
2021-03-17,,1.2956,1.6426,5.6521,1.2473,0.92777,6.5033,21.969,6.2451,,0.83984,0.71948,7.7665,6.3631,308.84,14459,3.2884,72.588,109.2,1130.97,,20.734,4.1215,8.5003,1.3956,48.696,3.8747,4.1046,73.755,8.5122,1.3468,30.785,7.5164,,14.8803,127.15
2021-03-18,,1.2884,1.6419,5.5595,1.2445,0.92923,6.5066,21.969,6.2424,,0.83949,0.71839,7.7647,6.3591,309.08,14410,3.2984,72.708,109.2,1127.64,,20.594,4.1115,8.4837,1.3908,48.688,3.8829,4.1016,73.984,8.5267,1.3443,30.87,7.3624,,14.792,127.27
2021-03-19,,1.2922,1.6448,5.526,1.2511,0.93062,6.5102,21.972,6.2538,,0.84097,0.72124,7.7665,6.371,309.43,14405,3.2977,72.509,108.94,1130.85,,20.318,4.1075,8.5794,1.3958,48.604,3.8853,4.1084,74.073,8.5563,1.343,30.84,7.2621,,14.7213,127.32
2021-03-22,,1.2913,1.6399,5.5272,1.2496,0.92428,6.5053,21.864,6.2351,,0.8385,0.72307,7.7657,6.3508,307.65,14402,3.304,72.355,108.81,1127.6,,20.656,4.114,8.5018,1.3933,48.502,3.8585,4.0971,74.543,8.5175,1.3409,30.87,7.8901,,14.7289,126.78
2021-03-23,,1.3036,1.6459,5.5173,1.2571,0.93125,6.5107,22.047,6.2577,,0.84154,0.72539,7.7666,6.3751,308.43,14395,3.2903,72.456,108.55,1129.75,,20.696,4.1225,8.5654,1.4237,48.623,3.8871,4.1145,75.974,8.568,1.3427,30.985,7.88,,14.7958,124.8
2021-03-24,,1.3135,1.654,5.5186,1.2587,0.93598,6.5229,22.162,6.2884,,0.84567,0.72939,7.7685,6.4042,308.61,14446,3.2912,72.609,108.75,1131.6,,20.739,4.1305,8.5888,1.4345,48.599,3.9137,4.1336,76.279,8.5949,1.346,31.0,7.95,,14.8201,126.93
2021-03-25,,1.3174,1.6572,5.6736,1.2582,0.93586,6.543,22.228,6.3006,,0.84731,0.72927,7.7699,6.4182,309.08,14425,3.3122,72.666,109.09,1136.15,,20.896,4.1465,8.6132,1.436,48.581,3.9315,4.1404,76.267,8.6371,1.3471,31.135,7.9913,,14.9849,126.93
2021-03-26,,1.3121,1.66,5.696,1.2573,0.94127,6.5407,22.136,6.3114,,0.84875,0.72571,7.7695,6.4285,308.59,14418,3.3323,72.551,109.78,1130.68,,20.589,4.1465,8.5943,1.4313,48.491,3.9461,4.1485,75.972,8.6492,1.3465,31.11,8.0227,,15.0098,127.14
2021-03-29,,1.3067,1.6597,5.7675,1.2587,0.93983,6.5626,22.131,6.3103,,0.84861,0.72234,7.7748,6.4259,307.47,14445,3.3311,72.556,109.63,1132.46,,20.749,4.1415,8.5487,1.4261,48.466,3.9424,4.1603,75.9,8.6732,1.3459,31.17,8.1644,,15.0139,128.14
2021-03-30,,1.3133,1.6658,5.7648,1.2617,0.94174,6.5713,22.249,6.3341,,0.85172,0.72718,7.7747,6.4473,309.43,14533,3.333,73.461,110.28,1133.93,,20.634,4.151,8.5694,1.4304,48.561,3.9675,4.1913,75.939,8.7278,1.347,31.27,8.3298,,14.9388,126.48
2021-03-31,,1.3145,1.6681,5.7492,1.2607,0.94414,6.5511,22.297,6.3431,,0.85288,0.72673,7.7742,6.4567,309.83,14525,3.3414,73.186,110.8,1129.37,,20.513,4.1465,8.5249,1.4302,48.53,3.9666,4.1981,75.326,8.732,1.3448,31.265,8.2942,,14.7961,126.31
2021-04-01,,1.3196,1.6651,5.6316,1.2589,0.94492,6.572,22.208,6.3323,,0.85135,0.72531,7.7768,6.4452,308.05,14531,3.333,73.412,110.7,1130.9,,20.329,4.1455,8.5483,1.4308,48.592,3.9238,4.1791,76.273,8.7479,1.3452,31.27,8.1647,,14.6496,126.6
2021-04-06,,1.3107,1.6558,5.6421,1.2563,0.93718,6.5518,22.055,6.2969,,0.8466,0.72264,7.7768,6.4087,305.04,14505,3.3022,73.4,110.29,1120.18,,20.268,4.1315,8.531,1.4235,48.615,3.8871,4.1631,76.625,8.6869,1.341,31.37,8.1511,,14.5106,126.57
2021-04-07,,1.3111,1.6457,5.5907,1.2607,0.92932,6.5433,21.81,6.2576,,0.84147,0.72421,7.7858,6.3752,302.66,14562,3.3016,74.36,109.86,1117.51,,20.203,4.1315,8.4597,1.4227,48.776,3.8502,4.1388,77.701,8.6133,1.3394,31.375,8.1813,,14.5408,126.56
2021-04-08,,1.3088,1.6473,5.6047,1.2589,0.92824,6.5484,21.793,6.2644,,0.84225,0.72678,7.7787,6.3872,302.07,14535,3.2843,74.615,109.25,1115.9,,20.172,4.1375,8.4882,1.4196,48.609,3.8333,4.1437,77.032,8.5971,1.3405,31.455,8.1529,,14.5437,127.18
2021-04-09,,1.3105,1.6452,5.6057,1.2576,0.92614,6.5557,21.825,6.2561,,0.84118,0.72895,7.7784,6.3724,301.12,14599,3.2884,74.706,109.71,1119.85,,20.135,4.135,8.5069,1.4182,48.59,3.8183,4.1385,77.238,8.5569,1.3409,31.45,8.1513,,14.5609,127.78
2021-04-12,,1.3116,1.643,5.667,1.2543,0.92389,6.5446,21.867,6.2474,,0.84005,0.7268,7.7759,6.3569,299.42,14610,3.2918,75.017,109.38,1124.38,,20.135,4.133,8.4795,1.4209,48.593,3.8009,4.1333,77.251,8.5664,1.3411,31.505,8.1517,,14.6067,127.6
2021-04-13,,1.3157,1.6441,5.7344,1.2614,0.92476,6.5488,21.87,6.252,,0.84062,0.7288,7.7738,6.3631,302.15,14653,3.3036,75.42,109.47,1124.18,,20.196,4.135,8.547,1.4245,48.633,3.8389,4.1378,77.202,8.5836,1.3434,31.59,8.145,,14.6459,127.69
2021-04-14,,1.3007,1.6347,5.6995,1.2559,0.92218,6.5318,21.673,6.2163,,0.83584,0.7265,7.7662,6.3276,299.74,14625,3.2858,75.084,108.94,1114.9,,20.103,4.1285,8.4207,1.406,48.505,3.8062,4.1157,75.685,8.4782,1.3372,31.36,8.0903,,14.4591,126.8
2021-04-15,,1.2906,1.6339,5.65,1.2494,0.92281,6.5271,21.673,6.2132,,0.83542,0.72475,7.7681,6.317,299.86,14617,3.2815,75.021,108.72,1115.54,,20.005,4.1245,8.3904,1.3965,48.465,3.8057,4.1145,77.051,8.4627,1.3345,31.225,8.1129,,14.24,126.9
2021-04-16,,1.2898,1.6317,5.6232,1.2503,0.91866,6.5207,21.631,6.2046,,0.83431,0.72412,7.7717,6.313,301.27,14534,3.2777,74.454,108.77,1114.38,,19.9241,4.127,8.3581,1.3954,48.391,3.7968,4.11,75.83,8.4311,1.3332,31.22,8.0671,,14.2639,126.73
2021-04-19,,1.2872,1.6251,5.5717,1.2495,0.91383,6.5079,21.523,6.179,,0.83091,0.71753,7.7669,6.2911,299.32,14510,3.2623,74.84,108.09,1114.16,,19.8471,4.1235,8.2869,1.3918,48.378,3.7784,4.0931,76.236,8.3909,1.3306,31.233,8.0763,,14.2416,126.05
2021-04-20,,1.2855,1.6229,5.5694,1.2521,0.91519,6.4976,21.494,6.1709,,0.82981,0.71608,7.7628,6.2829,299.65,14528,3.25,75.139,108.41,1114.36,,19.893,4.1155,8.2952,1.3887,48.306,3.7777,4.0891,76.575,8.4049,1.3284,31.275,8.1125,,14.2965,126.05
2021-04-21,,1.2954,1.6289,5.5692,1.2607,0.9183,6.4971,21.565,6.1934,,0.83285,0.71833,7.7629,6.3088,301.74,14546,3.2564,75.456,108.1,1119.52,,19.9092,4.121,8.3637,1.393,48.428,3.7945,4.1026,76.689,8.4545,1.3301,31.37,8.1749,,14.2792,125.43
2021-04-22,,1.2935,1.6236,5.5243,1.2508,0.91607,6.4902,21.468,6.1735,,0.83015,0.72103,7.7598,6.2857,301.78,14540,3.2622,75.037,108.17,1117.56,,19.9303,4.1125,8.3409,1.3937,48.401,3.7827,4.0905,75.818,8.4042,1.3283,31.355,8.2644,,14.3075,125.35
2021-04-23,,1.2921,1.6209,5.4344,1.2483,0.9148,6.491,21.421,6.1629,,0.82878,0.72025,7.7617,6.2742,301.23,14525,3.2534,74.979,107.72,1116.38,,19.8458,4.1095,8.3234,1.3925,48.345,3.7811,4.0813,74.863,8.4042,1.3269,31.369,8.3404,,14.2606,125.31
2021-04-26,,1.2841,1.6184,5.4526,1.2437,0.91576,6.4856,21.355,6.1532,,0.82747,0.71969,7.7598,6.26,300.62,14482,3.2412,74.787,108.02,1111.76,,19.8436,4.098,8.3043,1.3841,48.352,3.7709,4.0739,74.952,8.383,1.3262,31.44,8.3101,,14.269,124.95
2021-04-27,,1.285,1.618,5.437,1.2397,0.91314,6.4835,21.422,6.1516,,0.82727,0.71885,7.7618,6.2541,300.11,14510,3.2407,74.578,108.27,1111.41,,19.9231,4.0975,8.2787,1.3835,48.409,3.776,4.0745,74.917,8.3887,1.3256,31.37,8.2056,,14.3434,124.09
2021-04-28,,1.2905,1.6204,5.4366,1.239,0.915,6.4845,21.508,6.1607,,0.8285,0.7207,7.7627,6.2629,299.71,14500,3.253,74.474,108.92,1114.29,,20.027,4.103,8.268,1.3845,48.506,3.7994,4.0835,74.582,8.377,1.3264,31.36,8.1754,,14.346,123.28
2021-04-29,,1.2824,1.6125,5.3577,1.2286,0.90857,6.469,21.285,6.1308,,0.82447,0.71655,7.7629,6.2289,297.13,14417,3.2462,74.079,108.99,1107.59,,19.9819,4.1034,8.1742,1.3771,48.348,3.764,4.0586,74.244,8.3373,1.3254,31.2,8.2195,,14.2429,122.35
2021-04-30,,1.2896,1.6188,5.3465,1.2278,0.91028,6.467,21.423,6.1546,,0.82768,0.71895,7.7649,6.2461,297.85,14421,3.2444,74.061,108.94,1114.25,,20.058,4.0955,8.2381,1.3854,48.242,3.7771,4.0792,75.079,8.4125,1.328,31.16,8.2583,,14.3912,123.82
2021-05-03,,1.293,1.6239,5.439,1.2294,0.91465,6.4735,21.399,6.1744,,0.83029,0.72101,7.7677,6.2631,298.85,14426,3.2425,73.896,109.52,1122.51,,20.265,4.1043,8.3162,1.3937,48.224,3.7793,4.0908,75.349,8.4526,1.3321,31.19,8.3101,,14.4431,125.37
2021-05-04,,1.2984,1.627,5.4725,1.2342,0.9134,6.5,21.497,6.1859,,0.83188,0.72182,7.7676,6.273,299.73,14471,3.2524,73.879,109.19,1126.0,,20.301,4.123,8.329,1.4048,48.072,3.792,4.0991,75.069,8.4579,1.3371,31.175,8.3279,,14.5107,123.78
2021-05-05,,1.292,1.6292,5.4289,1.2271,0.91337,6.467,21.512,6.1941,,0.83299,0.71865,7.769,6.2736,299.58,14421,3.2663,73.878,109.29,1125.35,,20.215,4.1175,8.3172,1.3897,48.028,3.8132,4.1042,74.802,8.4919,1.3357,31.125,8.3444,,14.4117,125.61
2021-05-06,,1.2891,1.6217,5.3654,1.2242,0.90821,6.4721,21.432,6.1658,,0.82919,0.71897,7.7682,6.2467,297.0,14300,3.2597,73.748,109.2,1121.71,,20.249,4.122,8.3381,1.386,47.964,3.8033,4.0849,74.527,8.4527,1.3347,31.27,8.3325,,14.2687,125.12
2021-05-07,,1.2873,1.6219,5.2907,1.2181,0.90911,6.4524,21.297,6.1664,,0.82926,0.71988,7.7669,6.248,296.88,14270,3.2704,73.505,109.26,1119.93,,20.069,4.112,8.3029,1.3873,47.887,3.7942,4.0853,74.194,8.3973,1.3319,31.17,8.2941,,14.2518,124.8
2021-05-10,,1.2682,1.6072,5.2468,1.2115,0.89892,6.4134,21.03,6.1107,,0.82176,0.70832,7.766,6.1973,293.58,14125,3.249,73.35,108.73,1111.96,,19.9244,4.1075,8.2183,1.3701,47.865,3.7498,4.047,73.975,8.3191,1.3239,31.07,8.2583,,14.0392,124.0
2021-05-11,,1.2744,1.6071,5.224,1.2103,0.90189,6.4237,21.012,6.1101,,0.82169,0.70676,7.7672,6.1945,294.45,14177,3.2833,73.369,108.56,1118.51,,19.8324,4.1185,8.2432,1.3737,47.847,3.7405,4.0485,73.944,8.3098,1.325,31.1,8.2836,,13.9562,123.99
2021-05-12,,1.2812,1.614,5.2393,1.2084,0.90493,6.4409,21.061,6.1363,,0.82522,0.70802,7.7665,6.2119,294.93,14263,3.2788,73.411,108.78,1124.76,,19.9521,4.1255,8.2739,1.3825,47.8,3.7496,4.0653,74.187,8.3397,1.3288,31.22,8.3446,,13.9754,124.36
2021-05-13,,1.2973,1.6189,5.2998,1.2139,0.90721,6.4539,21.17,6.1555,,0.82775,0.71238,7.7677,6.2309,295.61,14335,3.2923,73.554,109.57,1132.38,,20.143,4.1251,8.3826,1.3976,47.929,3.7635,4.0786,74.265,8.4198,1.3343,31.35,8.4971,,14.159,124.58
2021-05-14,,1.2896,1.6133,5.2744,1.2126,0.90341,6.436,21.028,6.134,,0.82488,0.71008,7.7663,6.2023,293.26,14297,3.2795,73.257,109.29,1128.49,,19.8161,4.1255,8.2549,1.3834,47.733,3.7299,4.0633,73.926,8.3531,1.3331,31.355,8.4281,,14.0825,124.47
2021-05-17,,1.2915,1.6106,5.3006,1.2122,0.90175,6.4421,20.998,6.1239,,0.82352,0.71,7.7673,6.1899,290.62,14348,3.2849,73.318,109.2,1138.25,,19.9028,4.1308,8.29,1.39,47.93,3.7411,4.0566,74.076,8.363,1.3366,31.47,8.3719,,14.1698,124.43
2021-05-18,,1.2806,1.6002,5.2434,1.2022,0.89699,6.4229,20.804,6.0844,,0.8182,0.70363,7.7657,6.1532,286.78,14273,3.2734,73.008,108.89,1127.57,,19.7357,4.1265,8.1922,1.3763,47.877,3.7018,4.0315,73.67,8.2935,1.3292,31.42,8.3362,,13.9778,122.97
2021-05-19,,1.2909,1.6015,5.2833,1.2076,0.90141,6.4358,20.836,6.0891,,0.81887,0.70613,7.7644,6.1497,287.3,14373,3.2622,73.149,109.15,1129.95,,19.8944,4.138,8.2753,1.3905,47.847,3.7003,4.0352,73.706,8.3224,1.3319,31.435,8.427,,14.0392,122.75
2021-05-20,,1.2895,1.6027,5.2911,1.211,0.90068,6.438,20.912,6.0939,,0.81947,0.70802,7.7625,6.1538,287.31,14414,3.2655,73.064,108.95,1130.79,,19.8984,4.146,8.3402,1.392,47.865,3.7002,4.0382,73.613,8.3433,1.3325,31.39,8.3679,,14.0653,122.35
2021-05-21,,1.288,1.6047,5.3026,1.2045,0.89851,6.432,20.883,6.1012,,0.82048,0.70455,7.7649,6.162,286.44,14355,3.2539,72.859,108.8,1126.56,,19.9163,4.141,8.3213,1.3878,47.909,3.6833,4.0423,73.408,8.3049,1.3307,31.37,8.3813,,13.9383,121.35
2021-05-24,,1.2941,1.6015,5.3471,1.2063,0.89723,6.427,20.819,6.0894,,0.81887,0.70757,7.7656,6.145,284.53,14355,3.2584,72.92,108.88,1126.29,,19.9541,4.146,8.3598,1.3918,48.093,3.6726,4.0333,73.739,8.3254,1.3295,31.36,8.3874,,13.9717,123.63
2021-05-25,,1.2871,1.5947,5.2976,1.2034,0.89506,6.4057,20.749,6.0633,,0.81539,0.70591,7.7623,6.1252,284.46,14331,3.2398,72.766,108.85,1121.63,,19.8288,4.1429,8.3142,1.3795,48.135,3.6561,4.0158,73.426,8.263,1.3254,31.35,8.4129,,13.8284,120.92
2021-05-26,,1.2865,1.5993,5.3157,1.2089,0.89607,6.3905,20.812,6.0806,,0.81773,0.70594,7.762,6.1432,286.66,14288,3.2499,72.753,108.89,1117.02,,19.8708,4.1425,8.3228,1.3686,48.149,3.6774,4.0216,73.645,8.3002,1.3238,31.24,8.4492,,13.8427,121.27
2021-05-27,,1.2914,1.6034,5.3028,1.2089,0.89908,6.3788,20.855,6.0963,,0.81981,0.70559,7.7619,6.1625,285.74,14306,3.248,72.602,109.38,1117.1,,19.8852,4.14,8.3582,1.3707,48.02,3.6758,4.0303,73.405,8.3045,1.3237,31.3,8.4429,,13.7438,120.27
2021-05-28,,1.3009,1.6108,5.2581,1.2116,0.90265,6.3764,20.961,6.1247,,0.82359,0.70635,7.762,6.1917,286.48,14335,3.2517,72.55,110.07,1116.67,,20.029,4.1335,8.3833,1.3845,47.83,3.695,4.0517,73.645,8.3388,1.3261,31.3,8.5981,,13.8317,120.66
2021-05-31,,1.2929,1.603,5.2347,1.207,0.90009,6.3701,20.862,6.095,,0.8196,0.70497,7.7608,6.1521,284.9,14264,3.2463,72.568,109.65,1108.14,,19.9271,4.1245,8.375,1.3769,47.65,3.6764,4.032,73.387,8.2952,1.322,31.2,8.5016,,13.7672,120.97
2021-06-01,,1.2919,1.5998,5.2021,1.2031,0.89865,6.3839,20.828,6.0831,,0.818,0.70581,7.7589,6.1419,283.4,14255,3.2416,72.9,109.65,1108.7,,19.9002,4.1265,8.271,1.3773,47.776,3.6533,4.0238,73.546,8.2581,1.3226,31.17,8.5204,,13.7656,120.65
2021-06-02,,1.293,1.605,5.1609,1.2067,0.9012,6.3854,20.897,6.1025,,0.82061,0.70675,7.7593,6.1581,283.98,14272,3.2537,73.1,109.73,1112.84,,19.9581,4.125,8.3204,1.3822,47.852,3.6643,4.0381,73.453,8.2798,1.3236,31.15,8.587,,13.7263,119.89
2021-06-03,,1.2958,1.6048,5.0787,1.207,0.8994,6.3929,20.881,6.102,,0.82055,0.7053,7.7583,6.1552,283.76,14295,3.2492,72.93,109.8,1114.1,,19.9639,4.1225,8.3286,1.388,47.762,3.6531,4.0387,73.209,8.2994,1.3244,31.13,8.6691,,13.5569,120.05
2021-06-04,,1.3043,1.6141,5.1064,1.2115,0.90377,6.4098,21.004,6.1375,,0.82529,0.70719,7.7577,6.1925,286.01,14326,3.2566,73.005,110.09,1116.56,,20.172,4.128,8.3816,1.3977,47.763,3.6893,4.0629,73.195,8.3395,1.3282,31.25,8.6806,,13.6522,121.4
2021-06-07,,1.2891,1.6081,5.0476,1.2071,0.89903,6.3966,20.885,6.1149,,0.82223,0.70568,7.7582,6.1672,284.42,14245,3.2496,72.792,109.34,1111.03,,19.7706,4.128,8.262,1.384,47.632,3.6723,4.0482,72.85,8.2677,1.3232,31.19,8.6254,,13.4783,120.62
2021-06-08,,1.2903,1.6055,5.032,1.2072,0.89591,6.3978,20.846,6.1044,,0.82088,0.70678,7.7595,6.1546,285.55,14249,3.243,72.878,109.41,1115.36,,19.7587,4.1205,8.2482,1.3861,47.691,3.6692,4.0419,72.468,8.2708,1.3233,31.19,8.5919,,13.5112,120.59
2021-06-09,,1.29,1.6038,5.0303,1.2078,0.89487,6.3861,20.809,6.0981,,0.82001,0.70564,7.7585,6.1521,284.7,14248,3.2435,72.948,109.37,1115.13,,19.6302,4.1175,8.2426,1.3879,47.758,3.654,4.0384,72.12,8.2489,1.3229,31.16,8.5815,,13.555,120.46
2021-06-10,,1.2922,1.6065,5.0462,1.2107,0.89609,6.393,20.857,6.1084,,0.82142,0.70883,7.7597,6.1594,284.33,14272,3.2418,73.082,109.54,1116.12,,19.7059,4.1205,8.3061,1.3908,47.748,3.6815,4.0433,72.178,8.273,1.3249,31.171,8.484,,13.6431,120.58
2021-06-11,,1.2938,1.613,5.0788,1.2113,0.89757,6.3933,20.895,6.1329,,0.82474,0.70689,7.7599,6.1786,285.56,14199,3.2479,73.13,109.59,1114.3,,19.7113,4.108,8.3157,1.3964,47.733,3.6862,4.0563,71.72,8.3005,1.3245,31.065,8.4098,,13.5903,121.4
2021-06-14,,1.2959,1.6148,5.1062,1.2167,0.89903,6.3987,20.989,6.1394,,0.82563,0.7092,7.7616,6.1831,289.91,14257,3.245,73.233,109.77,1118.78,,19.9125,4.115,8.3246,1.4002,47.861,3.7279,4.0623,72.242,8.3342,1.3268,31.14,8.3702,,13.8011,121.53
2021-06-15,,1.3001,1.6153,5.0705,1.2189,0.90015,6.4009,21.019,6.1416,,0.8259,0.71151,7.7627,6.1846,290.78,14250,3.2436,73.34,110.08,1118.35,,19.9851,4.117,8.327,1.403,48.07,3.736,4.067,72.052,8.3299,1.3266,31.15,8.5552,,13.776,121.57
2021-06-16,,1.2965,1.6132,5.0365,1.2177,0.89871,6.399,21.01,6.1338,,0.82481,0.70793,7.762,6.1844,290.06,14245,3.2389,73.309,109.86,1118.63,,19.9604,4.1175,8.3477,1.3981,48.065,3.7253,4.061,71.956,8.3539,1.3257,31.15,8.5461,,13.7417,121.25
2021-06-17,,1.3205,1.6384,5.0503,1.233,0.91522,6.4402,21.371,6.2301,,0.83773,0.71647,7.7653,6.2788,296.81,14465,3.2612,74.122,110.66,1134.34,,20.475,4.14,8.5426,1.4262,48.456,3.8012,4.1252,72.397,8.5369,1.3404,31.4,8.6373,,14.0787,122.98
2021-06-18,,1.3306,1.6438,5.0071,1.2373,0.91957,6.4397,21.448,6.2501,,0.84048,0.721,7.7642,6.3023,298.71,14435,3.2695,73.987,110.2,1132.23,,20.455,4.139,8.6458,1.4346,48.425,3.8235,4.1393,72.298,8.6006,1.3429,31.45,8.6955,,14.1388,123.05
2021-06-21,,1.3305,1.6448,5.062,1.2411,0.9212,6.4684,21.503,6.2538,,0.84097,0.72046,7.7644,6.3069,297.8,14444,3.2671,74.165,110.09,1134.63,,20.598,4.1475,8.6345,1.4344,48.754,3.812,4.1407,73.274,8.5916,1.3446,31.615,8.7867,,14.2505,123.66
2021-06-22,,1.3299,1.6444,5.0178,1.2381,0.92004,6.475,21.467,6.2519,,0.84076,0.71935,7.7657,6.3044,298.6,14458,3.2616,74.298,110.56,1135.63,,20.583,4.1615,8.5924,1.4302,48.673,3.811,4.1412,73.197,8.5396,1.346,31.72,8.693,,14.3292,123.26
2021-06-23,,1.3189,1.6365,4.9538,1.2273,0.91733,6.4759,21.26,6.2222,,0.83675,0.71488,7.7656,6.2764,292.31,14446,3.2552,74.178,110.82,1136.27,,20.271,4.1615,8.5118,1.4179,48.714,3.7844,4.1221,72.546,8.4753,1.3442,31.785,8.6465,,14.1735,122.5
2021-06-24,,1.32,1.6386,4.9465,1.2297,0.91882,6.4672,21.299,6.2301,,0.8378,0.71953,7.7643,6.2829,293.67,14451,3.2499,74.145,110.76,1131.93,,20.08,4.16,8.5238,1.4161,48.635,3.7906,4.1258,72.269,8.4729,1.3438,31.85,8.6965,,14.245,122.49
2021-06-25,,1.316,1.6367,4.9067,1.2298,0.91682,6.4551,21.328,6.2228,,0.83682,0.71925,7.7616,6.2741,294.46,14431,3.2478,74.209,110.69,1126.65,,19.8134,4.156,8.482,1.4126,48.502,3.7767,4.1224,72.126,8.4605,1.3418,31.81,8.6935,,14.0886,123.1
2021-06-28,,1.3227,1.6421,4.9672,1.2332,0.92099,6.4586,21.41,6.2442,,0.83963,0.71965,7.7631,6.2942,295.53,14505,3.2606,74.299,110.94,1131.75,,19.8598,4.146,8.5443,1.4212,48.68,3.7842,4.1367,72.259,8.5028,1.3446,31.975,8.7431,,14.2608,123.68
2021-06-29,,1.33,1.6452,4.9484,1.237,0.92236,6.4615,21.431,6.2553,,0.84118,0.72298,7.7639,6.3055,295.35,14586,3.2604,74.277,110.65,1128.24,,19.8612,4.1515,8.5711,1.43,48.591,3.8016,4.1449,72.737,8.5389,1.3446,32.105,8.7155,,14.3439,123.91
2021-06-30,,1.334,1.6457,4.9689,1.2388,0.92393,6.4576,21.447,6.2573,,0.84147,0.72202,7.7662,6.3037,295.93,14541,3.2618,74.318,110.59,1128.75,,19.8401,4.1515,8.5592,1.4327,48.858,3.8035,4.1468,73.014,8.5081,1.3443,32.075,8.6848,,14.3145,123.27
2021-07-01,,1.3325,1.6457,4.9609,1.2368,0.92435,6.466,21.463,6.2572,,0.84147,0.72394,7.7645,6.302,296.08,14524,3.2605,74.52,111.43,1132.5,,19.9655,4.159,8.5918,1.4275,49.22,3.8004,4.1463,72.88,8.5609,1.3454,32.05,8.6929,,14.2834,123.44
2021-07-02,,1.3394,1.6542,5.0259,1.2414,0.92574,6.4784,21.658,6.2894,,0.84581,0.72742,7.7677,6.334,297.81,14541,3.274,74.693,111.43,1136.34,,19.956,4.1635,8.659,1.4369,49.415,3.8285,4.1684,73.687,8.592,1.3507,32.185,8.6932,,14.4453,124.59
2021-07-05,,1.3282,1.6482,5.0623,1.2362,0.92154,6.4619,21.562,6.2666,,0.84274,0.72194,7.7686,6.3109,296.25,14475,3.2625,74.296,110.89,1130.31,,19.8272,4.156,8.5773,1.4243,49.293,3.7973,4.1514,73.369,8.5484,1.345,32.12,8.6709,,14.2266,123.97
2021-07-06,,1.3206,1.6521,5.0931,1.2367,0.9233,6.466,21.634,6.2816,,0.84474,0.72183,7.7667,6.3233,298.53,14488,3.2643,74.514,110.65,1133.36,,19.8167,4.1555,8.629,1.411,49.631,3.7963,4.1615,73.467,8.5732,1.3448,32.21,8.6597,,14.2151,124.26
2021-07-07,,1.328,1.6531,5.1749,1.2432,0.92275,6.4642,21.712,6.2853,,0.84524,0.72268,7.7677,6.328,300.54,14492,3.2668,74.618,110.61,1136.75,,19.9239,4.162,8.6616,1.4166,49.835,3.8198,4.1643,74.212,8.6056,1.346,32.265,8.6693,,14.2563,123.66
2021-07-08,,1.3479,1.6521,5.2765,1.2581,0.91662,6.4903,21.874,6.282,,0.84474,0.7276,7.7688,6.3282,302.9,14598,3.2795,74.852,109.74,1149.97,,20.098,4.1815,8.7969,1.4401,50.133,3.8439,4.1622,75.207,8.6085,1.3533,32.52,8.6927,,14.4073,123.59
2021-07-09,,1.3382,1.6494,5.2597,1.2495,0.91516,6.4795,21.75,6.2715,,0.84331,0.72321,7.7683,6.3189,299.46,14497,3.2825,74.524,110.02,1145.39,,19.8853,4.1905,8.7161,1.4321,50.079,3.8368,4.1564,74.228,8.5894,1.3517,32.55,8.6667,,14.2317,123.38
2021-07-12,,1.3405,1.6502,5.2671,1.2498,0.91563,6.4758,21.704,6.2753,,0.84374,0.72199,7.7668,6.3237,299.85,14511,3.2838,74.595,110.15,1149.13,,19.9173,4.1915,8.7141,1.436,50.495,3.8426,4.1579,74.62,8.6068,1.3523,32.68,8.6375,,14.4677,123.44
2021-07-13,,1.3374,1.6513,5.177,1.2481,0.91667,6.4672,21.651,6.28,,0.84431,0.72204,7.7651,6.3256,301.14,14474,3.2796,74.544,110.22,1145.53,,19.8877,4.192,8.7036,1.4337,50.016,3.8574,4.1604,74.13,8.5966,1.3521,32.62,8.5888,,14.5842,123.69
2021-07-14,,1.3391,1.6558,5.1296,1.2472,0.91771,6.4568,21.712,6.2966,,0.8466,0.72094,7.7668,6.3434,303.15,14484,3.274,74.492,110.31,1147.34,,19.9568,4.2005,8.747,1.4239,50.258,3.872,4.1726,74.06,8.6395,1.3537,32.615,8.5917,,14.644,123.86
2021-07-15,,1.3444,1.6562,5.0872,1.254,0.91693,6.4615,21.667,6.2982,,0.84681,0.72138,7.7675,6.3441,304.39,14517,3.2647,74.562,110.03,1143.31,,19.9323,4.2025,8.7902,1.4301,50.192,3.874,4.1739,74.113,8.6658,1.3545,32.685,8.558,,14.5675,123.72
2021-07-16,,1.3478,1.6572,5.0963,1.2588,0.91959,6.4712,21.639,6.3024,,0.84731,0.72274,7.7685,6.3521,304.8,14475,3.2872,74.589,110.18,1142.13,,19.8771,4.2095,8.8017,1.4265,50.3,3.8864,4.176,74.157,8.6789,1.3551,32.765,8.5173,,14.3908,123.62
2021-07-19,,1.3635,1.6622,5.1685,1.2772,0.9213,6.4885,21.762,6.3213,,0.84991,0.73018,7.7698,6.3798,305.52,14571,3.296,74.987,109.6,1153.77,,20.046,4.2255,8.9563,1.4437,50.88,3.8998,4.1873,74.732,8.7143,1.3637,32.86,8.5961,,14.5114,124.17
2021-07-20,,1.3658,1.661,5.2342,1.2758,0.92042,6.4803,21.777,6.3169,,0.84926,0.73499,7.7732,6.3873,305.27,14560,3.296,74.667,109.58,1148.53,,20.042,4.2245,9.0166,1.4479,50.96,3.9027,4.183,74.463,8.7079,1.3678,32.81,8.549,,14.5519,124.76
2021-07-21,,1.3667,1.6614,5.244,1.2684,0.92151,6.4731,21.827,6.3188,,0.84947,0.73363,7.7742,6.3945,305.98,14543,3.2921,74.575,110.12,1154.91,,20.195,4.2325,8.9881,1.4444,50.455,3.9065,4.1841,74.346,8.7027,1.368,32.87,8.585,,14.6798,125.72
2021-07-22,,1.3553,1.661,5.1829,1.2551,0.91966,6.4673,21.774,6.3169,,0.84926,0.72665,7.7712,6.3966,303.92,14491,3.2717,74.446,110.26,1148.7,,20.152,4.223,8.8149,1.4358,50.039,3.8778,4.1806,73.843,8.6832,1.3605,32.87,8.5535,,14.5604,125.86
2021-07-23,,1.355,1.6621,5.1848,1.2567,0.92105,6.4778,21.798,6.3212,,0.84983,0.72697,7.7692,6.4038,305.2,14490,3.2727,74.437,110.57,1150.84,,20.076,4.2265,8.8438,1.4316,50.242,3.883,4.1835,73.621,8.6772,1.3595,32.925,8.547,,14.7771,126.63
2021-07-26,,1.3583,1.6593,5.2215,1.256,0.91847,6.4839,21.743,6.3097,,0.84839,0.7251,7.776,6.3837,306.82,14494,3.2652,74.429,110.33,1154.4,,20.092,4.2315,8.8462,1.4328,50.345,3.8931,4.176,73.954,8.6578,1.3601,32.945,8.5665,,14.8338,126.07
2021-07-27,,1.3572,1.6561,5.1895,1.2565,0.91499,6.5029,21.749,6.2973,,0.84674,0.72399,7.7828,6.356,304.34,14488,3.2524,74.437,110.06,1152.2,,20.041,4.2329,8.8419,1.4357,50.426,3.887,4.1656,73.675,8.6071,1.3598,32.96,8.558,,14.8461,126.16
2021-07-28,,1.362,1.6565,5.1606,1.2569,0.91488,6.498,21.703,6.2991,,0.84696,0.72072,7.7818,6.3578,304.67,14498,3.2601,74.388,110.08,1154.39,,19.9729,4.235,8.8785,1.4409,50.364,3.893,4.1681,73.49,8.6358,1.36,32.845,8.552,,14.8041,125.69
2021-07-29,,1.3528,1.6473,5.0888,1.2472,0.90862,6.4593,21.482,6.2643,,0.84225,0.71658,7.7716,6.324,301.59,14464,3.2444,74.261,109.84,1145.52,,19.8484,4.2385,8.7588,1.4306,50.301,3.856,4.1451,73.275,8.5635,1.3537,32.85,8.4941,,14.5807,123.98
2021-07-30,,1.3567,1.6448,5.106,1.2439,0.90581,6.4619,21.446,6.2551,,0.84097,0.716,7.7749,6.3075,300.4,14451,3.2296,74.334,109.65,1151.07,,19.8705,4.22,8.7802,1.4288,50.02,3.8379,4.1378,72.921,8.5668,1.3531,32.88,8.4085,,14.5726,123.29
2021-08-02,,1.358,1.6455,5.1707,1.2465,0.90535,6.462,21.434,6.2579,,0.84133,0.71991,7.7737,6.3068,299.52,14378,3.224,74.373,109.52,1150.66,,19.8216,4.225,8.7931,1.4337,49.816,3.8332,4.1376,72.707,8.574,1.3519,32.94,8.3444,,14.3861,123.51
2021-08-03,,1.3535,1.6456,5.1991,1.2515,0.90324,6.4634,21.447,6.258,,0.8414,0.71817,7.7769,6.3109,298.35,14300,3.2151,74.228,109.13,1148.16,,19.8519,4.2205,8.7794,1.4264,49.597,3.8336,4.1382,72.958,8.586,1.3509,33.02,8.3783,,14.388,123.35
2021-08-04,,1.3491,1.6489,5.1943,1.2545,0.90456,6.4613,21.448,6.2699,,0.8431,0.71792,7.7764,6.324,298.66,14304,3.2067,74.159,109.02,1142.77,,19.8617,4.222,8.8146,1.4151,49.733,3.8309,4.1468,72.937,8.5971,1.349,33.11,8.4407,,14.2662,124.44
2021-08-05,,1.3494,1.6505,5.1531,1.2504,0.90574,6.4603,21.447,6.2756,,0.84388,0.71781,7.7772,6.3298,298.69,14340,3.2097,74.118,109.53,1142.06,,19.9249,4.2175,8.811,1.4143,50.346,3.838,4.1484,73.063,8.6062,1.3499,33.24,8.5363,,14.3656,124.89
2021-08-06,,1.3524,1.6565,5.2167,1.2504,0.90827,6.469,21.524,6.2989,,0.84696,0.71856,7.7773,6.3503,298.74,14342,3.2156,74.109,109.8,1142.67,,19.9187,4.219,8.8278,1.4175,50.516,3.859,4.1636,73.194,8.6121,1.3511,33.335,8.5869,,14.4815,125.18
2021-08-09,,1.3606,1.663,5.2491,1.2539,0.9171,6.4782,21.589,6.3234,,0.85027,0.72056,7.7817,6.3766,300.88,14384,3.2183,74.245,110.11,1144.31,,20.026,4.2285,8.918,1.4253,50.4,3.881,4.1777,73.446,8.6876,1.3556,33.44,8.6454,,14.631,125.67
2021-08-10,,1.362,1.6685,5.2441,1.2565,0.92245,6.4814,21.653,6.3447,,0.8531,0.72145,7.7826,6.3969,301.02,14386,3.2268,74.382,110.46,1151.48,,20.102,4.2285,8.9302,1.4296,50.339,3.9033,4.1938,73.639,8.714,1.3581,33.46,8.6003,,14.8102,126.43
2021-08-11,,1.3618,1.6691,5.2153,1.2525,0.9232,6.4854,21.68,6.3469,,0.85339,0.7228,7.7818,6.3966,302.82,14407,3.2168,74.381,110.67,1158.4,,20.079,4.24,8.922,1.4255,50.457,3.9135,4.1955,74.108,8.7306,1.3589,33.335,8.6591,,14.7914,126.3
2021-08-12,,1.3598,1.6661,5.2188,1.2517,0.92205,6.4772,21.631,6.3354,,0.85186,0.72189,7.7806,6.3879,300.92,14350,3.2215,74.206,110.41,1162.95,,19.8969,4.233,8.8385,1.424,50.457,3.908,4.1865,73.507,8.679,1.3573,33.02,8.5657,,14.7185,126.08
2021-08-13,,1.3605,1.6624,5.2368,1.2515,0.92044,6.48,21.578,6.3213,,0.84998,0.72327,7.7835,6.3734,300.07,14366,3.2161,74.263,110.19,1164.44,,19.8691,4.2375,8.8188,1.4259,50.61,3.8878,4.1747,73.294,8.6692,1.3572,33.33,8.5549,,14.8373,125.8
2021-08-16,,1.3642,1.6614,5.2789,1.2557,0.91386,6.4766,21.6,6.3173,,0.84947,0.72097,7.7847,6.3665,298.92,14374,3.217,74.218,109.37,1167.25,,19.9049,4.2375,8.8386,1.4232,50.767,3.8781,4.1741,73.437,8.6653,1.3564,33.445,8.4707,,14.7683,125.89
2021-08-17,,1.3715,1.6621,5.2745,1.261,0.91043,6.4795,21.621,6.3198,,0.84983,0.7251,7.7933,6.3661,298.42,14389,3.2286,74.31,109.26,1174.39,,19.9091,4.238,8.8368,1.4433,50.434,3.8757,4.1859,73.409,8.6639,1.3591,33.32,8.423,,14.8225,126.12
2021-08-18,,1.3793,1.6683,5.2813,1.2619,0.91495,6.4809,21.707,6.3438,,0.85302,0.72663,7.788,6.3937,299.0,14392,3.233,74.256,109.76,1170.31,,19.9761,4.238,8.8902,1.4484,50.456,3.8927,4.2015,73.659,8.7207,1.3599,33.285,8.4774,,14.873,126.59
2021-08-19,,1.3953,1.6722,5.4431,1.2756,0.91681,6.4895,21.803,6.3585,,0.85499,0.73122,7.7908,6.4148,300.09,14468,3.251,74.384,109.62,1175.91,,20.165,4.2385,9.0159,1.4621,50.516,3.9186,4.2147,74.145,8.7892,1.363,33.34,8.5269,,15.1765,127.22
2021-08-20,,1.4029,1.6758,5.4513,1.2911,0.91774,6.4994,21.9,6.372,,0.85682,0.73473,7.7906,6.4253,300.68,14469,3.2452,74.372,109.65,1182.98,,20.294,4.2375,9.0823,1.4659,50.351,3.9324,4.2279,74.484,8.8478,1.363,33.37,8.5315,,15.3157,128.01
2021-08-23,,1.392,1.6691,5.3615,1.2725,0.91688,6.4849,21.773,6.3466,,0.85339,0.7308,7.7925,6.3968,298.8,14397,3.2307,74.176,110.1,1171.31,,20.339,4.226,8.9495,1.4561,50.186,3.9143,4.2067,74.125,8.7535,1.3589,33.36,8.4613,,15.2089,128.18
2021-08-24,,1.3802,1.6659,5.3391,1.2625,0.91235,6.4772,21.749,6.3348,,0.85179,0.72894,7.7894,6.3831,297.86,14393,3.2188,74.157,109.66,1166.1,,20.325,4.2185,8.8589,1.4389,50.071,3.9005,4.1976,73.893,8.6959,1.3559,32.875,8.4187,,15.0683,127.77
2021-08-25,,1.3796,1.6665,5.2579,1.2634,0.91505,6.4784,21.754,6.3366,,0.85208,0.72929,7.7843,6.3842,297.17,14438,3.2315,74.259,109.92,1167.49,,20.262,4.205,8.8499,1.44,49.842,3.9007,4.1999,73.816,8.7123,1.3549,32.775,8.4174,,14.9796,126.62
2021-08-26,,1.3772,1.6621,5.227,1.261,0.91689,6.483,21.71,6.3199,,0.84983,0.72846,7.7866,6.364,296.75,14444,3.2236,74.131,110.14,1167.13,,20.311,4.195,8.8056,1.4347,49.973,3.8905,4.1912,74.004,8.7034,1.3529,32.74,8.3666,,14.9078,126.29
2021-08-27,,1.3791,1.663,5.2455,1.2681,0.91795,6.4786,21.735,6.3228,,0.85027,0.72871,7.7901,6.3673,298.33,14428,3.2316,73.718,110.19,1169.78,,20.38,4.19,8.8066,1.4392,49.957,3.8965,4.1952,74.016,8.7021,1.3509,32.655,8.4014,,14.91,126.86
2021-08-30,,1.37,1.6573,5.2139,1.2598,0.91501,6.4695,21.664,6.3012,,0.84739,0.72662,7.7867,6.3499,295.14,14335,3.2199,73.299,109.87,1165.18,,20.191,4.157,8.6768,1.4273,49.814,3.8707,4.1813,73.477,8.6275,1.3457,32.43,8.3814,,14.624,126.94
2021-08-31,,1.3652,1.6527,5.1873,1.2587,0.91254,6.4615,21.568,6.2836,,0.84502,0.72566,7.7815,6.3292,294.74,14264,3.2069,72.993,109.81,1157.71,,20.1,4.157,8.6699,1.4163,49.658,3.8276,4.1709,73.314,8.5875,1.3433,32.22,8.3074,,14.5582,126.42
2021-09-01,,1.3614,1.6551,5.1524,1.2591,0.91775,6.467,21.5,6.2927,,0.84624,0.72661,7.7775,6.3383,294.52,14279,3.2027,73.073,110.31,1158.71,,20.012,4.1538,8.6852,1.4196,50.066,3.8147,4.1758,73.064,8.6283,1.3469,32.33,8.2919,,14.4311,126.09
2021-09-02,,1.3539,1.651,5.1856,1.2615,0.91575,6.4581,21.427,6.2772,,0.84417,0.72527,7.7727,6.3321,293.64,14244,3.2103,73.037,110.0,1158.75,,19.9671,4.158,8.6897,1.4099,49.839,3.8046,4.1696,72.793,8.6054,1.344,32.455,8.2679,,14.3409,127.13
2021-09-03,,1.3444,1.6474,5.1616,1.2533,0.91501,6.4484,21.413,6.2636,,0.84232,0.72305,7.7733,6.3151,293.46,14264,3.2027,73.029,109.96,1157.4,,19.9208,4.1465,8.6538,1.4028,49.867,3.7978,4.1643,72.759,8.567,1.3427,32.53,8.3031,,14.3434,126.85
2021-09-06,,1.3446,1.6485,5.1954,1.2545,0.91613,6.4574,21.41,6.2677,,0.84289,0.72244,7.7736,6.3107,292.51,14225,3.2008,73.087,109.86,1156.82,,19.9098,4.148,8.6588,1.4002,49.955,3.8105,4.1704,72.96,8.5686,1.3424,32.465,8.2771,,14.2511,126.94
2021-09-07,,1.3528,1.6491,5.1706,1.2594,0.91509,6.4646,21.436,6.27,,0.84317,0.7261,7.7738,6.3061,293.92,14260,3.2056,73.474,110.04,1163.7,,19.9545,4.1555,8.6838,1.4053,50.224,3.8094,4.1742,73.288,8.5594,1.3454,32.58,8.325,,14.3148,127.15
2021-09-08,,1.3551,1.6537,5.2184,1.2668,0.92061,6.4578,21.471,6.2873,,0.84552,0.72608,7.7764,6.3237,296.05,14265,3.2076,73.569,110.18,1165.09,,19.896,4.1545,8.6793,1.4064,50.124,3.8199,4.1849,73.248,8.6024,1.3451,32.73,8.446,,14.2757,127.34
2021-09-09,,1.3545,1.6521,5.294,1.2673,0.91747,6.454,21.455,6.2816,,0.84474,0.72271,7.7777,6.3236,296.4,14241,3.2038,73.551,109.9,1168.04,,19.8817,4.1496,8.6711,1.4037,49.911,3.8296,4.1786,72.884,8.6047,1.3432,32.68,8.4703,,14.1458,127.39
2021-09-10,,1.3501,1.6517,5.1884,1.2599,0.91665,6.4376,21.356,6.28,,0.84452,0.72004,7.7769,6.3222,295.48,14199,3.1983,73.431,109.81,1165.91,,19.8801,4.138,8.6165,1.398,49.865,3.8356,4.173,72.722,8.6009,1.3383,32.645,8.4079,,14.072,127.86
2021-09-13,,1.3595,1.6603,5.2261,1.2675,0.92301,6.4566,21.518,6.3126,,0.8489,0.72258,7.7794,6.3476,296.76,14251,3.2084,73.718,110.03,1174.65,,19.865,4.1505,8.649,1.407,49.931,3.864,4.198,72.912,8.6463,1.343,32.905,8.4438,,14.1853,128.52
2021-09-14,,1.364,1.6555,5.2301,1.2655,0.92153,6.4473,21.491,6.2943,,0.84645,0.72169,7.7788,6.3281,296.3,14269,3.2138,73.675,110.11,1170.36,,19.8976,4.162,8.6122,1.4072,49.829,3.8549,4.1887,72.888,8.5875,1.3433,32.95,8.4517,,14.2286,127.98
2021-09-15,,1.3661,1.6541,5.2418,1.2689,0.9172,6.4334,21.412,6.289,,0.84574,0.72319,7.7826,6.3293,295.04,14230,3.2037,73.461,109.19,1167.77,,19.8689,4.1585,8.5773,1.4095,49.68,3.8482,4.1851,72.708,8.5724,1.3413,32.87,8.4378,,14.2907,127.88
2021-09-16,,1.3667,1.6627,5.2377,1.2635,0.92544,6.4481,21.492,6.3215,,0.85012,0.72282,7.785,6.3794,297.7,14253,3.2085,73.51,109.39,1173.54,,19.8699,4.1615,8.6112,1.4068,49.915,3.8904,4.2071,72.456,8.6303,1.3436,33.085,8.4726,,14.4983,128.54
2021-09-17,,1.3677,1.6603,5.2665,1.266,0.92793,6.4553,21.474,6.3124,,0.8489,0.72464,7.7836,6.3745,298.38,14230,3.2048,73.455,110.03,1176.79,,19.9253,4.1715,8.5915,1.4141,49.931,3.8883,4.201,72.521,8.6208,1.3456,33.23,8.6013,,14.5918,128.52
2021-09-20,,1.3834,1.6701,5.3364,1.2856,0.9293,6.4662,21.716,6.3495,,0.8539,0.73183,7.7865,6.4089,302.25,14297,3.2136,73.666,109.45,1189.75,,20.188,4.1925,8.7465,1.4255,50.248,3.9277,4.2262,73.495,8.7245,1.3525,33.355,8.6681,,14.7981,129.79
2021-09-21,,1.3801,1.6662,5.3231,1.2775,0.92392,6.47,21.639,6.335,,0.85193,0.73143,7.7857,6.3874,302.12,14234,3.2087,73.684,109.34,1183.21,,20.098,4.1845,8.6751,1.4233,50.115,3.9411,4.2168,73.249,8.6695,1.3517,33.4,8.6545,,14.86,129.75
2021-09-22,,1.3793,1.6675,5.255,1.2786,0.9225,6.4669,21.639,6.3399,,0.85259,0.73323,7.7869,6.3889,302.91,14234,3.205,73.851,109.56,1183.28,,20.081,4.1925,8.634,1.4235,50.298,3.9496,4.2207,72.802,8.6758,1.3518,33.44,8.6557,,14.7811,129.68
2021-09-23,,1.3752,1.6695,5.2743,1.2676,0.92454,6.4569,21.641,6.3476,,0.85361,0.72979,7.7853,6.3974,304.01,14231,3.2003,73.726,110.01,1173.48,,20.0,4.182,8.6095,1.4189,50.252,3.9332,4.2256,72.761,8.6554,1.3485,33.26,8.7461,,14.6189,129.49
2021-09-24,,1.3794,1.6689,5.3189,1.271,0.92414,6.4684,21.681,6.3454,,0.85332,0.73132,7.7856,6.396,304.62,14290,3.1999,73.786,110.5,1179.74,,20.162,4.1885,8.6091,1.4239,50.855,3.9293,4.2246,72.967,8.6509,1.3538,33.45,8.8395,,14.9717,128.77
2021-09-27,,1.3788,1.6719,5.316,1.2662,0.92751,6.4634,21.75,6.3566,,0.85485,0.73021,7.7837,6.4137,306.15,14253,3.1994,73.859,110.91,1181.43,,20.092,4.188,8.6045,1.4285,51.189,3.9284,4.2311,72.662,8.697,1.3541,33.575,8.8452,,15.0606,128.31
2021-09-28,,1.3799,1.6748,5.4052,1.2653,0.92824,6.4594,21.85,6.3675,,0.85631,0.736,7.7823,6.4234,307.75,14298,3.2116,74.122,111.47,1186.34,,20.201,4.1825,8.6505,1.437,51.058,3.9541,4.2386,72.572,8.7286,1.3569,33.79,8.8787,,15.0967,128.19
2021-09-29,,1.3825,1.6782,5.4246,1.2693,0.92921,6.4653,21.844,6.3806,,0.85807,0.74175,7.7839,6.4334,308.56,14305,3.2113,74.198,111.46,1185.17,,20.343,4.1847,8.7034,1.4438,50.801,3.9695,4.244,72.662,8.7378,1.3576,33.885,8.8526,,15.0343,129.31
2021-09-30,,1.39,1.6891,5.409,1.2739,0.93531,6.464,22.018,6.422,,0.86363,0.74318,7.7886,6.4677,311.07,14312,3.2268,74.341,111.99,1184.54,,20.506,4.1865,8.7788,1.4559,51.011,3.9897,4.2728,72.839,8.7817,1.3611,33.885,8.8938,,15.1679,130.32
2021-10-01,,1.378,1.686,5.4152,1.2671,0.93026,6.4466,21.818,6.4114,,0.86207,0.73839,7.7848,6.4638,308.76,14279,3.2201,74.121,111.18,1182.17,,20.514,4.1795,8.6383,1.4441,50.648,3.9505,4.2647,73.034,8.7533,1.3563,33.64,8.8434,,14.9525,129.05
2021-10-04,,1.3713,1.6808,5.3781,1.2606,0.9254,6.4466,21.76,6.3917,,0.8594,0.73505,7.7859,6.4395,305.86,14245,3.219,74.252,111.04,1179.53,,20.498,4.174,8.5743,1.4341,50.756,3.9262,4.2521,72.809,8.7173,1.3559,33.725,8.836,,14.8819,129.0
2021-10-05,,1.3736,1.6857,5.4392,1.2594,0.92674,6.4476,21.813,6.4109,,0.86192,0.73412,7.7852,6.4687,307.62,14228,3.2302,74.547,111.18,1186.11,,20.505,4.1788,8.5464,1.4351,50.761,3.9647,4.2645,72.531,8.7321,1.3569,33.79,8.8525,,14.9795,127.56
2021-10-06,,1.3787,1.6945,5.5089,1.2628,0.92835,6.4466,22.02,6.4458,,0.8664,0.73618,7.7869,6.5049,311.41,14285,3.2448,74.892,111.35,1195.56,,20.762,4.1845,8.5973,1.4493,50.948,3.9789,4.285,72.448,8.8051,1.3613,33.89,8.9068,,15.124,128.75
2021-10-07,,1.3699,1.6916,5.4818,1.258,0.92648,6.4466,21.981,6.4348,,0.8649,0.73537,7.7848,6.4997,309.77,14190,3.2307,74.736,111.38,1189.99,,20.501,4.1835,8.5961,1.4423,50.431,3.9317,4.2791,71.943,8.7747,1.3576,33.775,8.8734,,14.8827,128.7
2021-10-08,,1.3689,1.6906,5.5007,1.2533,0.92782,6.4475,21.985,6.4321,,0.86438,0.73377,7.7851,6.4991,311.34,14202,3.2305,74.985,111.78,1194.4,,20.598,4.178,8.5448,1.4423,50.506,3.9919,4.2772,71.951,8.7422,1.3554,33.85,8.9126,,14.8897,129.14
2021-10-11,,1.3609,1.6898,5.5054,1.2468,0.92639,6.4493,21.945,6.4292,,0.86401,0.73335,7.7803,6.4934,311.65,14208,3.2278,75.454,112.93,1195.29,,20.74,4.17,8.5433,1.4412,50.911,3.9669,4.2762,71.678,8.7405,1.3535,33.865,8.962,,14.9566,129.6
2021-10-12,,1.3553,1.6926,5.5367,1.2458,0.92852,6.4493,21.961,6.4395,,0.86543,0.73349,7.7815,6.5041,311.48,14190,3.2259,75.526,113.42,1197.23,,20.79,4.1655,8.5338,1.4358,50.81,3.9641,4.2838,71.848,8.7476,1.3556,33.32,9.0042,,14.9416,129.81
2021-10-13,,1.3598,1.6916,5.5193,1.2442,0.92735,6.442,21.942,6.4355,,0.8649,0.73428,7.78,6.5023,311.54,14217,3.2354,75.342,113.56,1191.95,,20.714,4.16,8.524,1.4398,50.652,3.9588,4.2804,71.804,8.7524,1.3532,33.28,9.067,,14.8711,129.74
2021-10-14,,1.3484,1.6857,5.4756,1.2378,0.92105,6.4371,21.882,6.4132,,0.86192,0.72934,7.7783,6.4753,309.43,14095,3.2212,75.28,113.47,1185.58,,20.553,4.154,8.4406,1.4227,50.662,3.9384,4.2665,71.643,8.6311,1.3482,33.205,9.1453,,14.7923,128.94
2021-10-15,,1.348,1.6857,5.4848,1.2362,0.92475,6.4354,21.895,6.4129,,0.86192,0.72718,7.7795,6.4735,310.04,14043,3.2244,74.961,114.33,1181.87,,20.56,4.158,8.4145,1.4174,50.77,3.9341,4.2635,71.22,8.644,1.3478,33.33,9.2339,,14.6961,128.94
2021-10-18,,1.3536,1.6855,5.4853,1.2396,0.92313,6.4303,21.935,6.4116,,0.86177,0.72766,7.779,6.4706,311.4,14109,3.2232,75.327,114.15,1187.44,,20.44,4.1715,8.4146,1.4164,50.866,3.9458,4.2649,71.286,8.65,1.3494,33.46,9.2847,,14.755,129.27
2021-10-19,,1.3386,1.6781,5.5604,1.2346,0.91943,6.389,21.883,6.384,,0.858,0.72308,7.7765,6.4421,309.43,14090,3.2111,75.075,114.22,1178.0,,20.335,4.1715,8.3518,1.398,50.757,3.9236,4.2461,70.897,8.6057,1.3441,33.36,9.3079,,14.5863,128.7
2021-10-20,,1.336,1.6827,5.5777,1.2345,0.92394,6.3927,21.956,6.4014,,0.86036,0.72703,7.7755,6.4606,311.1,14113,3.2141,74.86,114.24,1173.8,,20.202,4.1615,8.3829,1.3954,50.737,3.9448,4.2577,70.989,8.6165,1.3447,33.36,9.2765,,14.4805,129.05
2021-10-21,,1.3344,1.6807,5.6623,1.2339,0.91862,6.3988,22.012,6.3939,,0.85933,0.72433,7.7758,6.4563,312.27,14145,3.2121,74.882,114.16,1177.79,,20.28,4.158,8.3411,1.3933,50.807,3.9555,4.2508,71.264,8.6057,1.3467,33.395,9.4252,,14.5411,128.73
2021-10-22,,1.3336,1.6817,5.7011,1.2331,0.91728,6.3918,22.059,6.3977,,0.85985,0.72545,7.774,6.4716,312.57,14187,3.2076,74.867,113.87,1176.6,,20.241,4.15,8.3469,1.3979,50.803,3.9531,4.2523,70.387,8.5768,1.3473,33.33,9.6156,,14.6712,129.15
2021-10-25,,1.3363,1.6856,5.6369,1.2365,0.91925,6.3899,22.179,6.412,,0.86185,0.72723,7.7731,6.4874,315.3,14179,3.2067,75.17,113.66,1169.78,,20.215,4.1515,8.3684,1.3992,50.689,3.9806,4.264,69.904,8.6185,1.3473,33.115,9.6727,,14.7861,129.1
2021-10-26,,1.3311,1.6834,5.5621,1.2361,0.91961,6.3801,22.121,6.4032,,0.86073,0.72455,7.7754,6.4749,314.42,14123,3.2,74.953,114.02,1165.53,,20.143,4.1465,8.3343,1.392,50.738,3.9601,4.2579,69.41,8.5943,1.3459,33.1,9.446,,14.7451,129.11
2021-10-27,,1.3306,1.6836,5.5531,1.2408,0.91848,6.3924,22.109,6.4039,,0.86081,0.72764,7.7785,6.4685,313.38,14211,3.1903,75.062,113.63,1171.08,,20.186,4.1545,8.3815,1.3955,50.722,3.9775,4.2596,70.156,8.5834,1.3485,33.27,9.4838,,14.9724,128.95
2021-10-28,,1.3293,1.6871,5.5894,1.2357,0.91918,6.3977,22.176,6.4169,,0.86259,0.72779,7.7777,6.4828,313.4,14206,3.1794,74.873,113.6,1171.13,,20.343,4.15,8.4075,1.3927,50.649,3.9845,4.2694,70.387,8.5992,1.3476,33.25,9.6123,,15.143,129.04
2021-10-29,,1.3272,1.6795,5.6417,1.2351,0.91121,6.3966,22.067,6.3881,,0.85874,0.72555,7.777,6.4637,309.15,14217,3.149,74.865,113.89,1170.39,,20.442,4.141,8.3723,1.3959,50.368,3.9687,4.2502,70.7,8.5331,1.3462,33.25,9.5657,,15.238,128.64
2021-11-01,,1.3301,1.6892,5.6509,1.2373,0.91225,6.3981,22.14,6.4256,,0.86371,0.73048,7.7827,6.4997,311.35,14280,3.1404,74.909,114.17,1177.99,,20.677,4.1515,8.4097,1.3903,50.57,3.9925,4.2747,71.031,8.5624,1.3495,33.35,9.5182,,15.3266,129.73
2021-11-02,,1.3397,1.6856,5.6802,1.2401,0.91304,6.3983,22.039,6.412,,0.86185,0.73218,7.7822,6.4903,309.7,14281,3.1285,74.636,113.79,1175.53,,20.747,4.1485,8.4392,1.4014,50.47,3.9712,4.2661,71.723,8.5299,1.3477,33.24,9.5368,,15.4407,129.97
2021-11-03,,1.3451,1.6892,5.6714,1.2425,0.91277,6.3985,22.064,6.4243,,0.86371,0.73262,7.7832,6.4946,309.97,14332,3.1345,74.486,113.92,1182.46,,20.811,4.1535,8.517,1.4009,50.623,3.9623,4.2748,71.99,8.5611,1.3497,33.36,9.6924,,15.4269,129.73
2021-11-04,,1.3486,1.6906,5.604,1.2417,0.91227,6.3949,22.015,6.429,,0.86438,0.73775,7.7845,6.5036,311.06,14365,3.1163,74.423,113.9,1183.62,,20.589,4.1535,8.5219,1.4033,50.634,3.9819,4.2782,71.519,8.5625,1.3508,33.315,9.7245,,15.2041,129.83
2021-11-05,,1.3538,1.6979,5.5728,1.245,0.91666,6.403,21.942,6.4568,,0.86813,0.74264,7.7845,6.5299,312.09,14329,3.1144,74.26,113.71,1186.52,,20.501,4.16,8.5839,1.41,50.307,3.9966,4.2969,71.213,8.5974,1.3526,33.285,9.7107,,15.1957,130.39
2021-11-08,,1.3491,1.6891,5.585,1.2446,0.91467,6.395,21.808,6.424,,0.86363,0.73822,7.7878,6.4935,310.7,14256,3.0954,74.108,113.39,1181.9,,20.402,4.155,8.5279,1.3949,50.107,3.9689,4.2742,71.388,8.6007,1.3482,33.0,9.7402,,15.0027,129.89
2021-11-09,,1.3511,1.6894,5.515,1.2436,0.91492,6.391,21.765,6.4245,,0.86378,0.7375,7.7901,6.4948,311.82,14252,3.1034,74.104,113.07,1176.88,,20.328,4.1495,8.513,1.3986,50.082,3.967,4.2736,70.925,8.551,1.3476,32.765,9.7266,,15.0267,129.91
2021-11-10,,1.3581,1.6922,5.4477,1.2434,0.91322,6.3909,21.811,6.435,,0.8652,0.74016,7.7898,6.5033,313.33,14242,3.1094,74.304,113.25,1178.91,,20.356,4.1535,8.5523,1.409,50.06,3.9904,4.2824,70.834,8.6213,1.3484,32.79,9.8255,,15.1665,130.13
2021-11-11,,1.3699,1.7066,5.4435,1.2582,0.92155,6.3955,22.037,6.4897,,0.8726,0.7464,7.7922,6.5548,318.32,14260,3.1199,74.442,113.95,1180.74,,20.538,4.168,8.6994,1.4239,50.063,4.0398,4.3171,71.143,8.6953,1.3539,32.855,9.9132,,15.2509,131.24
2021-11-12,,1.3705,1.7084,5.4072,1.2593,0.92313,6.3808,22.046,6.4963,,0.87352,0.7469,7.7923,6.5621,319.84,14186,3.1097,74.415,113.99,1178.46,,20.656,4.166,8.6922,1.4232,49.786,4.0556,4.3229,72.205,8.7426,1.3534,32.78,9.9569,,15.2794,131.38
2021-11-15,,1.3577,1.709,5.4577,1.2525,0.92039,6.3819,22.035,6.499,,0.87382,0.74419,7.7906,6.5648,319.8,14179,3.1021,74.397,113.88,1179.97,,20.544,4.1615,8.6659,1.4133,50.078,4.0523,4.3251,72.361,8.7443,1.3507,32.705,10.0177,,15.1647,131.42
2021-11-16,,1.3626,1.7204,5.4397,1.2533,0.92611,6.3887,22.191,6.5418,,0.87966,0.7436,7.7889,6.6062,322.26,14235,3.0918,74.367,114.26,1181.39,,20.621,4.166,8.6966,1.4238,50.339,4.0944,4.3537,73.179,8.8224,1.3541,32.682,10.2058,,15.2337,132.3
2021-11-17,,1.3716,1.7283,5.4814,1.2554,0.93054,6.3777,22.287,6.5717,,0.8837,0.74311,7.789,6.638,322.31,14243,3.0627,74.258,114.69,1181.88,,20.702,4.179,8.7394,1.4282,50.322,4.1155,4.3737,72.534,8.8638,1.3577,32.67,10.4808,,15.4804,132.38
2021-11-18,,1.3733,1.7239,5.5389,1.26,0.92649,6.3833,22.239,6.5546,,0.88145,0.74194,7.789,6.6214,320.57,14225,3.0799,74.235,114.22,1183.13,,20.767,4.1815,8.7724,1.4197,50.33,4.1045,4.3629,73.001,8.8634,1.3581,32.64,11.0641,,15.6202,131.16
2021-11-19,,1.3824,1.7352,5.5612,1.2647,0.92822,6.3905,22.547,6.598,,0.88723,0.74464,7.7927,6.6684,326.32,14290,3.0953,74.253,113.76,1193.01,,20.818,4.1835,8.9152,1.4283,50.637,4.1538,4.3914,73.472,8.9575,1.3614,32.8,11.1123,,15.7495,131.13
2021-11-22,,1.3772,1.7342,5.5899,1.2641,0.92694,6.3819,22.498,6.5941,,0.88668,0.74413,7.7917,6.6665,327.29,14254,3.0894,74.348,114.11,1187.02,,20.913,4.1855,8.9302,1.4271,50.67,4.166,4.3887,74.916,8.9803,1.3617,32.91,11.2355,,15.7651,131.41
2021-11-23,,1.3839,1.7371,5.622,1.2722,0.93188,6.3898,22.6,6.6048,,0.88818,0.74771,7.7932,6.6827,329.43,14272,3.1099,74.465,114.89,1190.69,,21.118,4.199,8.9448,1.4425,50.732,4.185,4.396,75.051,8.9999,1.3661,33.107,12.5505,,15.8531,131.1
2021-11-24,,1.3876,1.7453,5.5957,1.2696,0.93557,6.3894,22.757,6.6364,,0.89238,0.74902,7.7969,6.7098,329.42,14294,3.1379,74.46,115.17,1188.21,,21.268,4.2105,8.947,1.4507,50.423,4.1765,4.4167,74.79,9.0938,1.368,33.365,12.0491,,15.8913,130.82
2021-11-25,,1.3924,1.7427,5.5817,1.2673,0.9338,6.3865,22.699,6.6259,,0.89103,0.75109,7.7977,6.7028,326.66,14288,3.1605,74.499,115.31,1191.34,,21.532,4.2295,8.9686,1.4608,50.299,4.1576,4.4101,74.766,9.0671,1.3677,33.41,12.0056,,15.8761,130.98
2021-11-26,,1.3989,1.7322,5.605,1.2751,0.92516,6.39,22.728,6.5862,,0.88566,0.74945,7.7978,6.6627,326.42,14391,3.1762,74.874,114.09,1194.67,,21.696,4.239,8.9995,1.4647,50.48,4.173,4.3838,75.255,9.0869,1.3701,33.66,12.1904,,16.1587,130.55
2021-11-29,,1.3996,1.7345,5.6034,1.2737,0.92586,6.3854,22.766,6.5952,,0.88684,0.75012,7.7998,6.677,326.87,14361,3.1587,75.08,113.7,1192.56,,21.878,4.2385,9.0582,1.4679,50.361,4.1648,4.3897,74.512,9.1258,1.3694,33.68,12.6965,,16.1856,130.37
2021-11-30,,1.3991,1.7212,5.6114,1.2777,0.91789,6.3711,22.464,6.5448,,0.88005,0.74956,7.7973,6.6281,321.82,14325,3.1582,75.095,112.82,1188.32,,21.566,4.2025,9.0465,1.4648,50.401,4.1045,4.3571,74.461,9.0522,1.3659,33.69,13.1428,,16.0406,129.37
2021-12-01,,1.4008,1.7287,5.6123,1.2757,0.9216,6.3695,22.488,6.5726,,0.88386,0.75128,7.7916,6.6453,321.53,14362,3.1486,74.907,113.37,1176.0,,21.29,4.22,9.0326,1.4626,50.384,4.0908,4.3722,73.908,9.0384,1.3639,33.72,13.405,,15.8221,129.57
2021-12-02,,1.4089,1.7248,5.6385,1.2811,0.91842,6.376,22.418,6.5581,,0.88191,0.75082,7.7939,6.6359,319.64,14412,3.1664,75.007,112.83,1176.09,,21.339,4.23,9.0803,1.4694,50.551,4.0527,4.3644,73.648,9.0535,1.3671,33.877,13.4877,,15.8437,129.46
2021-12-03,,1.417,1.7322,5.6405,1.2816,0.91994,6.371,22.509,6.586,,0.88566,0.75324,7.7943,6.6666,322.26,14426,3.1578,75.148,113.34,1181.51,,21.242,4.231,9.1112,1.4732,50.525,4.0672,4.3834,73.528,9.1387,1.3698,33.88,13.8279,,15.8984,130.02
2021-12-06,,1.4206,1.7328,5.6844,1.2791,0.92283,6.3778,22.522,6.5883,,0.88598,0.75421,7.8013,6.6683,322.88,14447,3.1652,75.414,113.21,1181.72,,21.236,4.2365,9.1205,1.4798,50.425,4.0688,4.3822,73.881,9.0979,1.3694,33.89,13.7895,,15.968,130.42
2021-12-07,,1.4069,1.7376,5.6261,1.2667,0.9252,6.3674,22.623,6.6065,,0.88842,0.75456,7.7961,6.6813,325.05,14371,3.1534,75.409,113.57,1177.59,,21.23,4.232,9.0529,1.4754,50.437,4.0816,4.3966,74.431,9.1127,1.3664,33.68,13.6541,,15.957,130.95
2021-12-08,,1.402,1.7309,5.6067,1.2639,0.92327,6.348,22.546,6.5813,,0.88503,0.75762,7.7961,6.6599,325.81,14343,3.1132,75.431,113.79,1175.55,,20.919,4.2245,8.9353,1.4744,50.256,4.0678,4.3799,73.723,9.0727,1.3643,33.48,13.7,,15.7685,130.45
2021-12-09,,1.4004,1.7291,5.5449,1.2698,0.92353,6.3756,22.486,6.5743,,0.8841,0.75802,7.7965,6.6577,323.41,14381,3.1058,75.599,113.35,1177.1,,21.042,4.2165,8.978,1.474,50.433,4.0708,4.3757,73.645,9.0682,1.3656,33.56,13.8074,,15.9305,130.32
2021-12-10,,1.3985,1.7349,5.5817,1.2721,0.92469,6.3704,22.501,6.5965,,0.88708,0.75716,7.799,6.6752,324.3,14373,3.0986,75.676,113.72,1181.01,,20.943,4.2125,8.9892,1.4756,50.338,4.0915,4.3905,73.45,9.0892,1.3657,33.66,13.9189,,16.0041,131.11
2021-12-13,,1.4005,1.7342,5.6029,1.2758,0.92375,6.3643,22.523,6.5935,,0.88668,0.75508,7.7999,6.6687,325.47,14325,3.1069,75.74,113.66,1182.48,,20.868,4.2275,9.0085,1.4764,50.302,4.0983,4.3885,73.435,9.0716,1.3673,33.35,14.2335,,15.9331,131.23
2021-12-14,,1.403,1.7294,5.6347,1.2813,0.91998,6.3627,22.402,6.5755,,0.88425,0.75466,7.8015,6.6507,324.39,14307,3.1163,75.94,113.58,1183.4,,21.031,4.232,9.0614,1.4787,50.298,4.0941,4.3765,73.57,9.091,1.3678,33.35,14.333,,16.0243,130.34
2021-12-15,,1.3997,1.7366,5.7143,1.2872,0.92488,6.3657,22.439,6.6029,,0.88794,0.75457,7.8015,6.678,327.73,14354,3.1389,76.39,113.88,1185.76,,21.209,4.23,9.0817,1.4819,50.234,4.1087,4.3947,73.77,9.1072,1.3679,33.4,14.7054,,16.1584,130.35
2021-12-16,,1.3862,1.7253,5.6791,1.2777,0.92246,6.3676,22.302,6.5598,,0.88215,0.74837,7.801,6.6312,325.72,14349,3.1094,76.217,114.12,1183.29,,20.969,4.2065,8.9501,1.4652,50.001,4.0824,4.3664,73.474,9.0389,1.3634,33.45,15.5102,,15.9775,129.5
2021-12-17,,1.3959,1.7262,5.7059,1.2822,0.91871,6.3755,22.29,6.5635,,0.88261,0.75206,7.8012,6.6393,324.42,14359,3.1328,75.958,113.22,1185.14,,20.783,4.2195,8.9835,1.4773,49.974,4.0897,4.369,73.866,9.0691,1.3644,33.28,16.8716,,15.8235,129.04
2021-12-20,,1.4065,1.7349,5.6967,1.2924,0.92327,6.3765,22.384,6.5966,,0.88708,0.75583,7.8012,6.6664,325.28,14410,3.1587,75.845,113.53,1191.7,,20.794,4.2265,9.0406,1.4883,49.903,4.1104,4.3898,74.151,9.1378,1.3674,33.61,17.7797,,15.814,130.05
2021-12-21,,1.4024,1.7316,5.717,1.2925,0.92227,6.3714,22.346,6.5836,,0.88535,0.75502,7.8009,6.6591,325.81,14286,3.1669,75.573,113.71,1191.14,,20.777,4.2089,8.9852,1.4808,49.924,4.1058,4.3825,74.015,9.147,1.3647,33.66,13.0263,,15.8499,129.97
2021-12-22,,1.3944,1.7306,5.7177,1.2909,0.9231,6.371,22.334,6.5801,,0.88488,0.75126,7.8006,6.655,326.11,14249,3.1656,75.577,114.22,1191.27,,20.768,4.2135,8.903,1.4754,50.236,4.0988,4.3804,73.834,9.1059,1.3647,33.74,12.4519,,15.8984,129.9
2021-12-23,,1.3828,1.7293,5.66,1.2829,0.92069,6.371,22.182,6.5749,,0.88417,0.74472,7.7997,6.6459,327.0,14184,3.1532,75.225,114.4,1187.7,,20.698,4.2,8.8517,1.4685,50.073,4.092,4.3762,73.599,9.1101,1.3598,33.54,11.187,,15.7179,129.97
2021-12-24,,1.3824,1.7282,5.6754,1.2814,0.91915,6.3678,22.103,6.5706,,0.88363,0.74568,7.7984,6.6367,327.67,14188,3.1576,75.002,114.39,1186.87,,20.597,4.1955,8.8401,1.4658,50.006,4.0815,4.3738,73.518,9.1279,1.3557,33.43,11.6994,,15.536,130.07
2021-12-27,,1.3866,1.729,5.6716,1.2844,0.91902,6.3726,22.223,6.5737,,0.88402,0.74549,7.8011,6.6323,327.28,14217,3.1352,74.973,114.74,1187.77,,20.617,4.183,8.876,1.4728,50.239,4.0709,4.3757,73.559,9.1275,1.3573,33.56,11.3242,,15.5241,130.3
2021-12-28,,1.377,1.7261,5.6465,1.2785,0.91616,6.3683,22.046,6.5627,,0.88253,0.74352,7.7998,6.6345,325.73,14233,3.1086,74.689,114.87,1187.13,,20.651,4.1805,8.8013,1.4652,50.559,4.0652,4.3685,73.639,9.0485,1.3534,33.49,11.7837,,15.7191,130.09
2021-12-29,,1.3835,1.7303,5.6466,1.2816,0.91834,6.3695,22.081,6.5792,,0.88472,0.74418,7.7968,6.6531,327.54,14255,3.1124,74.662,114.99,1186.46,,20.573,4.182,8.8369,1.4708,50.953,4.073,4.3793,73.954,9.0779,1.3544,33.52,12.521,,15.8782,130.41
2021-12-30,,1.3759,1.7256,5.6233,1.2777,0.91433,6.3729,21.984,6.5612,,0.8823,0.74052,7.7995,6.6359,326.58,14261,3.1061,74.343,115.09,1188.95,,20.507,4.1765,8.7968,1.4598,51.04,4.0551,4.3669,74.899,9.0381,1.3526,33.41,12.9861,,15.8967,130.23
2021-12-31,,1.3787,1.7268,5.5713,1.2708,0.91215,6.3524,21.948,6.5658,,0.88292,0.7419,7.7991,6.6357,325.97,14215,3.1043,74.369,115.12,1188.75,,20.434,4.166,8.8194,1.4638,51.0,4.0587,4.3696,75.313,9.0502,1.349,33.245,13.45,,15.9478,130.32
2022-01-03,,1.3819,1.7224,5.5957,1.2699,0.91343,6.3561,21.856,6.5506,,0.88067,0.74095,7.7975,6.6218,323.83,14269,3.0946,74.32,114.98,1192.78,,20.454,4.1725,8.8078,1.4664,51.124,4.0418,4.3578,74.443,9.0672,1.3503,33.17,13.2785,,15.8222,129.99
2022-01-04,,1.3904,1.734,5.6897,1.2751,0.91808,6.3768,21.939,6.5944,,0.8866,0.74136,7.7949,6.6659,323.72,14363,3.095,74.661,116.3,1199.49,,20.552,4.186,8.8783,1.4778,51.412,4.0489,4.387,75.29,9.115,1.3574,33.32,13.4218,,16.0546,131.04
2022-01-05,,1.3782,1.7279,5.6671,1.2721,0.91563,6.3687,21.717,6.5716,,0.88347,0.7381,7.7946,6.6428,319.95,14368,3.0912,74.353,115.76,1196.76,,20.445,4.1935,8.8057,1.4663,50.988,4.0345,4.3696,75.74,9.0595,1.3552,33.225,13.4682,,15.8467,129.69
2022-01-06,,1.3944,1.7285,5.6933,1.2772,0.91869,6.3798,21.677,6.5747,,0.88378,0.73878,7.8013,6.6458,318.02,14399,3.1151,74.459,115.82,1203.76,,20.552,4.213,8.8688,1.4805,51.209,4.0313,4.369,76.456,9.1264,1.36,33.55,13.7432,,15.7253,129.74
2022-01-07,,1.3988,1.7311,5.6951,1.2723,0.92246,6.3781,21.631,6.5835,,0.88511,0.73845,7.8008,6.6573,317.47,14328,3.1098,74.332,115.86,1203.72,,20.456,4.209,8.8766,1.4824,51.377,4.0269,4.377,75.5,9.1024,1.3592,33.7,13.9145,,15.64,129.23
2022-01-10,,1.3937,1.728,5.652,1.2659,0.92295,6.3729,21.521,6.5719,,0.88355,0.73686,7.7958,6.6512,316.66,14298,3.1192,74.041,115.26,1197.81,,20.375,4.2,8.8578,1.4802,51.37,4.0055,4.3691,75.084,9.1039,1.3557,33.64,13.8879,,15.6387,129.17
2022-01-11,,1.3941,1.7253,5.636,1.264,0.92643,6.3739,21.535,6.5635,,0.88215,0.73637,7.7968,6.6369,315.32,14309,3.1307,73.88,115.52,1193.41,,20.368,4.1915,8.836,1.4795,51.146,4.0083,4.3622,74.868,9.0927,1.3534,33.4,13.8462,,15.6223,129.68
2022-01-12,,1.3863,1.7201,5.5812,1.2543,0.92225,6.3658,21.48,6.5448,,0.87951,0.73296,7.7951,6.6174,313.09,14332,3.114,73.905,115.38,1190.21,,20.391,4.186,8.7309,1.4754,51.082,3.9894,4.3494,74.547,9.0273,1.3507,33.365,13.7135,,15.4481,129.29
2022-01-13,,1.3704,1.7062,5.5411,1.2478,0.91189,6.3607,21.336,6.4912,,0.87237,0.72882,7.7893,6.5604,309.9,14289,3.109,73.907,114.26,1185.76,,20.404,4.1765,8.6655,1.4548,51.097,3.9572,4.313,75.547,8.9313,1.3458,33.22,13.5867,,15.387,128.24
2022-01-14,,1.3805,1.7086,5.5352,1.2519,0.91107,6.3535,21.397,6.5007,,0.87359,0.72952,7.7854,6.5698,311.09,14317,3.1069,74.203,113.72,1189.19,,20.327,4.1785,8.7239,1.4628,51.303,3.9673,4.3181,76.876,8.9704,1.3469,33.225,13.563,,15.379,128.42
2022-01-17,,1.3866,1.7152,5.508,1.2529,0.91458,6.3494,21.457,6.5261,,0.87696,0.7329,7.7913,6.6013,312.28,14328,3.1114,74.305,114.57,1192.57,,20.337,4.1835,8.7366,1.4702,51.299,3.9688,4.336,76.638,9.0371,1.3482,33.115,13.3962,,15.4354,128.74
2022-01-18,,1.3929,1.7206,5.5245,1.2517,0.91616,6.3528,21.489,6.5475,,0.87974,0.7361,7.7924,6.6178,314.07,14356,3.1281,74.611,114.71,1192.34,,20.361,4.1835,8.7655,1.4778,51.511,3.9817,4.3502,76.3,9.0776,1.3503,33.109,13.5873,,15.4305,128.44
2022-01-19,,1.3847,1.7239,5.5229,1.2467,0.9152,6.3467,21.431,6.5596,,0.88145,0.73308,7.7913,6.6318,313.69,14353,3.1317,74.403,114.46,1187.4,,20.354,4.193,8.7587,1.4706,51.502,3.9867,4.3587,76.227,9.1166,1.348,33.025,13.5925,,15.3274,127.99
2022-01-20,,1.3814,1.725,5.4349,1.2487,0.91568,6.3447,21.4,6.5641,,0.88199,0.73439,7.7857,6.637,313.82,14348,3.1367,74.405,114.24,1189.95,,20.434,4.1885,8.7827,1.4757,51.407,3.9891,4.3617,76.645,9.1469,1.346,32.915,13.4145,,15.2171,128.24
2022-01-21,,1.39,1.7235,5.4691,1.2523,0.91232,6.34,21.455,6.559,,0.88121,0.73698,7.7873,6.6338,315.64,14314,3.1431,74.392,113.8,1191.3,,20.464,4.1865,8.8582,1.4878,51.261,3.9935,4.3579,76.524,9.1769,1.3447,32.92,13.4147,,15.1168,128.3
2022-01-24,,1.4036,1.7302,5.476,1.2623,0.91189,6.3281,21.699,6.5845,,0.88464,0.74136,7.7851,6.6605,318.33,14344,3.1711,74.62,113.78,1196.4,,20.574,4.189,8.9913,1.4951,51.349,4.0315,4.3748,78.424,9.2921,1.3461,33.07,13.413,,15.2609,128.8
2022-01-25,,1.4034,1.7357,5.5067,1.2644,0.91977,6.3299,21.743,6.6061,,0.88747,0.74293,7.7853,6.6822,318.99,14350,3.1858,74.796,114.03,1198.71,,20.67,4.19,8.9976,1.5008,51.254,4.0603,4.3884,78.754,9.3202,1.3451,33.085,13.5537,,15.3238,129.57
2022-01-26,,1.3946,1.7343,5.4167,1.2568,0.92099,6.322,21.753,6.5993,,0.88676,0.74007,7.785,6.6764,318.94,14352,3.1776,74.869,114.27,1197.15,,20.559,4.1915,8.8778,1.4955,51.191,4.067,4.3851,79.152,9.266,1.3445,32.96,13.5565,,15.151,129.11
2022-01-27,,1.4132,1.7525,5.3906,1.2689,0.93109,6.3675,21.888,6.6692,,0.89606,0.74703,7.7913,6.7498,320.87,14384,3.1985,75.081,115.36,1204.75,,20.737,4.1975,8.9519,1.5118,51.34,4.0853,4.4324,78.082,9.3593,1.3521,33.265,13.6152,,15.3326,130.11
2022-01-28,,1.4339,1.756,5.4002,1.2784,0.93177,6.3617,21.946,6.6827,,0.89783,0.74679,7.794,6.7597,321.8,14408,3.205,75.058,115.53,1211.59,,20.816,4.19,9.0016,1.5291,51.201,4.108,4.4409,77.761,9.4739,1.3565,33.425,13.5953,,15.6082,129.29
2022-01-31,,1.4181,1.7531,5.381,1.2758,0.93259,6.361,21.847,6.6708,,0.89638,0.74537,7.798,6.7491,320.18,14375,3.1947,74.731,115.44,1209.29,,20.783,4.1855,8.9714,1.5223,51.08,4.1137,4.4348,77.743,9.4021,1.3544,33.295,13.3838,,15.5731,128.36
2022-02-01,,1.4092,1.7369,5.2906,1.2699,0.92131,6.361,21.612,6.6081,,0.8881,0.74155,7.7956,6.6852,316.5,14321,3.167,74.778,114.67,1202.14,,20.542,4.1855,8.8488,1.5126,51.08,4.0679,4.393,76.661,9.2751,1.3498,33.195,13.3787,,15.2427,127.71
2022-02-02,,1.3979,1.7273,5.2704,1.2656,0.9184,6.361,21.459,6.5692,,0.88316,0.73651,7.7934,6.6466,313.04,14346,3.1597,74.724,114.25,1200.42,,20.501,4.1855,8.7634,1.5023,51.033,4.0139,4.3684,75.793,9.1716,1.3472,33.185,13.5133,,15.3192,126.47
2022-02-03,,1.4043,1.7329,5.3024,1.2701,0.92212,6.3614,21.385,6.5912,,0.88605,0.73727,7.7943,6.6715,313.61,14392,3.1853,74.889,114.86,1203.63,,20.588,4.1835,8.8202,1.5064,51.044,4.0152,4.3825,76.36,9.2034,1.3479,33.16,13.5608,,15.3167,126.17
2022-02-04,,1.4101,1.706,5.3062,1.2721,0.92176,6.361,21.249,6.4927,,0.8723,0.7379,7.7884,6.5662,307.85,14387,3.2049,74.703,114.9,1198.57,,20.574,4.1795,8.7651,1.5079,51.251,3.9667,4.3149,76.16,9.1124,1.345,32.97,13.5269,,15.3415,124.56
2022-02-07,,1.4062,1.7086,5.2888,1.2707,0.92347,6.3604,21.16,6.5033,,0.87359,0.7398,7.7926,6.5694,308.8,14396,3.1927,74.718,114.96,1198.36,,20.595,4.1853,8.7934,1.5094,51.523,3.9689,4.3209,75.636,9.1275,1.3444,32.965,13.5612,,15.4626,125.27
2022-02-08,,1.4047,1.7144,5.2778,1.2715,0.92435,6.3671,21.265,6.525,,0.87658,0.73951,7.7948,6.5932,309.51,14392,3.2217,74.728,115.43,1199.05,,20.652,4.1848,8.8322,1.5074,51.468,3.9719,4.3347,75.193,9.1544,1.3455,32.965,13.6359,,15.4611,124.82
2022-02-09,,1.3934,1.7104,5.2644,1.2693,0.92304,6.3628,21.24,6.5096,,0.87451,0.73682,7.7924,6.5837,308.65,14334,3.2197,74.84,115.47,1194.33,,20.526,4.1848,8.7962,1.496,51.249,3.9471,4.3244,74.797,9.1014,1.3423,32.71,13.5995,,15.3285,124.36
2022-02-10,,1.3895,1.7098,5.2162,1.2674,0.92412,6.3574,21.287,6.5044,,0.8742,0.7365,7.7928,6.5806,309.49,14328,3.2167,75.129,115.76,1195.49,,20.42,4.1835,8.8026,1.4928,51.213,3.927,4.323,74.325,9.2032,1.3415,32.635,13.536,,15.1305,123.96
2022-02-11,,1.395,1.7131,5.1908,1.2699,0.92467,6.3558,21.376,6.5166,,0.87589,0.73538,7.8001,6.5965,309.52,14311,3.2371,75.195,115.83,1194.43,,20.424,4.1895,8.823,1.4965,51.224,3.9594,4.332,75.204,9.2432,1.3435,32.655,13.4944,,15.1297,124.2
2022-02-14,,1.4053,1.7283,5.2108,1.2753,0.92542,6.3571,21.675,6.5757,,0.8837,0.73984,7.8016,6.6537,315.54,14308,3.2551,75.53,115.41,1196.98,,20.443,4.1905,8.8983,1.5122,51.356,4.012,4.3705,76.308,9.3812,1.3474,32.52,13.5657,,15.1387,126.02
2022-02-15,,1.4004,1.7239,5.1985,1.2722,0.92402,6.3437,21.524,6.5599,,0.88145,0.73834,7.8032,6.6364,313.2,14269,3.2257,75.311,115.63,1196.56,,20.371,4.1862,8.8932,1.5111,51.251,3.9697,4.3552,75.364,9.3203,1.3455,32.37,13.6374,,15.1403,124.46
2022-02-16,,1.3946,1.7198,5.1675,1.2677,0.92473,6.3402,21.425,6.5433,,0.87935,0.73813,7.8009,6.6211,312.74,14275,3.1882,75.088,115.69,1197.07,,20.376,4.1853,8.8898,1.5044,51.307,3.9537,4.3472,75.07,9.2651,1.3446,32.335,13.6133,,15.1372,124.34
2022-02-17,,1.3884,1.7201,5.1447,1.2699,0.92049,6.3377,21.445,6.5434,,0.87951,0.73433,7.8005,6.6253,313.18,14329,3.1865,75.013,115.07,1196.75,,20.261,4.1875,8.9028,1.4908,51.288,3.9635,4.3476,75.981,9.3166,1.3437,32.135,13.6275,,14.9422,124.54
2022-02-18,,1.3875,1.7226,5.1466,1.2704,0.92056,6.3273,21.435,6.5512,,0.88075,0.73476,7.8004,6.6369,313.87,14360,3.195,74.555,115.02,1194.69,,20.281,4.186,8.9365,1.4881,51.438,3.9811,4.3556,75.991,9.3179,1.3436,32.09,13.6232,,15.0483,124.01
2022-02-21,,1.3892,1.725,5.1195,1.2748,0.91612,6.3354,21.472,6.5617,,0.88199,0.73468,7.8006,6.6467,315.35,14355,3.2134,74.687,114.84,1193.35,,20.281,4.1795,8.9732,1.4879,51.42,3.9999,4.3613,78.576,9.3963,1.3464,32.27,13.6434,,15.161,124.71
2022-02-22,,1.3877,1.7244,5.0853,1.2732,0.91889,6.3279,21.598,6.559,,0.88168,0.73783,7.8024,6.6452,313.78,14366,3.2255,74.731,115.09,1193.21,,20.308,4.1855,8.9065,1.4855,51.321,4.007,4.3611,79.184,9.3454,1.3461,32.4,13.8387,,15.1444,124.49
2022-02-23,,1.3745,1.7241,5.0078,1.2689,0.91952,6.3178,21.574,6.5575,,0.88152,0.73575,7.804,6.6433,314.92,14342,3.2189,74.586,115.11,1190.26,,20.194,4.1855,8.8448,1.4703,51.111,4.0093,4.3607,80.11,9.314,1.3446,32.265,13.8285,,15.0307,124.47
2022-02-24,,1.3968,1.752,5.0949,1.2825,0.92448,6.3246,22.476,6.6653,,0.89582,0.74768,7.8095,6.7652,330.22,14399,3.2803,75.517,114.92,1207.29,,20.546,4.201,9.0368,1.4953,51.465,4.1704,4.4344,85.75,9.6155,1.3549,32.71,14.3801,,15.3753,127.21
2022-02-25,,1.3856,1.7438,5.1159,1.2772,0.92707,6.3149,21.986,6.635,,0.89158,0.74661,7.8083,6.7346,325.68,14345,3.2444,75.205,115.58,1200.46,,20.43,4.2,8.8941,1.4846,51.31,4.1342,4.4115,82.53,9.4372,1.3531,32.49,13.8016,,15.185,125.53
2022-02-28,,1.3848,1.7464,5.1637,1.2737,0.92294,6.3104,22.321,6.6438,,0.89294,0.74605,7.8144,6.7555,330.14,14377,3.2414,75.498,115.47,1203.34,,20.449,4.1985,8.8816,1.4848,51.283,4.1821,4.4186,103.12,9.47,1.3574,32.675,13.7987,,15.4356,126.62
2022-03-01,,1.3765,1.7522,5.1602,1.2684,0.91803,6.3127,22.814,6.6634,,0.8959,0.74619,7.8153,6.7793,340.08,14364,3.2388,75.703,114.81,1202.83,,20.477,4.193,8.8334,1.4768,51.33,4.2956,4.4338,105.0,9.5765,1.3573,32.705,13.932,,15.4224,127.22
2022-03-02,,1.3751,1.761,5.1605,1.2685,0.91986,6.3167,23.29,6.6979,,0.90041,0.75019,7.8142,6.8197,344.24,14389,3.2373,75.797,115.33,1205.65,,20.709,4.1955,8.8984,1.477,51.509,4.3239,4.4564,,9.7137,1.3559,32.72,14.0717,,15.4785,128.76
2022-03-03,,1.3668,1.7658,5.0597,1.2633,0.92019,6.3196,23.144,6.7171,,0.90285,0.74732,7.8139,6.8346,341.86,14386,3.2387,75.993,115.73,1204.59,,20.67,4.1865,8.8857,1.4743,51.727,4.3058,4.4688,,9.7226,1.3581,32.56,14.1655,,15.24,129.47
2022-03-04,,1.3608,1.7896,5.0611,1.2752,0.92012,6.3194,23.549,6.807,,0.915,0.75385,7.8151,6.9159,353.68,14388,3.2577,76.347,115.45,1218.99,,20.82,4.178,8.9997,1.4645,51.985,4.4405,4.5288,,9.876,1.3608,32.735,14.2448,,15.376,131.94
2022-03-07,,1.3539,1.7951,5.0542,1.2725,0.92419,6.319,23.482,6.8294,,0.91785,0.75838,7.8159,6.939,360.95,14397,3.2724,76.925,115.24,1228.5,,21.134,4.1694,9.0248,1.4558,52.163,4.5457,4.5428,,9.9654,1.3613,32.92,14.3715,,15.3236,133.82
2022-03-08,,1.3745,1.7956,5.0813,1.2833,0.9283,6.317,23.542,6.8345,,0.91811,0.76373,7.8207,6.9514,356.48,14359,3.3072,77.047,115.71,1234.59,,21.38,4.1825,8.9905,1.4651,52.24,4.5082,4.5441,,9.9893,1.3639,33.195,14.5229,,15.337,133.95
2022-03-09,,1.3637,1.7791,5.0215,1.2834,0.92768,6.318,23.073,6.7716,,0.90967,0.76021,7.8208,6.8794,345.37,14291,3.2728,76.594,115.81,1234.49,,21.117,4.187,8.9129,1.4605,52.087,4.3842,4.5015,,9.7644,1.3614,33.045,14.6751,,15.1515,132.18
2022-03-10,,1.3631,1.7645,5.0485,1.2801,0.92656,6.3211,22.84,6.7125,,0.9022,0.75943,7.821,6.8265,344.31,14277,3.2677,76.335,115.97,1227.43,,21.035,4.1875,8.9489,1.4602,52.17,4.3521,4.4651,,9.6601,1.3585,33.12,14.9531,,15.0906,131.27
2022-03-11,,1.3664,1.7796,5.0116,1.2761,0.93085,6.336,22.942,6.77,,0.90992,0.76406,7.8259,6.8893,346.61,14283,3.2469,76.424,116.89,1232.07,,20.884,4.1945,8.9202,1.4607,52.285,4.3512,4.5032,,9.687,1.3602,33.25,14.7911,,15.0042,131.85
2022-03-14,,1.3811,1.7845,5.0443,1.2754,0.93513,6.363,22.71,6.7888,,0.91241,0.76565,7.8298,6.911,341.13,14306,3.2719,76.578,117.97,1238.84,,20.831,4.205,8.9953,1.4717,52.37,4.3082,4.5155,,9.6139,1.3638,33.385,14.781,,15.0574,132.39
2022-03-15,,1.386,1.7795,5.1301,1.2828,0.93913,6.3795,22.625,6.7701,,0.90984,0.76474,7.8269,6.892,337.92,14294,3.2834,76.39,117.98,1242.88,,20.867,4.207,8.961,1.4754,52.348,4.3085,4.502,,9.5769,1.3641,33.52,14.6454,,15.1259,131.84
2022-03-16,,1.3794,1.779,5.1413,1.2704,0.94015,6.3505,22.455,6.7684,,0.90959,0.76394,7.8221,6.8878,337.62,14271,3.2629,76.205,118.29,1231.37,,20.788,4.1975,8.9129,1.4706,52.24,4.2537,4.5,,9.4784,1.3613,33.365,14.7156,,15.0604,130.53
2022-03-17,,1.3623,1.7698,5.0981,1.2667,0.93973,6.3502,22.421,6.736,,0.9049,0.76296,7.8175,6.8528,336.67,14330,3.2374,75.866,118.79,1212.58,,20.621,4.1955,8.8499,1.4596,52.203,4.243,4.4761,,9.4564,1.3555,33.27,14.7609,,14.9567,128.59
2022-03-18,,1.3576,1.7767,5.0676,1.2637,0.93695,6.3618,22.563,6.7608,,0.90843,0.7624,7.8217,6.8755,340.96,14337,3.2486,76.108,119.37,1214.85,,20.521,4.193,8.8063,1.4559,52.346,4.2819,4.4952,,9.4752,1.3583,33.38,14.8123,,15.0206,129.81
2022-03-21,,1.3496,1.7719,4.9846,1.2591,0.93115,6.3555,22.362,6.7413,,0.90596,0.75897,7.8263,6.8611,339.26,14339,3.2286,76.264,119.2,1216.36,,20.366,4.205,8.7493,1.4493,52.38,4.2544,4.4818,,9.43,1.3553,33.555,14.8372,,14.907,129.28
2022-03-22,,1.3427,1.7741,4.9079,1.2579,0.93206,6.3622,22.387,6.7491,,0.90711,0.75497,7.827,6.8714,336.75,14340,3.2222,76.116,120.61,1218.99,,20.289,4.2165,8.7294,1.4387,52.385,4.2499,4.4868,,9.4178,1.3568,33.455,14.8251,,14.8249,129.44
2022-03-23,,1.3407,1.7804,4.907,1.2599,0.93482,6.3726,22.399,6.7711,,0.91033,0.75812,7.8241,6.8921,338.87,14376,3.2232,76.441,120.76,1217.81,,20.208,4.224,8.7779,1.4403,52.403,4.2833,4.5028,,9.4679,1.3581,33.65,14.8482,,14.793,128.72
2022-03-24,,1.3361,1.7816,4.833,1.2576,0.93141,6.3703,22.518,6.7769,,0.91091,0.75868,7.8245,6.8997,341.08,14372,3.2302,76.407,121.8,1222.93,,20.201,4.2263,8.6467,1.4403,52.31,4.3196,4.508,,9.433,1.3584,33.555,14.8403,,14.7092,128.62
2022-03-25,,1.3292,1.7777,4.784,1.2526,0.92774,6.3631,22.4,6.7628,,0.90893,0.75786,7.8274,6.8855,339.77,14341,3.2131,76.186,121.86,1220.98,,19.9882,4.2105,8.6534,1.4349,52.101,4.2999,4.498,,9.4078,1.356,33.545,14.8431,,14.5779,129.25
2022-03-28,,1.3305,1.7835,4.7541,1.2495,0.93535,6.3708,22.479,6.784,,0.91191,0.76275,7.8297,6.9063,341.17,14352,3.2202,76.126,123.96,1224.23,,20.047,4.2165,8.6744,1.4443,52.052,4.3024,4.5124,,9.5044,1.3607,33.765,14.8413,,14.5837,130.22
2022-03-29,,1.3347,1.7644,4.7302,1.2512,0.93478,6.3645,22.069,6.7107,,0.90212,0.76175,7.8274,6.8394,333.6,14340,3.203,75.751,123.28,1213.91,,19.9874,4.2135,8.6599,1.4483,51.964,4.2033,4.4635,,9.318,1.3578,33.64,14.7294,,14.5967,128.28
2022-03-30,,1.331,1.7579,4.7464,1.2485,0.92657,6.3514,21.976,6.6862,,0.8988,0.76005,7.8268,6.8057,330.87,14342,3.1816,75.84,121.76,1210.65,,19.9137,4.2045,8.6642,1.4333,52.046,4.1955,4.447,,9.3024,1.3539,33.385,14.677,,14.4965,127.81
2022-03-31,,1.3358,1.7618,4.7752,1.2518,0.92487,6.342,21.957,6.7002,,0.90082,0.76205,7.8297,6.8228,333.1,14365,3.1748,75.786,121.76,1213.74,,19.8991,4.2048,8.7479,1.4426,51.81,4.1916,4.4557,,9.3118,1.3538,33.25,14.6674,,14.5687,127.92
2022-04-01,,1.3297,1.7696,4.722,1.2491,0.92445,6.3618,22.056,6.7307,,0.90481,0.76136,7.8353,6.8472,333.08,14376,3.1953,75.986,122.47,1217.53,,19.8236,4.2105,8.743,1.4396,51.65,4.1984,4.4745,,9.3485,1.3559,33.425,14.6952,,14.6295,128.48
2022-04-04,,1.3313,1.7772,4.649,1.2493,0.92712,6.3631,22.099,6.7592,,0.90868,0.76229,7.8352,6.8564,335.44,14343,3.2087,75.529,122.74,1216.18,,19.8274,4.219,8.6769,1.4412,51.359,4.214,4.4918,,9.4365,1.3574,33.525,14.7051,,14.6258,128.85
2022-04-05,,1.3104,1.783,4.5933,1.2441,0.92451,6.3618,22.188,6.7807,,0.91166,0.76115,7.8327,6.8738,338.16,14343,3.2047,75.34,122.86,1213.25,,19.8259,4.2105,8.6971,1.4274,51.23,4.2178,4.5071,,9.353,1.3554,33.455,14.7233,,14.5436,129.09
2022-04-06,,1.3212,1.7905,4.6687,1.2494,0.93262,6.3625,22.376,6.8093,,0.9155,0.76419,7.8382,6.9093,345.85,14358,3.2225,75.831,123.87,1218.02,,20.027,4.215,8.7451,1.439,51.421,4.2413,4.5256,,9.4164,1.359,33.6,14.7394,,14.6419,129.45
2022-04-07,,1.3355,1.7917,4.7142,1.2554,0.93303,6.362,22.455,6.8137,,0.91609,0.76447,7.8375,6.9221,347.43,14375,3.23,75.989,123.96,1219.24,,20.136,4.2182,8.7573,1.4489,51.405,4.2479,4.5272,,9.4476,1.3602,33.475,14.7425,,14.705,129.17
2022-04-08,,1.3398,1.8008,4.7494,1.2591,0.935,6.3636,22.538,6.8476,,0.92073,0.76747,7.8385,6.9506,345.88,14365,3.2235,75.859,124.18,1227.44,,20.139,4.2215,8.7543,1.4593,51.551,4.2756,4.5507,,9.4621,1.3628,33.595,14.7534,,14.7287,128.53
2022-04-11,,1.3444,1.7943,4.7294,1.2604,0.93394,6.3674,22.412,6.8234,,0.91743,0.76783,7.8385,6.9283,347.04,14365,3.2119,75.881,125.7,1234.16,,20.06,4.2305,8.7594,1.4622,52.067,4.262,4.5318,,9.4613,1.3646,33.59,14.7234,,14.5988,128.44
2022-04-12,,1.3442,1.8008,4.6905,1.2636,0.93279,6.3713,22.512,6.8483,,0.92073,0.76839,7.8365,6.9527,347.83,14373,3.22,76.172,125.49,1229.62,,19.8527,4.2328,8.7833,1.4616,52.089,4.2862,4.5499,,9.5129,1.363,33.635,14.69,,14.5926,128.53
2022-04-13,,1.3489,1.8066,4.66,1.2655,0.93442,6.3679,22.585,6.8702,,0.9237,0.76926,7.8392,6.9775,349.58,14363,3.2128,76.187,125.86,1227.11,,19.7829,4.2305,8.8392,1.4771,52.139,4.2909,4.5645,,9.544,1.3642,33.535,14.5938,,14.4855,129.5
2022-04-14,,1.3433,1.7979,4.7091,1.256,0.93666,6.3725,22.449,6.8385,,0.91929,0.76216,7.8413,6.9486,346.18,14360,3.2079,76.126,125.32,1226.98,,19.8511,4.2315,8.762,1.4669,52.178,4.2727,4.5467,,9.4694,1.3543,33.66,14.6209,,14.6471,129.07
2022-04-19,,1.3573,1.8104,4.6525,1.2618,0.94492,6.3879,22.609,6.8861,,0.92567,0.76789,7.8402,6.9999,346.31,14346,3.2434,76.46,128.11,1239.9,,19.876,4.2545,8.815,1.4826,52.47,4.3093,4.5738,,9.5722,1.3666,33.755,14.6641,,14.8478,129.41
2022-04-20,,1.3464,1.8059,4.6612,1.2538,0.94681,6.4126,22.538,6.8703,,0.92336,0.76607,7.843,6.9815,342.9,14346,3.2233,76.297,127.91,1235.36,,19.9806,4.2858,8.8128,1.4728,52.398,4.2787,4.5647,,9.446,1.3646,33.765,14.6715,,15.0525,128.53
2022-04-21,,1.3459,1.7965,4.6224,1.2492,0.9493,6.4506,22.394,6.8341,,0.91853,0.76718,7.8448,6.9473,340.41,14351,3.2289,76.201,128.24,1238.48,,20.101,4.291,8.7984,1.4745,52.43,4.2528,4.5421,,9.4198,1.3613,33.885,14.6949,,15.2472,127.68
2022-04-22,,1.3697,1.8081,4.708,1.2678,0.95553,6.502,22.483,6.8782,,0.92447,0.77586,7.845,6.9913,342.38,14425,3.2623,76.444,128.34,1242.53,,20.341,4.325,8.8985,1.497,52.437,4.2836,4.572,,9.5017,1.3667,33.95,14.7403,,15.5914,129.24
2022-04-25,,1.3933,1.82,4.8346,1.2757,0.95543,6.5511,22.723,6.9227,,0.93058,0.78476,7.8471,7.037,348.11,14456,3.2855,76.605,128.17,1251.15,,20.379,4.3565,9.0283,1.5113,52.353,4.3177,4.6022,,9.6293,1.3733,34.005,14.7627,,15.6848,129.54
2022-04-26,,1.3892,1.8323,4.9176,1.2753,0.95831,6.5427,22.881,6.9696,,0.93686,0.78822,7.8448,7.085,350.82,14396,3.2928,76.569,127.55,1255.41,,20.287,4.355,9.1758,1.5085,52.165,4.3532,4.6335,,9.7372,1.374,34.285,14.7971,,15.7192,129.66
2022-04-27,,1.4011,1.8481,5.0123,1.2824,0.96655,6.5555,23.198,7.0311,,0.94491,0.79576,7.847,7.1483,358.82,14419,3.324,76.604,128.1,1268.05,,20.435,4.36,9.2448,1.523,52.154,4.4451,4.6754,,9.8304,1.3798,34.33,14.8216,,15.9129,130.59
2022-04-28,,1.4129,1.8653,5.0038,1.2874,0.97434,6.6172,23.392,7.0979,,0.95374,0.80448,7.8462,7.2201,359.62,14518,3.3473,76.652,130.79,1275.94,,20.461,4.3625,9.4411,1.5471,52.308,4.4722,4.719,,9.8802,1.3883,34.48,14.8175,,15.9725,131.43
2022-04-29,,1.3946,1.8556,4.8964,1.2738,0.97049,6.5883,23.344,7.0602,,0.94877,0.79609,7.8466,7.179,359.31,14518,3.32,76.509,129.99,1258.74,,20.321,4.3535,9.2528,1.5293,52.372,4.4383,4.6944,,9.7683,1.38,34.18,14.8373,,15.7944,130.74
2022-05-02,,1.417,1.8584,4.9867,1.2885,0.97425,6.6085,23.443,7.0687,,0.95021,0.79637,7.8469,7.1845,359.66,14532,3.3521,76.492,129.83,1267.3,,20.407,4.3535,9.4306,1.5547,52.479,4.4517,4.7014,,9.8855,1.3859,34.405,14.8895,,15.9049,130.37
2022-05-03,,1.4044,1.8528,5.0344,1.2855,0.9731,6.6085,23.363,7.0484,,0.94733,0.79699,7.8475,7.1575,362.02,14483,3.3722,76.582,129.84,1265.29,,20.369,4.3535,9.3871,1.5504,52.534,4.4453,4.6869,,9.8501,1.3836,34.47,14.8675,,15.9438,130.35
2022-05-04,,1.4035,1.8572,4.9758,1.2817,0.98034,6.6085,23.401,7.0657,,0.94958,0.79949,7.8487,7.1692,358.51,14435,3.3698,76.346,129.94,1264.31,,20.221,4.3535,9.4048,1.5509,52.474,4.4511,4.6976,,9.8726,1.3825,34.315,14.7915,,15.8094,130.28
2022-05-05,,1.3881,1.8507,4.9387,1.2758,0.97984,6.6185,23.283,7.0406,,0.94625,0.80611,7.849,7.1346,358.3,14431,3.3986,76.287,129.81,1259.36,,20.067,4.3485,9.3171,1.5398,52.388,4.4164,4.6825,,9.8172,1.3778,34.09,14.861,,15.6947,130.58
2022-05-06,,1.4085,1.8503,5.0315,1.2829,0.98571,6.6704,23.335,7.0388,,0.94607,0.81008,7.8495,7.1273,360.9,14486,3.4026,76.916,130.46,1271.43,,20.204,4.37,9.4426,1.5553,52.476,4.4492,4.6821,,9.9041,1.3852,34.345,14.9553,,16.0467,130.84
2022-05-09,,1.4251,1.8523,5.1445,1.2933,0.99081,6.7133,23.729,7.0447,,0.94706,0.80723,7.8499,7.1347,362.94,14554,3.432,77.413,130.79,1274.25,,20.299,4.3835,9.5258,1.5706,52.723,4.4498,4.6848,,10.0216,1.3899,34.565,15.0527,,16.2262,132.11
2022-05-10,,1.4366,1.8531,5.1385,1.2987,0.99289,6.7242,23.701,7.0481,,0.94751,0.81102,7.8498,7.1428,360.2,14543,3.4666,77.26,130.17,1275.88,,20.345,4.382,9.6944,1.583,52.387,4.4308,4.6862,,10.0507,1.3897,34.535,15.2438,,16.1124,132.18
2022-05-11,,1.4266,1.8533,5.1037,1.2968,0.98986,6.7178,24.036,7.0495,,0.9476,0.80918,7.8498,7.1416,359.26,14507,3.4254,77.22,129.89,1273.56,,20.266,4.3765,9.6459,1.5773,52.11,4.4134,4.6878,,9.9744,1.3856,34.58,15.337,,16.0405,132.0
2022-05-12,,1.4569,1.8791,5.2038,1.3037,0.99702,6.792,23.948,7.1496,,0.9608,0.81949,7.8499,7.2286,367.22,14658,3.4571,77.508,128.6,1289.37,,20.42,4.3933,9.8864,1.6038,52.449,4.485,4.7531,,10.1507,1.3959,34.733,15.3855,,16.2189,134.22
2022-05-13,,1.4508,1.8833,5.1232,1.3004,1.0,6.7899,23.823,7.1653,,0.96293,0.8196,7.85,7.2412,370.73,14631,3.4267,77.448,128.95,1281.49,,20.21,4.398,9.826,1.6016,52.43,4.5145,4.7622,,10.1016,1.3962,34.77,15.473,,16.1569,134.91
2022-05-16,,1.4447,1.8766,5.068,1.2927,1.0055,6.792,23.709,7.1405,,0.95951,0.81601,7.8499,7.2179,370.23,14675,3.4038,77.797,129.54,1283.73,,20.084,4.398,9.805,1.5929,52.49,4.4785,4.7466,,10.0727,1.3943,34.805,15.6516,,16.2344,132.7
2022-05-17,,1.4224,1.8554,4.992,1.2823,0.99203,6.726,23.444,7.0595,,0.94868,0.80068,7.8497,7.1383,366.47,14641,3.3571,77.459,129.32,1265.21,,19.9478,4.3839,9.6556,1.5711,52.307,4.4102,4.6939,,9.9035,1.384,34.495,15.7506,,15.9795,131.58
2022-05-18,,1.4235,1.8586,4.9391,1.2818,0.99648,6.7445,23.422,7.072,,0.9503,0.80462,7.8486,7.1605,363.85,14678,3.3508,77.592,129.01,1266.52,,19.8803,4.3955,9.7049,1.5726,52.34,4.4135,4.7014,,9.9473,1.3872,34.59,15.9471,,15.8997,132.0
2022-05-19,,1.4286,1.8582,4.9495,1.2817,0.9753,6.7485,23.468,7.0711,,0.95012,0.80502,7.8474,7.1634,366.58,14648,3.3846,77.634,127.75,1276.21,,19.9563,4.405,9.7959,1.5725,52.39,4.4107,4.7006,,9.9856,1.3849,34.53,15.9655,,15.9919,132.54
2022-05-20,,1.4163,1.8491,4.9153,1.2788,0.97192,6.6785,23.324,7.0364,,0.94545,0.80193,7.8471,7.1225,362.04,14656,3.3403,77.678,127.96,1267.45,,19.8837,4.389,9.7022,1.5617,52.171,4.3836,4.6778,,9.9192,1.3792,34.305,15.9025,,15.8014,130.94
2022-05-23,,1.4056,1.8349,4.8431,1.2784,0.96726,6.647,23.073,6.9812,,0.93817,0.79541,7.8491,7.0621,358.05,14644,3.3535,77.568,127.64,1261.08,,19.8208,4.389,9.6182,1.5445,52.243,4.3353,4.6411,,9.8431,1.3734,34.159,15.8244,,15.7085,130.5
2022-05-24,,1.4134,1.8244,4.8314,1.2793,0.96399,6.665,23.007,6.9413,,0.93284,0.79991,7.8492,7.0229,357.58,14657,3.344,77.593,127.32,1262.73,,19.819,4.3914,9.5979,1.5537,52.381,4.2924,4.6125,,9.796,1.3733,34.15,16.0981,,15.6543,129.94
2022-05-25,,1.4195,1.8354,4.8551,1.2875,0.96368,6.6943,23.131,6.9825,,0.93844,0.80044,7.8498,7.0716,364.35,14628,3.3643,77.581,127.01,1271.22,,19.9146,4.395,9.6381,1.5521,52.353,4.3365,4.6374,,9.8929,1.3773,34.3,16.3245,,15.7309,129.79
2022-05-26,,1.4125,1.8284,4.837,1.2821,0.9613,6.7331,23.068,6.9561,,0.93484,0.7953,7.8499,7.0445,366.2,14611,3.3594,77.601,127.09,1264.55,,19.813,4.398,9.6022,1.5463,52.328,4.308,4.6203,,9.9077,1.3751,34.205,16.4147,,15.828,129.1
2022-05-27,,1.3985,1.8241,4.7528,1.2741,0.95672,6.6994,23.037,6.9383,,0.93266,0.7916,7.8497,7.0303,366.38,14535,3.3548,77.588,126.89,1253.15,,19.7127,4.379,9.4936,1.532,52.248,4.277,4.6099,,9.8203,1.3691,34.125,16.3981,,15.6184,128.61
2022-05-30,,1.3919,1.817,4.7035,1.2678,0.9594,6.6643,22.958,6.9111,,0.92902,0.79106,7.8493,6.996,364.34,14569,3.3187,77.555,127.51,1237.14,,19.4156,4.3662,9.4069,1.5272,52.324,4.26,4.5932,,9.7715,1.3674,34.095,16.3894,,15.4664,127.18
2022-05-31,,1.3939,1.8256,4.7573,1.267,0.95968,6.665,23.069,6.9443,,0.93345,0.79472,7.8468,7.0391,369.83,14543,3.3367,77.691,128.22,1240.85,,19.5902,4.3785,9.4262,1.5364,52.574,4.2756,4.612,,9.8061,1.371,34.305,16.4116,,15.6305,127.23
2022-06-01,,1.3873,1.8258,4.728,1.2636,0.96201,6.6828,23.103,6.9448,,0.93353,0.79498,7.847,7.0337,368.77,14539,3.331,77.53,129.46,1242.94,,19.6677,4.383,9.3762,1.5349,52.448,4.2861,4.6143,,9.7795,1.3723,34.355,16.451,,15.505,127.99
2022-06-02,,1.3869,1.8292,4.8013,1.2645,0.95997,6.6732,23.103,6.9576,,0.93528,0.79681,7.8466,7.045,369.34,14480,3.3394,77.553,129.74,1247.72,,19.625,4.391,9.4318,1.5351,52.812,4.2824,4.6201,,9.7928,1.375,34.375,16.4773,,15.539,128.04
2022-06-03,,1.3798,1.8227,4.813,1.2567,0.95955,6.6603,23.027,6.9327,,0.93197,0.79609,7.8441,7.0103,367.92,14444,3.3319,77.605,130.09,1246.41,,19.5573,4.389,9.4157,1.5293,52.878,4.2829,4.6065,,9.7473,1.3738,34.275,16.5312,,15.4849,128.52
2022-06-06,,1.3837,1.8234,4.7535,1.2552,0.96215,6.6402,23.042,6.9355,,0.93231,0.79634,7.8458,7.0131,361.78,14418,3.3281,77.606,130.67,1250.35,,19.4928,4.389,9.4027,1.5316,52.834,4.2707,4.6079,,9.7445,1.3735,34.285,16.5915,,15.3032,128.94
2022-06-07,,1.396,1.8344,4.8074,1.2603,0.97758,6.6729,23.203,6.9776,,0.93791,0.80065,7.8462,7.0572,365.16,14455,3.3447,77.725,132.86,1257.5,,19.5498,4.3955,9.552,1.5552,52.918,4.2968,4.6357,,9.8517,1.3773,34.485,16.7606,,15.3873,130.28
2022-06-08,,1.389,1.8212,4.8838,1.254,0.97644,6.6845,22.928,6.9267,,0.93119,0.79686,7.8476,7.0039,364.33,14506,3.3381,77.67,134.02,1256.49,,19.5977,4.394,9.4418,1.5499,52.89,4.2553,4.6047,,9.7717,1.3753,34.525,17.1832,,15.3297,129.34
2022-06-09,,1.3949,1.8205,4.8875,1.2572,0.97692,6.6762,22.981,6.9246,,0.93084,0.79729,7.8486,7.002,369.03,14564,3.3379,77.753,133.98,1255.69,,19.5709,4.3935,9.4776,1.552,52.939,4.2749,4.6033,,9.778,1.3757,34.515,17.2302,,15.278,129.11
2022-06-10,,1.4034,1.8489,4.8892,1.2747,0.98355,6.6996,23.355,7.0324,,0.94536,0.80401,7.8494,7.1115,376.71,14552,3.3679,77.841,133.95,1270.8,,19.6899,4.402,9.5949,1.5581,53.036,4.3537,4.674,,9.9504,1.3821,34.765,17.0274,,15.6182,130.18
2022-06-13,,1.4345,1.8707,5.0488,1.285,0.99235,6.7369,23.648,7.1159,,0.95648,0.82114,7.8499,7.1942,381.92,14707,3.4428,78.058,134.4,1291.18,,20.287,4.4185,9.873,1.5911,53.295,4.4355,4.7307,,10.154,1.3905,34.84,17.264,,16.0756,132.66
2022-06-14,,1.4518,1.8712,5.1023,1.2937,0.99445,6.7372,23.679,7.1185,,0.95675,0.82834,7.85,7.1984,381.44,14734,3.4642,78.033,134.54,1288.48,,20.554,4.4225,9.945,1.603,53.262,4.4549,4.7305,,10.1626,1.3912,34.985,17.279,,16.0696,132.32
2022-06-15,,1.4429,1.875,5.0967,1.294,1.0004,6.712,23.682,7.1318,,0.95868,0.82761,7.85,7.2136,381.52,14727,3.4519,78.142,134.69,1291.21,,20.589,4.4135,9.9576,1.6016,53.329,4.4761,4.7385,,10.1887,1.3919,35.02,17.3008,,16.0206,131.82
2022-06-16,,1.4364,1.8806,5.0538,1.2929,0.97519,6.7158,23.79,7.1525,,0.96154,0.8226,7.8498,7.2351,382.79,14834,3.4552,78.067,132.92,1295.08,,20.588,4.4025,10.0565,1.5969,53.558,4.5325,4.7541,,10.2829,1.3895,35.16,17.3198,,15.9665,132.21
2022-06-17,,1.4342,1.8652,5.1329,1.2999,0.96367,6.7049,23.595,7.0936,,0.95365,0.81537,7.8499,7.1672,381.97,14817,3.4438,78.076,134.67,1293.41,,20.453,4.402,9.9681,1.5832,53.758,4.4825,4.7176,,10.18,1.3873,35.26,17.3083,,15.9387,131.32
2022-06-20,,1.4321,1.8597,5.1457,1.299,0.96625,6.6888,23.512,7.073,,0.95084,0.81533,7.85,7.148,378.29,14824,3.4601,77.959,134.96,1290.81,,20.255,4.4015,9.8968,1.5735,54.076,4.4233,4.7022,,10.1146,1.3872,35.33,17.328,,16.0315,130.55
2022-06-21,,1.4386,1.8538,5.1583,1.2948,0.96815,6.6995,23.403,7.0515,,0.94787,0.81526,7.85,7.1284,375.81,14825,3.4602,78.123,136.26,1293.92,,20.14,4.398,9.7899,1.5806,54.317,4.4014,4.6883,,10.091,1.385,35.35,17.3506,,15.9129,131.47
2022-06-22,,1.4499,1.8589,5.1658,1.2984,0.96502,6.7108,23.488,7.0703,,0.95048,0.81632,7.8499,7.1503,376.39,14846,3.4628,78.329,136.02,1301.48,,20.102,4.405,9.9843,1.6001,54.343,4.4582,4.7017,,10.1405,1.3891,35.435,17.351,,15.9666,131.83
2022-06-23,,1.4497,1.8639,5.1954,1.2961,0.96541,6.7061,23.587,7.0893,,0.95302,0.81786,7.849,7.1749,380.83,14862,3.4492,78.29,135.43,1302.97,,20.101,4.4058,9.9828,1.5928,54.741,4.4873,4.7144,,10.202,1.3904,35.51,17.3639,,16.0269,133.33
2022-06-24,,1.4489,1.8584,5.212,1.2977,0.95705,6.6969,23.5,7.0694,,0.95021,0.81502,7.8496,7.1546,381.36,14856,3.4407,78.297,135.11,1296.17,,19.9449,4.402,9.915,1.5898,54.951,4.4682,4.7,,10.1615,1.3892,35.5,17.3751,,15.8815,132.74
2022-06-27,,1.4451,1.85,5.2446,1.2901,0.95942,6.691,23.386,7.0382,,0.94589,0.81536,7.8458,7.1257,380.84,14789,3.4061,78.443,135.5,1284.22,,19.9026,4.404,9.8449,1.5892,54.767,4.4448,4.6765,,10.0939,1.3849,35.34,16.5337,,15.8879,132.14
2022-06-28,,1.4402,1.8519,5.237,1.2844,0.95644,6.7015,23.413,7.0442,,0.94688,0.81763,7.8477,7.1319,377.38,14838,3.434,78.979,136.04,1289.41,,19.9678,4.3966,9.7879,1.5928,54.777,4.4413,4.6817,,10.0883,1.3867,35.18,16.6548,,16.0091,132.09
2022-06-29,,1.4506,1.8597,5.2451,1.2849,0.95132,6.6922,23.523,7.0735,,0.95084,0.82211,7.8475,7.1584,374.9,14845,3.4557,78.958,136.47,1296.97,,20.099,4.3997,9.7998,1.6042,54.933,4.4565,4.699,,10.1596,1.3889,35.11,16.6395,,16.0973,133.02
2022-06-30,,1.4536,1.8829,5.2209,1.2925,0.95889,6.703,23.817,7.162,,0.96274,0.82623,7.8457,7.2501,382.25,14973,3.5036,79.051,136.27,1301.24,,20.183,4.4075,9.9629,1.6083,55.021,4.5156,4.7621,,10.3302,1.3943,35.385,16.6766,,16.3804,133.72
2022-07-01,,1.4755,1.8761,5.287,1.2942,0.96182,6.7022,23.744,7.1358,,0.95923,0.83116,7.8466,7.224,384.76,14985,3.522,79.012,135.3,1297.44,,20.254,4.407,9.9425,1.6239,55.11,4.5245,4.7441,,10.3389,1.3971,35.67,16.749,,16.4339,133.05
2022-07-04,,1.4543,1.8707,5.3241,1.285,0.96002,6.6932,23.668,7.1154,,0.95648,0.82219,7.8463,7.2024,384.05,15001,3.506,78.919,135.35,1294.5,,20.275,4.413,9.8477,1.6019,54.985,4.505,4.7288,,10.2973,1.3952,35.675,16.8335,,16.2865,133.24
2022-07-05,,1.4752,1.9007,5.3587,1.2987,0.96521,6.7084,24.053,7.2299,,0.97182,0.83426,7.8472,7.3125,395.9,15052,3.5319,79.368,135.83,1310.95,,20.425,4.4195,9.9951,1.6299,55.402,4.6111,4.8045,,10.4986,1.4048,35.84,17.0116,,16.4376,135.18
2022-07-06,,1.4701,1.9218,5.4157,1.3043,0.97239,6.7101,24.347,7.3109,,0.98261,0.84186,7.8475,7.389,404.64,15021,3.526,79.129,135.31,1308.53,,20.653,4.4245,10.1015,1.6218,55.791,4.688,4.858,,10.5581,1.4056,36.14,17.2453,,16.7285,136.09
2022-07-07,,1.462,1.9212,5.4011,1.2993,0.97308,6.7024,24.341,7.3089,,0.98232,0.836,7.848,7.3863,402.79,14995,3.4919,79.175,135.67,1301.24,,20.597,4.428,10.109,1.617,55.932,4.6877,4.8574,,10.5334,1.4003,36.09,17.2447,,16.736,136.84
2022-07-08,,1.4632,1.9244,5.3473,1.2989,0.9754,6.7003,24.219,7.323,,0.98396,0.83228,7.849,7.3984,396.0,14967,3.4758,79.238,135.84,1300.41,,20.514,4.427,10.0984,1.62,55.97,4.6866,4.8638,,10.4954,1.4,36.015,17.3203,,16.9165,137.26
2022-07-11,,1.4765,1.9368,5.3152,1.3012,0.98118,6.7135,24.353,7.3692,,0.9903,0.8372,7.8496,7.445,404.26,14985,3.4767,79.461,137.42,1307.55,,20.582,4.427,10.199,1.6306,56.025,4.7502,4.895,,10.5905,1.404,36.23,17.3744,,16.9968,137.95
2022-07-12,,1.4838,1.9476,5.3783,1.3039,0.98417,6.7236,24.479,7.4097,,0.99582,0.84468,7.8498,7.4856,408.27,14991,3.4841,79.562,136.74,1309.6,,20.801,4.437,10.2324,1.6326,56.411,4.7988,4.9206,,10.5845,1.4068,36.24,17.3663,,17.0792,138.52
2022-07-13,,1.4703,1.9428,5.417,1.2986,0.97636,6.7271,24.235,7.3921,,0.99334,0.83809,7.8499,7.4655,406.63,15016,3.4632,79.597,137.1,1302.67,,20.764,4.437,10.1746,1.6241,56.292,4.7919,4.9085,,10.5314,1.404,36.135,17.446,,16.9392,137.38
2022-07-14,,1.4886,1.9548,5.4559,1.3155,0.98361,6.7584,24.405,7.4388,,0.9995,0.84518,7.85,7.5084,408.58,15112,3.4898,80.04,138.97,1321.63,,20.948,4.444,10.2485,1.6429,56.537,4.8122,4.9395,,10.5966,1.4058,36.614,17.4853,,17.1934,138.82
2022-07-15,,1.4799,1.9443,5.4115,1.307,0.97912,6.7544,24.417,7.3993,,0.99413,0.8449,7.85,7.4719,401.36,14994,3.4838,79.849,138.67,1325.97,,20.798,4.449,10.216,1.6281,56.346,4.7672,4.9117,,10.5322,1.403,36.65,17.4422,,17.1861,138.09
2022-07-18,,1.4647,1.9305,5.38,1.2981,0.97828,6.7383,24.191,7.3473,,0.98707,0.83613,7.85,7.4159,396.85,14962,3.4551,79.982,138.35,1316.09,,20.442,4.453,10.1227,1.622,56.318,4.7142,4.875,,10.3904,1.397,36.65,17.4933,,17.1582,137.1
2022-07-19,,1.4513,1.909,5.4128,1.2947,0.96808,6.7412,23.968,7.2669,,0.97609,0.83263,7.85,7.3297,387.95,14977,3.4451,79.941,137.64,1308.28,,20.356,4.45,9.9327,1.6062,56.206,4.646,4.8214,,10.2454,1.3928,36.595,17.5871,,17.0395,135.58
2022-07-20,,1.4479,1.9176,5.4346,1.2876,0.97029,6.7548,24.015,7.2999,,0.98049,0.83516,7.85,7.3677,391.71,14978,3.4461,80.01,138.17,1311.51,,20.489,4.452,9.9346,1.599,56.278,4.6887,4.8432,,10.2565,1.3927,36.675,17.5943,,17.053,136.78
2022-07-21,,1.4558,1.9176,5.4689,1.2921,0.97304,6.7693,24.018,7.2993,,0.98049,0.83876,7.8494,7.3733,392.32,15043,3.4516,79.861,138.7,1311.37,,20.532,4.457,9.9765,1.6157,56.39,4.6681,4.8427,,10.2226,1.3941,36.925,17.6809,,17.1777,136.97
2022-07-22,,1.4403,1.9193,5.478,1.2861,0.96487,6.7568,24.057,7.3055,,0.98135,0.83553,7.8494,7.3831,390.87,14991,3.4429,79.863,136.91,1310.76,,20.569,4.452,9.9605,1.5962,56.173,4.6622,4.8401,,10.2383,1.3887,36.695,17.7566,,16.8802,136.9
2022-07-25,,1.4368,1.9107,5.4685,1.2864,0.96415,6.7501,23.969,7.2733,,0.97694,0.82858,7.8493,7.3461,387.36,14951,3.4389,79.787,136.62,1310.33,,20.455,4.4535,9.8382,1.5949,55.89,4.5995,4.8201,,10.1576,1.3849,36.66,17.8442,,16.7548,136.28
2022-07-26,,1.4426,1.9318,5.377,1.2875,0.96454,6.7613,24.306,7.3537,,0.98775,0.83522,7.8493,7.4225,396.08,14999,3.4464,79.81,136.66,1310.4,,20.529,4.456,9.8879,1.6036,55.472,4.6839,4.872,,10.3166,1.3894,36.725,17.8492,,16.8777,137.4
2022-07-27,,1.4401,1.9265,5.323,1.2854,0.96217,6.7508,24.207,7.3331,,0.98503,0.82878,7.8499,7.4015,398.61,14985,3.4333,79.925,136.81,1314.02,,20.442,4.4585,9.8067,1.6062,55.61,4.726,4.8595,,10.298,1.3877,36.84,17.9136,,16.8782,137.02
2022-07-28,,1.436,1.9322,5.2658,1.2829,0.96275,6.7501,24.312,7.3545,,0.98795,0.82579,7.8498,7.4294,402.39,14926,3.4283,79.678,135.61,1304.53,,20.427,4.4528,9.779,1.5977,55.91,4.7331,4.8747,,10.3231,1.384,36.65,17.923,,16.7962,137.03
2022-07-29,,1.4362,1.9178,5.1715,1.2846,0.95548,6.7371,24.132,7.2993,,0.98058,0.82359,7.85,7.372,396.94,14862,3.404,79.31,133.77,1303.59,,20.273,4.4505,9.6855,1.5967,55.28,4.6455,4.8385,,10.1858,1.3814,36.26,17.8929,,16.5353,135.61
2022-08-01,,1.4204,1.9113,5.1523,1.2778,0.94957,6.7532,24.067,7.2762,,0.97723,0.81794,7.85,7.3498,392.21,14857,3.3759,79.087,132.3,1302.94,,20.291,4.453,9.6392,1.5792,55.442,4.6262,4.8161,,10.1308,1.3766,36.135,17.9297,,16.4774,135.54
2022-08-02,,1.4422,1.9129,5.201,1.2862,0.95305,6.7603,24.104,7.2801,,0.97809,0.81832,7.8499,7.3548,388.13,14872,3.373,78.56,130.97,1309.82,,20.493,4.4533,9.7129,1.5898,55.589,4.6032,4.8218,,10.1717,1.3794,36.105,17.9542,,16.6099,136.25
2022-08-03,,1.4402,1.9186,5.2528,1.2836,0.9587,6.752,24.181,7.3011,,0.98097,0.82037,7.8499,7.3747,387.51,14895,3.3708,79.154,133.59,1310.6,,20.678,4.457,9.6864,1.5956,55.773,4.6017,4.8308,,10.1935,1.3801,36.26,17.9627,,16.8023,136.65
2022-08-04,,1.4347,1.921,5.2661,1.2838,0.95914,6.7546,24.221,7.3102,,0.98222,0.82734,7.8498,7.3814,388.94,14931,3.3495,79.334,133.4,1309.99,,20.387,4.458,9.7304,1.5884,55.626,4.6393,4.8385,,10.1896,1.3787,35.955,17.967,,16.7323,136.23
2022-08-05,,1.4378,1.9113,5.2133,1.2885,0.95534,6.7495,24.021,7.2721,,0.97723,0.82349,7.8499,7.3437,384.81,14889,3.3258,79.205,133.12,1294.37,,20.363,4.456,9.7547,1.5878,55.237,4.6013,4.813,,10.1215,1.3756,35.545,17.9667,,16.6463,135.74
2022-08-08,,1.4322,1.9176,5.1358,1.2878,0.95725,6.7586,24.037,7.2953,,0.98049,0.82523,7.8499,7.3657,386.58,14852,3.3234,79.586,134.93,1303.98,,20.277,4.459,9.7465,1.5886,55.451,4.6125,4.8204,,10.1628,1.3784,35.67,17.9601,,16.6383,137.37
2022-08-09,,1.4351,1.9111,5.1278,1.2862,0.95398,6.7526,23.971,7.2706,,0.97714,0.82587,7.8497,7.3422,388.26,14850,3.3091,79.549,135.1,1306.18,,20.24,4.455,9.7093,1.5931,55.637,4.6008,4.7917,,10.15,1.3787,35.435,17.915,,16.6602,136.9
2022-08-10,,1.4321,1.9077,5.1219,1.2882,0.94742,6.752,23.797,7.2568,,0.97542,0.82528,7.8482,7.3311,387.88,14845,3.2943,79.467,134.76,1311.12,,20.204,4.457,9.6682,1.5813,55.658,4.5906,4.793,,10.1222,1.376,35.525,17.9574,,16.4639,136.27
2022-08-11,,1.4057,1.8919,5.0732,1.277,0.93945,6.739,23.55,7.1963,,0.96731,0.8181,7.8466,7.2693,381.29,14719,3.241,79.59,132.1,1300.66,,19.9652,4.445,9.4835,1.552,55.354,4.5297,4.7451,,10.0213,1.3688,35.155,17.9603,,16.162,135.13
2022-08-12,,1.4094,1.9016,5.1538,1.2784,0.94205,6.743,23.704,7.2333,,0.97229,0.82368,7.8367,7.3056,381.43,14685,3.2523,79.718,133.66,1305.39,,19.9242,4.4442,9.5411,1.5542,55.66,4.5477,4.756,,10.1619,1.3715,35.385,17.9614,,16.2682,136.41
2022-08-15,,1.4231,1.9184,5.1268,1.2915,0.94468,6.7729,23.992,7.295,,0.98087,0.82761,7.8371,7.3593,390.98,14754,3.2657,79.51,133.02,1310.79,,20.001,4.4595,9.6822,1.5696,56.029,4.5962,4.7915,,10.2972,1.3768,35.525,17.964,,16.4174,137.62
2022-08-16,,1.4276,1.9305,5.1165,1.2907,0.95005,6.7878,24.223,7.3406,,0.98707,0.83129,7.8422,7.4129,400.95,14775,3.2659,79.331,134.35,1312.47,,19.8993,4.466,9.7155,1.5805,55.87,4.6435,4.8189,,10.4003,1.3799,35.465,17.9641,,16.4402,138.49
2022-08-17,,1.4419,1.9242,5.1985,1.2905,0.95297,6.7805,24.17,7.3177,,0.98386,0.82849,7.8419,7.386,397.76,14774,3.2576,79.457,135.14,1315.45,,20.053,4.468,9.684,1.5904,55.856,4.6318,4.8037,,10.3913,1.3824,35.47,17.9622,,16.6396,138.04
2022-08-18,,1.4361,1.9216,5.1411,1.2889,0.95137,6.7852,24.181,7.3088,,0.98251,0.82915,7.8448,7.39,398.04,14829,3.2416,79.623,134.77,1321.29,,19.9578,4.474,9.6564,1.5863,55.783,4.6414,4.7954,,10.4051,1.3807,35.62,18.0875,,16.7031,138.04
2022-08-19,,1.4506,1.9453,5.2053,1.2992,0.95644,6.8163,24.493,7.3974,,0.99463,0.84482,7.8453,7.4751,405.16,14872,3.2702,79.869,136.93,1336.17,,20.218,4.4765,9.7889,1.6116,56.022,4.7255,4.8549,,10.5525,1.3904,35.795,18.105,,17.0089,139.75
2022-08-22,,1.4477,1.9556,5.1747,1.2988,0.9579,6.845,24.649,7.4363,,0.9999,0.8465,7.846,7.5105,407.96,14894,3.2775,79.854,137.07,1344.08,,20.156,4.485,9.7709,1.6123,56.212,4.7635,4.8848,,10.6489,1.3957,36.095,18.125,,17.0749,140.89
2022-08-23,,1.4543,1.9702,5.1359,1.3023,0.96726,6.8452,24.839,7.4921,,1.0074,0.84963,7.8473,7.568,413.57,14851,3.2838,79.863,137.34,1341.9,,20.062,4.4885,9.8155,1.6189,56.07,4.8139,4.9198,,10.6843,1.3962,36.12,18.1152,,17.0815,141.13
2022-08-24,,1.4485,1.9688,5.0942,1.2994,0.96396,6.8673,24.793,7.4875,,1.0066,0.84843,7.8468,7.5624,413.66,14856,3.2816,79.828,136.64,1341.7,,19.9095,4.4855,9.7,1.6172,56.07,4.7985,4.9124,,10.6563,1.3949,36.145,18.156,,17.0099,140.43
2022-08-25,,1.4349,1.9617,5.1032,1.292,0.96449,6.8523,24.722,7.4598,,1.003,0.84547,7.8469,7.5366,410.16,14797,3.289,79.896,136.48,1335.99,,19.8728,4.472,9.669,1.6054,56.01,4.7721,4.8905,,10.5843,1.3899,35.84,18.1665,,16.8408,140.72
2022-08-26,,1.4323,1.9544,5.1033,1.2935,0.96353,6.8623,24.618,7.4327,,0.9993,0.84531,7.8466,7.5082,410.19,14816,3.2514,79.846,136.92,1332.53,,19.9101,4.4675,9.6602,1.6101,56.07,4.7452,4.8695,,10.5629,1.3896,36.01,18.1796,,16.7877,140.2
2022-08-29,,1.4549,1.9585,5.0734,1.3044,0.96836,6.9141,24.626,7.4483,,1.0014,0.8554,7.8478,7.5224,410.47,14892,3.3192,79.942,138.68,1349.36,,20.016,4.49,9.7812,1.6328,56.266,4.7517,4.8767,,10.6429,1.397,36.45,18.186,,16.9128,141.3
2022-08-30,,1.4423,1.9492,5.0116,1.3003,0.9708,6.8998,24.494,7.4124,,0.99661,0.85355,7.8484,7.4849,405.0,14825,3.3056,79.532,138.24,1346.34,,19.9402,4.4755,9.7222,1.619,56.202,4.7163,4.8492,,10.6139,1.395,36.37,18.1772,,16.7996,141.62
2022-08-31,,1.4591,1.9558,5.1482,1.3111,0.9796,6.8947,24.55,7.4371,,1.0,0.86035,7.8488,7.5148,402.8,14850,3.3399,79.546,138.72,1342.79,,20.204,4.4755,9.9388,1.6322,56.153,4.7283,4.8595,,10.6788,1.3969,36.45,18.1849,,17.0667,141.7
2022-09-01,,1.4645,1.955,5.2218,1.3164,0.97981,6.8989,24.478,7.4342,,0.9996,0.86438,7.848,7.518,399.42,14872,3.3631,79.588,139.28,1353.15,,20.187,4.481,10.009,1.6382,56.586,4.7109,4.8428,,10.7372,1.3996,36.695,18.2076,,17.1455,141.64
2022-09-02,,1.4681,1.9572,5.219,1.314,0.98459,6.9079,24.498,7.4422,,1.0007,0.86539,7.8494,7.5278,398.66,14906,3.3984,79.866,140.46,1361.79,,20.116,4.484,10.0105,1.6405,56.894,4.7096,4.8369,,10.7573,1.4023,36.65,18.22,,17.2912,141.6
2022-09-05,,1.4734,1.9716,5.1822,1.3148,0.98256,6.9323,24.821,7.4964,,1.0081,0.87054,7.8495,7.5779,407.16,14902,3.4099,79.872,140.59,1370.95,,19.979,4.4922,9.9988,1.642,56.932,4.7742,4.8587,,10.8155,1.4044,36.555,18.225,,17.2258,143.85
2022-09-06,,1.4757,1.97,5.1672,1.3123,0.98157,6.9592,24.728,7.4904,,1.0073,0.86365,7.8497,7.5678,405.57,14891,3.4146,79.805,141.93,1376.56,,19.9985,4.5,9.9663,1.6431,57.066,4.7409,4.8775,,10.76,1.4048,36.505,18.225,,17.2044,142.93
2022-09-07,,1.492,1.9786,5.2485,1.3189,0.98634,6.977,24.918,7.523,,1.0116,0.87516,7.8499,7.6017,406.5,14951,3.4449,79.947,144.87,1390.43,,20.154,4.5015,10.064,1.665,57.19,4.784,4.915,,10.8132,1.4093,36.745,18.2359,,17.459,142.94
2022-09-08,,1.4811,1.954,5.1995,1.3122,0.97302,6.9501,24.521,7.4298,,0.9991,0.86578,7.8497,7.5082,395.12,14879,3.4259,79.666,143.52,1380.46,,19.995,4.501,10.0525,1.6476,56.98,4.7113,4.8712,,10.6979,1.4041,36.385,18.2382,,17.3641,140.17
2022-09-09,,1.4632,1.9463,5.1833,1.3006,0.96099,6.9204,24.416,7.4002,,0.99512,0.86436,7.8486,7.4878,394.37,14832,3.4248,79.578,142.6,1377.89,,19.8935,4.498,9.9349,1.6383,56.82,4.698,4.878,,10.6123,1.3994,36.33,18.2388,,17.2906,140.21
2022-09-12,,1.4524,1.9259,5.114,1.2993,0.95194,6.9274,24.171,7.323,,0.98474,0.85453,7.8492,7.4047,389.69,14854,3.3822,79.458,142.28,1376.25,,19.7952,4.5035,9.8196,1.6247,56.82,4.6248,4.8385,,10.4744,1.3952,36.31,18.2405,,17.0576,138.75
2022-09-13,,1.4483,1.9222,5.0874,1.2973,0.95027,6.9255,24.129,7.3087,,0.9828,0.853,7.8482,7.3961,390.0,14839,3.3538,79.165,142.01,1373.27,,19.8152,4.508,9.8268,1.627,56.673,4.6241,4.8364,,10.4283,1.3942,36.225,18.2447,,17.0135,137.69
2022-09-14,,1.4888,1.9578,5.1879,1.319,0.96216,6.962,24.552,7.444,,1.001,0.86585,7.8483,7.527,403.3,14919,3.4373,79.502,143.22,1393.36,,20.048,4.527,10.1226,1.6692,57.111,4.721,4.9346,,10.6857,1.4053,36.645,18.258,,17.4517,139.84
2022-09-15,,1.4865,1.9574,5.1879,1.3183,0.95797,6.9908,24.538,7.4426,,1.0008,0.87004,7.8486,7.5318,407.48,14937,3.4412,79.776,143.54,1398.3,,20.018,4.535,10.1284,1.6702,57.304,4.7311,4.9277,,10.6986,1.4073,36.845,18.2623,,17.5423,138.81
2022-09-16,,1.4963,1.9648,5.2521,1.3287,0.96233,7.011,24.61,7.471,,1.0046,0.87804,7.8494,7.5583,405.85,14974,3.4425,79.727,143.19,1389.97,,20.095,4.535,10.2456,1.6794,57.375,4.7361,4.9466,,10.8038,1.409,36.97,18.2764,,17.6817,138.94
2022-09-19,,1.4965,1.9578,5.2939,1.3307,0.96677,7.0136,24.519,7.4447,,1.001,0.87873,7.8494,7.529,401.25,14990,3.4494,79.733,143.56,1393.21,,20.133,4.5501,10.2929,1.6824,57.404,4.7105,4.9349,,10.8101,1.4096,37.02,18.2921,,17.7444,140.04
2022-09-20,,1.4914,1.9585,5.2212,1.3287,0.96575,7.0128,24.59,7.4472,,1.0014,0.87518,7.8492,7.5303,399.14,15019,3.4454,79.722,143.54,1392.66,,19.9947,4.558,10.2874,1.6932,57.578,4.7274,4.9409,,10.849,1.4094,37.02,18.3089,,17.751,141.1
2022-09-21,,1.4992,1.9744,5.1407,1.3388,0.96396,7.0484,24.871,7.507,,1.0095,0.88164,7.8499,7.5919,408.94,15007,3.4623,79.907,144.01,1394.49,,19.9724,4.5525,10.3834,1.7004,57.829,4.7956,4.9912,,11.025,1.4139,37.135,18.3212,,17.6538,141.63
2022-09-22,,1.5014,1.9788,5.1272,1.3434,0.97977,7.0623,24.946,7.5238,,1.0117,0.8828,7.8494,7.6118,410.01,14998,3.4618,80.83,140.81,1401.04,,19.8431,4.567,10.3551,1.703,58.398,4.8151,4.9991,,11.0,1.4162,37.235,18.369,,17.555,141.54
2022-09-23,,1.5202,2.0051,5.1729,1.3509,0.98062,7.1193,25.28,7.6241,,1.0252,0.90425,7.8498,7.7125,416.55,15068,3.5013,81.06,142.95,1416.82,,20.064,4.5785,10.4916,1.7271,58.66,4.8742,5.068,,11.2085,1.4247,37.56,18.4042,,17.8238,143.43
2022-09-26,,1.5403,2.0276,5.3394,1.3679,0.99057,7.161,25.544,7.7094,,1.0367,0.92685,7.8499,7.8041,423.83,15158,3.5319,81.59,144.17,1430.02,,20.326,4.603,10.7386,1.7506,58.996,4.9355,5.1232,,11.3285,1.435,37.835,18.4533,,18.0642,144.0
2022-09-27,,1.5408,2.028,5.3126,1.3683,0.98538,7.1709,25.571,7.7111,,1.0369,0.92571,7.8499,7.8059,421.66,15144,3.4959,81.47,144.42,1420.63,,20.306,4.6107,10.7293,1.7546,59.035,4.9399,5.1269,,11.2539,1.4349,37.915,18.482,,17.8724,144.44
2022-09-28,,1.5603,2.0447,5.4081,1.3755,0.98662,7.2346,25.771,7.775,,1.0455,0.94373,7.8499,7.8738,430.44,15288,3.5474,81.83,144.68,1441.55,,20.418,4.6295,10.9332,1.7771,59.099,5.0228,5.1735,,11.416,1.4476,38.355,18.5375,,18.078,146.05
2022-09-29,,1.5436,2.015,5.4112,1.3697,0.98269,7.132,25.435,7.6618,,1.0303,0.92196,7.85,7.756,434.71,15182,3.5465,81.72,144.71,1430.39,,20.171,4.6355,10.7684,1.7556,58.582,5.0041,5.098,,11.2899,1.4384,38.065,18.5452,,17.9751,144.34
2022-09-30,,1.5466,2.0064,5.3943,1.3747,0.98082,7.1161,25.184,7.6287,,1.0259,0.90583,7.8499,7.7185,433.09,15247,3.5658,81.48,144.66,1436.9,,20.147,4.637,10.8574,1.7621,58.757,4.9736,5.0769,,11.1811,1.4363,37.775,18.5516,,17.9886,144.54
2022-10-03,,1.5494,2.0031,5.3032,1.3736,0.98914,7.116,25.12,7.6163,,1.0242,0.89175,7.85,7.7094,435.13,15332,3.5825,81.83,144.91,1442.29,,20.078,4.648,10.8209,1.768,58.991,4.9488,5.0675,,11.1371,1.4354,38.08,18.5621,,18.0122,145.12
2022-10-04,,1.5487,1.9774,5.1146,1.3652,0.98746,7.116,24.814,7.5194,,1.011,0.88235,7.85,7.6059,422.28,15246,3.5269,81.59,144.88,1427.76,,19.9949,4.6445,10.6071,1.7559,58.744,4.8724,4.9963,,10.9358,1.4304,37.57,18.5395,,17.737,143.46
2022-10-05,,1.5512,1.9726,5.2017,1.3609,0.98396,7.116,24.734,7.5026,,1.0086,0.88089,7.8498,7.59,427.23,15191,3.533,81.6,144.41,1418.77,,20.033,4.6305,10.5757,1.7568,58.711,4.8321,4.9808,,10.9305,1.4245,37.42,18.578,,17.7739,142.51
2022-10-06,,1.548,1.9836,5.1912,1.3666,0.98469,7.116,24.827,7.5446,,1.0142,0.88827,7.8499,7.6357,428.59,15234,3.5341,82.21,144.71,1408.1,,20.098,4.6375,10.5759,1.7525,58.772,4.9194,5.0065,,11.0272,1.4257,37.35,18.5792,,17.8265,141.89
2022-10-07,,1.5582,1.9963,5.2133,1.3715,0.9901,7.116,25.025,7.5922,,1.0207,0.89194,7.85,7.683,432.63,15242,3.5191,82.22,144.86,1410.04,,20.05,4.65,10.6663,1.7687,58.944,4.9602,5.0439,,11.0804,1.4286,37.36,18.5863,,17.9873,143.62
2022-10-10,,1.584,2.0169,5.1901,1.3728,0.99825,7.1511,25.287,7.6708,,1.0312,0.90471,7.8499,7.7632,441.58,15338,3.554,82.47,145.57,1427.51,,19.9637,4.65,10.6608,1.7912,58.984,5.0175,5.0944,,11.2924,1.4375,37.96,18.576,,18.1361,144.27
2022-10-11,,1.589,2.0115,5.1893,1.3784,0.99506,7.1654,25.234,7.6509,,1.0285,0.90202,7.8499,7.7438,440.94,15356,3.5767,82.23,145.57,1432.52,,19.9645,4.673,10.7205,1.7817,58.874,5.0077,5.0801,,11.3149,1.4365,38.085,18.5834,,18.1171,144.71
2022-10-12,,1.5995,2.015,5.2934,1.3801,0.99567,7.1711,25.305,7.6653,,1.0303,0.90501,7.85,7.7571,442.66,15359,3.5672,82.32,146.65,1426.6,,20.041,4.6825,10.73,1.7898,58.879,4.9964,5.0896,,11.3538,1.4363,38.02,18.5892,,18.2234,144.34
2022-10-13,,1.591,2.0082,5.2587,1.3803,0.99856,7.1819,25.227,7.6378,,1.0268,0.88832,7.8489,7.7328,442.19,15354,3.5662,82.14,146.77,1430.03,,19.9653,4.6915,10.6299,1.7778,58.889,4.9597,5.0678,,11.3049,1.4323,37.83,18.5893,,18.2948,144.27
2022-10-14,,1.5944,2.0128,5.2667,1.3817,1.0041,7.1989,25.303,7.6544,,1.0291,0.89352,7.85,7.7458,430.42,15470,3.5443,82.3,147.81,1439.23,,20.071,4.702,10.6332,1.7806,59.046,4.9736,5.0772,,11.324,1.4255,38.19,18.5874,,18.2085,144.59
2022-10-17,,1.6017,2.0082,5.2877,1.3813,1.0024,7.2009,25.22,7.6372,,1.0268,0.88561,7.8497,7.7282,429.51,15466,3.541,82.28,148.89,1436.91,,20.023,4.7165,10.6192,1.787,58.972,4.9433,5.0693,,11.2838,1.4268,38.165,18.5895,,18.1506,144.68
2022-10-18,,1.5818,1.9886,5.2664,1.3721,0.99563,7.1993,25.006,7.5641,,1.0168,0.88386,7.8495,7.6561,420.01,15470,3.5221,82.28,149.11,1424.42,,19.9939,4.716,10.5265,1.754,58.868,4.8846,5.0187,,11.089,1.4197,38.05,18.588,,18.0889,143.87
2022-10-19,,1.5921,2.0002,5.293,1.3785,1.0033,7.2277,25.121,7.6079,,1.0227,0.88968,7.85,7.7035,423.17,15530,3.5414,83.04,149.66,1430.1,,20.131,4.72,10.618,1.7656,59.052,4.8965,5.0366,,11.1933,1.4247,38.32,18.592,,18.2388,144.3
2022-10-20,,1.5854,1.9935,5.2377,1.372,1.0025,7.2223,24.997,7.5822,,1.0193,0.88939,7.8491,7.6805,419.12,15544,3.5424,82.74,149.82,1427.28,,20.08,4.729,10.6024,1.7537,58.854,4.8647,5.0151,,11.1936,1.4228,38.08,18.5768,,18.2556,143.82
2022-10-21,,1.608,2.0101,5.2535,1.3839,1.0128,7.246,25.191,7.6446,,1.0277,0.90162,7.8495,7.7415,424.34,15621,3.5769,82.98,151.69,1443.29,,20.095,4.738,10.721,1.7828,58.877,4.9214,5.0488,,11.3945,1.4303,38.385,18.601,,18.5016,145.02
2022-10-24,,1.5867,1.9854,5.2239,1.3706,1.0005,7.2626,24.852,7.551,,1.0151,0.88387,7.8499,7.6476,418.11,15595,3.5526,82.78,148.98,1439.85,,19.9486,4.738,10.5492,1.7605,58.899,4.8633,4.9871,,11.2471,1.422,38.169,18.607,,18.3357,144.66
2022-10-25,,1.5819,1.9834,5.2991,1.3728,1.0027,7.3088,24.817,7.5436,,1.0141,0.88371,7.8498,7.6377,419.53,15624,3.5554,82.8,148.91,1437.48,,19.9121,4.7355,10.5375,1.7565,58.805,4.8443,4.9727,,11.1275,1.4248,38.29,18.6095,,18.4779,144.91
2022-10-26,,1.5431,1.9513,5.2823,1.3537,0.98942,7.1783,24.479,7.421,,0.99771,0.86404,7.8497,7.5147,407.15,15553,3.5064,82.02,146.98,1418.85,,19.8045,4.7154,10.3171,1.7209,58.359,4.7439,4.8694,,10.9279,1.4072,37.775,18.6033,,17.9798,143.17
2022-10-27,,1.5552,1.9486,5.369,1.3622,0.99123,7.2285,24.44,7.4113,,0.99631,0.86425,7.8492,7.5052,410.63,15571,3.5246,82.36,146.83,1423.3,,19.9412,4.715,10.3039,1.7252,58.226,4.741,4.8713,,10.9179,1.4102,37.835,18.6121,,18.0852,142.57
2022-10-28,,1.5587,1.9654,5.3532,1.3609,0.99688,7.2514,24.585,7.4789,,1.0049,0.86544,7.8492,7.5691,413.73,15558,3.5388,82.46,147.51,1424.68,,19.8692,4.7225,10.3201,1.7235,58.023,4.7508,4.9431,,10.9942,1.4124,37.91,18.6131,,18.1419,144.01
2022-10-31,,1.5664,1.9728,5.3151,1.3671,1.0011,7.3008,24.7,7.509,,1.0087,0.86862,7.8497,7.5963,413.2,15624,3.5236,82.81,148.68,1428.4,,19.8832,4.728,10.3922,1.7247,58.301,4.7493,4.9569,,10.9956,1.416,38.075,18.6163,,18.3312,144.54
2022-11-01,,1.5491,1.9662,5.1611,1.3541,0.99306,7.255,24.614,7.4835,,1.0053,0.86517,7.8495,7.5743,409.07,15618,3.5108,82.52,147.13,1412.11,,19.7028,4.737,10.2378,1.6966,58.094,4.7304,4.94,,10.9319,1.4092,37.65,18.6203,,18.076,144.06
2022-11-02,,1.5569,1.974,5.1437,1.3595,0.99526,7.2826,24.734,7.5122,,1.0093,0.86899,7.8496,7.6035,410.78,15637,3.5312,82.75,147.1,1415.03,,19.6731,4.738,10.3339,1.7,58.378,4.7472,4.9576,,11.0078,1.4113,37.66,18.6201,,18.1276,145.03
2022-11-03,,1.591,2.0053,5.1535,1.3793,1.0139,7.3174,25.16,7.6318,,1.0253,0.89437,7.8499,7.7284,418.2,15790,3.573,82.93,148.24,1427.0,,19.7235,4.7443,10.6165,1.7386,58.918,4.8283,5.0254,,11.2089,1.4229,38.03,18.6201,,18.4736,148.57
2022-11-04,,1.551,1.9812,5.0326,1.3524,0.99909,7.1813,24.739,7.5384,,1.013,0.88612,7.8498,7.633,406.35,15693,3.552,82.07,147.07,1415.82,,19.5108,4.748,10.3342,1.6986,58.42,4.7432,4.9527,,10.9945,1.4071,37.385,18.6229,,18.0291,147.39
2022-11-07,,1.5439,1.9572,5.0736,1.3473,0.98809,7.224,24.318,7.4445,,1.0007,0.87196,7.8499,7.5428,401.31,15660,3.5427,81.9,146.28,1392.22,,19.4531,4.7395,10.2627,1.6846,58.402,4.6898,4.8889,,10.8396,1.4032,37.31,18.6005,,17.7707,146.0
2022-11-08,,1.5441,1.9566,5.2051,1.3494,0.9915,7.2524,24.336,7.4408,,1.0004,0.87413,7.8499,7.542,400.91,15659,3.545,81.55,146.31,1378.49,,19.4573,4.7365,10.2836,1.6867,58.21,4.6937,4.8998,,10.8416,1.4028,37.235,18.6065,,17.8468,146.36
2022-11-09,,1.5478,1.9482,5.1745,1.3449,0.98416,7.253,24.242,7.4093,,0.99612,0.87433,7.8495,7.5132,401.96,15656,3.5483,81.34,146.25,1364.41,,19.579,4.6915,10.2819,1.6967,58.01,4.6827,4.8854,,10.8029,1.4006,36.855,18.6003,,17.8076,146.13
2022-11-10,,1.5597,1.9648,5.3104,1.3529,0.98794,7.2518,24.474,7.4725,,1.0046,0.87701,7.8489,7.5776,402.8,15688,3.5617,81.69,146.14,1380.31,,19.5461,4.7005,10.4094,1.7062,58.06,4.7277,4.9139,,10.9246,1.4028,36.87,18.5955,,17.7699,148.18
2022-11-11,,1.4997,1.8974,5.3499,1.3289,0.95499,7.1078,23.553,7.2161,,0.97012,0.84922,7.8345,7.3191,390.07,15502,3.4202,80.74,139.59,1318.59,,19.4257,4.6275,9.9568,1.6511,57.34,4.5368,4.7478,,10.4037,1.3775,35.98,18.528,,17.2627,144.26
2022-11-14,,1.495,1.8953,5.2917,1.3282,0.94496,7.0652,23.538,7.2083,,0.96909,0.84808,7.8353,7.3132,394.69,15556,3.4315,81.19,140.38,1326.99,,19.4767,4.5963,9.9954,1.6433,57.215,4.5448,4.7527,,10.4383,1.3739,35.835,18.599,,17.2878,145.65
2022-11-15,,1.4816,1.8799,5.3326,1.328,0.94098,7.0453,23.381,7.1499,,0.96117,0.84059,7.8268,7.2529,389.71,15537,3.4308,80.86,139.22,1312.58,,19.3003,4.5375,9.9548,1.6241,57.22,4.5245,4.7209,,10.3884,1.3685,35.505,18.609,,17.1878,144.08
2022-11-16,,1.4791,1.8784,5.3244,1.3255,0.94074,7.0803,23.391,7.1443,,0.96043,0.84021,7.8221,7.2458,392.03,15605,3.4272,81.24,139.54,1323.57,,19.3267,4.545,9.9573,1.6228,57.317,4.5203,4.7259,,10.4451,1.3686,35.635,18.6115,,17.3065,143.01
2022-11-17,,1.5046,1.8953,5.4787,1.3393,0.95145,7.1576,23.645,7.2084,,0.96909,0.84771,7.8273,7.3079,402.75,15722,3.4689,81.78,140.32,1350.96,,19.4418,4.5665,10.1735,1.6461,57.46,4.5695,4.7731,,10.6474,1.3781,35.975,18.6185,,17.5367,144.3
2022-11-18,,1.4888,1.8867,5.3511,1.3352,0.95321,7.1185,23.491,7.1759,,0.96469,0.83989,7.8229,7.2752,393.03,15651,3.4642,81.7,140.0,1339.98,,19.4501,4.5535,10.1158,1.6165,57.312,4.5372,4.7668,,10.5928,1.3727,35.76,18.6194,,17.2757,143.64
2022-11-21,,1.51,1.9088,5.3095,1.3439,0.95813,7.1656,23.771,7.2591,,0.97599,0.84709,7.8069,7.3614,399.6,15730,3.4662,81.73,141.84,1361.51,,19.4571,4.58,10.2379,1.6363,57.41,4.5945,4.8227,,10.7235,1.3822,36.23,18.624,,17.3588,144.35
2022-11-22,,1.506,1.9036,5.3122,1.3398,0.95299,7.1388,23.702,7.2393,,0.97333,0.84055,7.8171,7.3426,397.34,15677,3.4665,81.64,141.33,1355.54,,19.5591,4.58,10.166,1.6261,57.37,4.5868,4.7955,,10.6729,1.3789,36.12,18.6121,,17.2832,141.81
2022-11-23,,1.5033,1.8942,5.3898,1.342,0.94867,7.1653,23.589,7.2029,,0.96852,0.8365,7.8168,7.3061,392.98,15680,3.4558,81.81,141.16,1353.43,,19.3714,4.575,10.0396,1.6192,57.06,4.5553,4.7816,,10.5504,1.3845,36.245,18.6262,,17.1528,142.08
2022-11-24,,1.4803,1.8782,5.3303,1.3343,0.94286,7.1489,23.425,7.1419,,0.96034,0.82525,7.8099,7.2477,396.94,15649,3.4195,81.66,138.19,1327.46,,19.3508,4.495,9.9333,1.594,56.652,4.5096,4.7253,,10.4267,1.3751,35.78,18.6276,,17.0216,140.69
2022-11-25,,1.4847,1.8851,5.3471,1.3363,0.94805,7.1735,23.486,7.1677,,0.96386,0.82781,7.8153,7.2745,396.46,15693,3.4266,81.65,139.39,1333.2,,19.3802,4.48,9.9263,1.6049,56.67,4.5181,4.7475,,10.4273,1.3761,35.81,18.6345,,17.1255,141.2
2022-11-28,,1.494,1.8693,5.386,1.344,0.94352,7.1993,23.271,7.1076,,0.95575,0.82774,7.8163,7.2148,390.78,15713,3.4409,81.66,138.49,1334.76,,19.3252,4.48,9.9054,1.6082,56.59,4.4861,4.7067,,10.4151,1.3739,35.635,18.6222,,17.1438,140.21
2022-11-29,,1.487,1.8867,5.318,1.3511,0.95138,7.1666,23.475,7.1741,,0.96469,0.83174,7.8106,7.2834,392.15,15726,3.4325,81.66,138.3,1327.13,,19.1081,4.5085,9.9665,1.6052,56.57,4.508,4.7456,,10.5161,1.3734,35.41,18.636,,16.9812,141.91
2022-11-30,,1.4866,1.8849,5.3068,1.3513,0.94969,7.0776,23.456,7.1671,,0.96376,0.83354,7.8011,7.2754,393.6,15682,3.4398,81.36,139.05,1315.67,,19.2859,4.4475,9.8928,1.6031,56.57,4.4945,4.746,,10.5383,1.3666,35.262,18.6327,,16.9399,141.77
2022-12-01,,1.4709,1.8709,5.2141,1.3448,0.94394,7.0753,23.303,7.1143,,0.95657,0.81993,7.7837,7.2221,395.54,15459,3.4094,81.24,136.29,1304.58,,19.272,4.405,9.8044,1.5732,56.24,4.4957,4.7162,,10.4251,1.3579,34.94,18.6319,,17.7342,142.24
2022-12-02,,1.4668,1.8559,5.1867,1.3437,0.93319,7.0195,23.132,7.0576,,0.94895,0.81472,7.7847,7.1648,389.07,15354,3.3943,81.27,134.11,1296.9,,19.1564,4.388,9.7376,1.5613,55.735,4.4449,4.6781,,10.3454,1.3501,34.745,18.6366,,17.3419,141.11
2022-12-05,,1.468,1.8474,5.2414,1.3411,0.93445,6.9494,23.001,7.0246,,0.94455,0.81312,7.7676,7.1323,389.28,15426,3.3868,81.72,135.14,1294.86,,19.5806,4.369,9.7635,1.5583,55.96,4.4347,4.6486,,10.2891,1.348,34.695,18.6385,,17.1945,140.64
2022-12-06,,1.4858,1.8598,5.2409,1.3623,0.93876,6.9888,23.123,7.073,,0.95093,0.81942,7.7799,7.1855,394.71,15634,3.4073,82.4,136.3,1318.36,,19.6729,4.3955,9.9285,1.5769,55.898,4.467,4.6719,,10.3547,1.3563,35.02,18.6392,,17.3134,141.59
2022-12-07,,1.4938,1.8575,5.2259,1.3664,0.9396,6.9784,23.1,7.0645,,0.94976,0.82067,7.7877,7.173,390.0,15638,3.4438,82.33,137.18,1320.99,,19.7103,4.3975,9.9967,1.574,55.496,4.4641,4.6709,,10.3704,1.3568,35.05,18.6396,,17.2241,141.23
2022-12-08,,1.4821,1.8593,5.2172,1.3601,0.94011,6.9706,23.124,7.0712,,0.95066,0.82002,7.7849,7.1825,397.05,15614,3.442,82.4,136.66,1318.62,,19.6777,4.3975,9.9705,1.5731,55.36,4.4541,4.6707,,10.3679,1.3553,34.755,18.6438,,17.1333,142.12
2022-12-09,,1.473,1.8523,5.2521,1.3619,0.93342,6.9585,23.007,7.0441,,0.94706,0.814,7.7819,7.155,395.43,15582,3.4215,82.35,135.71,1301.2,,19.7452,4.405,9.9768,1.5609,55.375,4.4388,4.6618,,10.3408,1.3505,34.715,18.6449,,17.2704,141.59
2022-12-12,,1.4794,1.8517,5.2604,1.366,0.93306,6.975,23.014,7.0421,,0.94679,0.8143,7.7734,7.1521,394.6,15646,3.4304,82.61,137.15,1304.61,,19.7927,4.417,9.9932,1.5644,55.66,4.4426,4.6694,,10.3271,1.3524,34.755,18.6435,,17.4869,142.68
2022-12-13,,1.4749,1.8547,5.2901,1.36,0.93589,6.9831,23.032,7.0546,,0.94832,0.81321,7.7793,7.1593,388.48,15668,3.4392,82.79,137.36,1307.49,,19.8615,4.429,9.9269,1.5613,55.81,4.4512,4.675,,10.3333,1.355,34.81,18.6486,,17.7198,143.29
2022-12-14,,1.4565,1.8366,5.3378,1.3561,0.92638,6.9499,22.797,6.9858,,0.93906,0.8087,7.7708,7.0786,381.85,15588,3.4113,82.49,134.92,1295.89,,19.5924,4.3915,9.7305,1.5502,55.71,4.3957,4.6247,,10.2017,1.3475,34.605,18.6477,,17.1437,141.7
2022-12-15,,1.4777,1.8414,5.2958,1.3599,0.92854,6.968,22.851,7.0038,,0.94153,0.81154,7.7724,7.0987,382.64,15621,3.426,82.8,136.59,1312.47,,19.7185,4.4175,9.7931,1.5656,55.83,4.4148,4.6342,,10.2608,1.3564,34.95,18.648,,17.2864,142.08
2022-12-16,,1.4941,1.8418,5.2955,1.366,0.93031,6.9721,22.848,7.0043,,0.94171,0.82148,7.7815,7.0991,383.37,15609,3.455,82.7,137.05,1308.69,,19.8352,4.4245,9.8722,1.5714,55.53,4.419,4.6344,,10.3732,1.3573,34.98,18.6495,,17.5824,141.35
2022-12-19,,1.4903,1.8454,5.3149,1.3655,0.93263,6.9731,22.866,7.0185,,0.94357,0.82202,7.7777,7.1141,380.43,15576,3.4489,82.59,136.49,1299.46,,19.7905,4.4265,9.9099,1.5694,55.34,4.4209,4.6336,,10.3853,1.3567,34.84,18.6522,,17.2744,143.33
2022-12-20,,1.5069,1.8453,5.3056,1.3634,0.92971,6.9724,22.814,7.0184,,0.94349,0.82583,7.7826,7.1206,381.05,15602,3.4682,82.71,132.64,1286.66,,19.7528,4.4335,9.9158,1.5866,55.24,4.4115,4.6349,,10.4364,1.3536,34.77,18.6569,,17.3827,142.94
2022-12-21,,1.4911,1.8388,5.1629,1.3609,0.92478,6.9781,22.77,6.9932,,0.9402,0.8241,7.7945,7.0909,378.84,15583,3.4777,82.84,131.9,1285.85,,19.7367,4.4375,9.8072,1.5842,55.055,4.3875,4.6011,,10.4008,1.3507,34.7,18.6669,,17.2555,143.0
2022-12-22,,1.4863,1.8394,5.2089,1.3622,0.92655,6.981,22.773,6.994,,0.94047,0.8299,7.7949,7.0893,378.19,15542,3.4743,82.8,132.06,1280.68,,19.6069,4.425,9.7924,1.5911,55.21,4.3678,4.6076,,10.3922,1.3501,34.655,18.6733,,17.1389,144.17
2022-12-23,,1.4928,1.8413,5.1623,1.3588,0.92892,6.9853,22.827,7.0009,,0.94144,0.82875,7.8025,7.0957,377.22,15599,3.4871,82.81,132.61,1279.89,,19.4992,4.425,9.8332,1.5898,55.19,4.3705,4.6183,,10.4542,1.3497,34.685,18.681,,17.0446,143.38
2022-12-27,,1.4844,1.8409,5.2744,1.3539,0.93044,6.9648,22.835,6.9998,,0.94127,0.83145,7.8006,7.0948,378.06,15645,3.5088,82.91,133.36,1270.57,,19.3449,4.423,9.8734,1.5922,55.87,4.3941,4.6376,,10.4749,1.346,34.615,18.7123,,17.2422,143.35
2022-12-28,,1.4718,1.8382,5.2734,1.3497,0.92697,6.9759,22.793,6.9892,,0.93985,0.82761,7.7943,7.0832,379.04,15758,3.5269,82.79,133.66,1267.47,,19.4417,4.4225,9.821,1.5763,56.027,4.418,4.6485,,10.4359,1.3461,34.73,18.7165,,17.1889,142.76
2022-12-29,,1.4892,1.8366,5.1978,1.3593,0.92403,6.9632,22.717,6.9833,,0.93906,0.83152,7.7936,7.0772,375.25,15663,3.5285,82.85,133.57,1267.89,,19.3924,4.4235,9.907,1.5858,55.749,4.3999,4.6477,,10.478,1.3485,34.63,18.7191,,17.0877,143.21
2022-12-30,,1.4713,1.8337,5.2865,1.3538,0.92321,6.8987,22.61,6.9722,,0.93756,0.83155,7.797,7.0659,375.84,15488,3.5209,82.66,131.88,1260.16,,19.5537,4.405,9.8573,1.5749,55.616,4.3885,4.6404,,10.4273,1.3407,34.535,18.7183,,16.9685,142.04
2023-01-02,,1.4695,1.8308,5.3401,1.3579,0.92418,6.8986,22.63,6.9619,,0.93607,0.82964,7.8058,,375.39,15569,3.5137,82.78,130.69,1270.99,,19.5001,4.405,9.8413,1.5806,55.821,4.382,4.6242,,10.4524,1.3408,34.555,18.7251,,17.0101,142.0
2023-01-03,,1.4896,1.8547,5.3728,1.3669,0.93684,6.9097,22.877,7.0526,,0.94832,0.83497,7.8134,,382.48,15621,3.5293,82.89,130.8,1276.92,,19.467,4.4039,9.9839,1.6057,55.97,4.4411,4.6761,,10.5671,1.3455,34.38,18.7355,,17.0877,143.86
2023-01-04,,1.4579,1.8453,5.4494,1.3551,0.92867,6.886,22.67,7.0171,,0.94349,0.83098,7.8181,,373.48,15572,3.5284,82.83,130.9,1272.71,,19.2933,4.4005,10.1311,1.5827,55.977,4.4047,4.648,,10.5343,1.3409,34.01,18.7442,,16.827,143.13
2023-01-05,,1.4635,1.8449,5.3825,1.3504,0.92812,6.8732,22.666,7.0157,,0.94331,0.83297,7.8095,,374.38,15605,3.528,82.52,132.96,1269.6,,19.3765,4.388,10.1168,1.5878,55.83,4.4052,4.6444,,10.5507,1.3407,33.91,18.7701,,17.0974,143.67
2023-01-06,,1.4848,1.8627,5.3366,1.3649,0.93943,6.8614,22.909,7.0829,,0.95238,0.84262,7.8101,,378.06,15684,3.5582,82.77,134.57,1273.5,,19.299,4.4035,10.2924,1.6085,55.594,4.4714,4.6949,,10.7219,1.3482,34.035,18.7681,,17.3421,145.62
2023-01-09,,1.4441,1.8285,5.28,1.3369,0.92231,6.7825,22.429,6.9534,,0.93493,0.82319,7.8074,,371.4,15578,3.4917,82.35,132.15,1243.8,,19.1492,4.3755,9.9203,1.5652,55.11,4.3907,4.6048,,10.4675,1.3317,33.46,18.7752,,17.0212,143.51
2023-01-10,,1.4563,1.8239,5.2663,1.3412,0.924,6.7828,22.367,6.936,,0.93257,0.82374,7.8094,,372.1,15551,3.4733,81.79,132.35,1248.14,,19.1458,4.3728,9.9585,1.5741,54.79,4.3784,4.6011,,10.4414,1.3326,33.595,18.7783,,17.0712,144.27
2023-01-11,,1.4505,1.8199,5.1959,1.3426,0.92742,6.7746,22.357,6.9205,,0.93049,0.8251,7.8137,,371.36,15457,3.4525,81.71,132.7,1247.8,,19.0714,4.371,9.9916,1.5736,54.911,4.3565,4.5906,,10.4944,1.3321,33.4,18.7764,,17.0119,143.57
2023-01-12,,1.4454,1.8156,5.1574,1.3404,0.93353,6.749,22.313,6.9054,,0.92833,0.82334,7.8092,,370.96,15277,3.4249,81.49,130.53,1244.12,,18.9139,4.359,9.9543,1.5723,55.043,4.3557,4.5897,,10.4651,1.3284,33.28,18.7811,,16.8415,143.24
2023-01-13,,1.4413,1.8086,5.1333,1.3403,0.92944,6.7254,22.204,6.8788,,0.92473,0.82116,7.8113,,367.08,15177,3.4244,81.47,128.56,1242.29,,18.9005,4.336,9.8895,1.5733,54.966,4.3359,4.5703,,10.4058,1.3234,33.06,18.7905,,16.8746,142.69
2023-01-16,,1.437,1.8089,5.1091,1.3398,0.9273,6.7324,22.195,6.8805,,0.9249,0.82092,7.8107,,369.02,15108,3.4194,81.65,128.49,1239.57,,18.8291,4.316,9.8913,1.5672,54.51,4.341,4.561,,10.4259,1.3215,33.015,18.7921,,17.0597,142.9
2023-01-17,,1.4397,1.8037,5.1284,1.3416,0.92207,6.7761,22.103,6.8603,,0.92225,0.81707,7.8214,,368.51,15188,3.4143,81.69,128.65,1239.05,,18.8131,4.3265,9.9108,1.5639,54.82,4.3307,4.5519,,10.4076,1.3228,33.08,18.7918,,17.1564,142.49
2023-01-18,,1.422,1.8044,5.0975,1.3382,0.91392,6.7527,22.1,6.864,,0.92259,0.80755,7.8249,,365.49,15045,3.3697,81.32,128.97,1233.66,,18.6539,4.3135,9.8305,1.5392,54.59,4.3346,4.5565,,10.3086,1.3175,32.875,18.7942,,16.972,142.54
2023-01-19,,1.4541,1.8084,5.2081,1.3503,0.91734,6.7891,22.121,6.8791,,0.92464,0.81043,7.8313,,366.56,15192,3.4167,81.41,128.54,1239.5,,18.9958,4.308,9.9362,1.5699,54.645,4.3516,4.5552,,10.3128,1.3246,33.105,18.798,,17.2844,142.86
2023-01-20,,1.4427,1.8066,5.1978,1.347,0.92019,6.7823,22.097,6.8715,,0.9237,0.80916,7.8307,,365.68,15119,3.4028,81.12,130.11,1234.5,,18.923,4.2855,9.8961,1.5566,54.46,4.3506,4.55,,10.3136,1.3219,32.75,18.8038,,17.1596,142.53
2023-01-23,,1.4285,1.7991,5.1855,1.3359,0.92107,6.7823,21.968,6.8433,,0.91988,0.80922,7.8286,,364.25,15007,3.3768,81.36,130.3,1228.65,,18.8051,4.2855,9.8275,1.5434,54.59,4.3338,4.526,,10.2275,1.318,32.775,18.8097,,17.1647,142.31
2023-01-24,,1.4248,1.8013,5.1726,1.337,0.92586,6.7823,21.987,6.852,,0.92098,0.81385,7.8296,,365.93,14974,3.3773,81.62,130.29,1235.59,,18.8432,4.2778,9.8723,1.542,54.45,4.3406,4.5286,,10.2224,1.3204,32.795,18.8092,,17.2856,143.76
2023-01-25,,1.412,1.7979,5.1195,1.337,0.92113,6.7823,21.886,6.8377,,0.91929,0.81125,7.8325,,357.37,14965,3.3693,81.57,129.78,1235.46,,18.7865,4.2615,9.9187,1.5437,54.56,4.3352,4.5077,,10.2349,1.3152,32.835,18.8141,,17.1672,144.42
2023-01-26,,1.405,1.7951,5.1007,1.3371,0.91804,6.7823,21.861,6.8273,,0.91785,0.80721,7.8288,,355.56,14960,3.4044,81.53,129.77,1232.23,,18.8417,4.2455,9.8779,1.5419,54.43,4.3318,4.4808,,10.2582,1.3118,32.755,18.8123,,17.0837,143.64
2023-01-27,,1.4072,1.8001,5.0717,1.3326,0.92195,6.7823,21.929,6.8457,,0.92039,0.80888,7.8289,,357.89,14985,3.4379,81.61,129.87,1234.58,,18.7464,4.2445,9.9034,1.5425,54.475,4.3336,4.5067,,10.3183,1.314,32.86,18.809,,17.2283,142.57
2023-01-30,,1.4115,1.7938,5.1045,1.3328,0.92131,6.7505,21.885,6.8223,,0.91718,0.80692,7.8341,,358.19,14982,3.4657,81.53,130.05,1227.98,,18.7902,4.244,9.8987,1.5388,54.545,4.3202,4.4992,,10.3293,1.3125,32.725,18.8077,,17.3246,140.6
2023-01-31,,1.4286,1.8054,5.1115,1.345,0.92606,6.7569,21.963,6.8668,,0.92311,0.81301,7.837,,360.85,15031,3.4778,81.82,130.41,1235.95,,18.8277,4.2658,10.0695,1.5562,54.64,4.3469,4.5426,,10.4754,1.3171,33.035,18.812,,17.4673,141.33
2023-02-01,,1.4129,1.7953,5.0646,1.3316,0.9161,6.7424,21.824,6.8291,,0.91794,0.81158,7.8432,,358.18,14961,3.4597,81.8,129.77,1229.32,,18.8104,4.2657,9.9659,1.5516,54.45,4.3212,4.5086,,10.4144,1.3129,32.9,18.8159,,17.2873,140.9
2023-02-02,,1.4022,1.7799,4.9926,1.3289,0.90936,6.7235,21.668,6.7704,,0.91008,0.8126,7.8434,,352.38,14890,3.4198,82.18,128.43,1224.88,,18.5703,4.246,9.9686,1.5339,53.85,4.2788,4.4617,,10.3374,1.3062,32.79,18.8178,,17.0228,139.7
2023-02-03,,1.4171,1.7882,5.0667,1.3364,0.91332,6.7376,21.692,6.8065,,0.91433,0.81604,7.8451,,353.46,14915,3.4019,81.91,128.42,1230.84,,18.709,4.258,10.0378,1.5439,53.69,4.29,4.482,,10.3614,1.3103,33.02,18.8178,,17.155,140.53
2023-02-06,,1.4473,1.815,5.1619,1.3418,0.92465,6.7827,22.126,6.9072,,0.92799,0.82849,7.8451,,362.69,15161,3.4649,82.67,132.15,1256.17,,19.0126,4.258,10.2476,1.5845,54.46,4.3827,4.5522,,10.5468,1.3239,33.6,18.8307,,17.5402,141.89
2023-02-07,,1.4458,1.8279,5.1604,1.3431,0.92579,6.7858,22.273,6.9547,,0.93458,0.83493,7.848,,368.6,15177,3.4801,82.72,132.06,1260.57,,19.0953,4.3023,10.3975,1.5882,55.17,4.4453,4.5813,,10.636,1.327,33.635,18.8299,,17.6398,142.15
2023-02-08,,1.4361,1.8219,5.1834,1.3404,0.92045,6.7854,22.154,6.9326,,0.93153,0.8272,7.8496,,362.11,15116,3.4847,82.52,131.17,1258.87,,18.9082,4.2985,10.2711,1.5809,54.79,4.4141,4.5622,,10.5657,1.3246,33.51,18.8319,,17.618,141.13
2023-02-09,,1.4306,1.8158,5.2145,1.3391,0.91821,6.7767,22.002,6.9092,,0.92842,0.82179,7.8499,,358.18,15115,3.4886,82.53,130.72,1258.36,,18.8738,4.316,10.1312,1.5696,54.46,4.3996,4.5432,,10.3417,1.3218,33.435,18.832,,17.6524,140.28
2023-02-10,,1.4436,1.8296,5.2615,1.3437,0.92348,6.8136,22.163,6.964,,0.93545,0.82645,7.85,,364.62,15185,3.5379,82.55,130.85,1266.7,,18.7596,4.3325,10.1693,1.5813,54.45,4.4724,4.5856,,10.4425,1.3283,33.73,18.8363,,17.8516,142.28
2023-02-13,,1.44,1.8302,5.2008,1.3347,0.92167,6.8248,22.215,6.9703,,0.9358,0.82614,7.85,,360.73,15233,3.5386,82.73,132.56,1276.49,,18.6174,4.3625,10.1266,1.5765,54.82,4.4802,4.5883,,10.4389,1.3316,33.855,18.8452,,17.936,143.27
2023-02-14,,1.4324,1.8178,5.1633,1.3321,0.91737,6.8142,22.074,6.9257,,0.92945,0.81908,7.8499,,355.47,15154,3.5063,82.83,132.11,1266.47,,18.6002,4.3485,10.1104,1.5765,54.83,4.4263,4.5553,,10.3179,1.3263,33.82,18.8475,,17.8136,142.49
2023-02-15,,1.4513,1.8279,5.2206,1.3417,0.92383,6.8438,22.118,6.964,,0.93458,0.83014,7.8489,,355.68,15253,3.5262,82.84,133.69,1284.43,,18.6665,4.3925,10.205,1.5947,55.21,4.4486,4.5802,,10.4112,1.335,34.365,18.8486,,18.0272,143.83
2023-02-16,,1.4486,1.8279,5.2421,1.3396,0.92271,6.8552,22.136,6.9617,,0.93458,0.83068,7.8491,,357.62,15134,3.5427,82.67,133.93,1286.47,,18.572,4.404,10.2349,1.5919,55.15,4.464,4.5803,,10.4131,1.3352,34.335,18.8486,,18.137,144.21
2023-02-17,,1.4645,1.8408,5.2223,1.3521,0.93139,6.8782,22.32,7.0084,,0.94118,0.83659,7.8446,,363.87,15210,3.5624,82.84,134.76,1301.95,,18.5706,4.432,10.3671,1.6116,55.37,4.4963,4.6273,,10.5396,1.3394,34.58,18.8687,,18.1318,145.04
2023-02-20,,1.448,1.8323,5.1679,1.346,0.92383,6.8569,22.197,6.9759,,0.93686,0.83135,7.8343,,358.66,15157,3.5631,82.73,134.05,1296.96,,18.4144,4.4305,10.2757,1.6008,54.97,4.444,4.6075,,10.3635,1.3359,34.39,18.8664,,18.1254,144.93
2023-02-21,,1.4551,1.834,5.1679,1.3457,0.92395,6.8803,22.252,6.982,,0.93773,0.8245,7.8437,,358.39,15187,3.6439,82.78,134.81,1300.67,,18.3876,4.4325,10.2652,1.6028,55.03,4.4522,4.6125,,10.3243,1.3383,34.6,18.8691,,18.2463,144.5
2023-02-22,,1.4634,1.8375,5.168,1.3536,0.92728,6.8928,22.237,6.9954,,0.9395,0.82624,7.8459,,359.2,15199,3.6509,82.9,134.57,1303.07,,18.4119,4.4415,10.303,1.6033,55.1,4.4573,4.6259,,10.3498,1.339,34.55,18.8754,,18.2307,144.96
2023-02-23,,1.4649,1.8423,5.1587,1.3532,0.9318,6.8978,22.312,7.011,,0.94197,0.83026,7.8458,,359.3,15204,3.6173,82.58,135.0,1296.71,,18.3225,4.434,10.3189,1.605,54.965,4.4685,4.6294,,10.4163,1.3422,34.71,18.8734,,18.2815,143.84
2023-02-24,,1.4823,1.8503,5.1687,1.3599,0.93642,6.944,22.368,7.0424,,0.94607,0.83486,7.8485,,360.08,15230,3.6817,82.76,135.81,1312.37,,18.451,4.4355,10.3472,1.6186,54.915,4.4659,4.6542,,10.4096,1.3471,34.93,18.8803,,18.4714,144.47
2023-02-27,,1.4913,1.8531,5.1969,1.3582,0.94078,6.9526,22.379,7.0519,,0.94751,0.8345,7.8471,,359.99,15274,3.6708,82.76,136.33,1322.72,,18.3605,4.4785,10.388,1.6283,55.52,4.4684,4.6616,,10.479,1.3498,35.1,18.8861,,18.436,144.31
2023-02-28,,1.4841,1.8418,5.2058,1.3571,0.93672,6.9369,22.127,7.0104,,0.94171,0.82589,7.8492,,355.66,15249,3.6558,82.61,136.76,1320.12,,18.3143,4.4875,10.3318,1.6212,55.335,4.4378,4.6332,,10.4322,1.348,35.3,18.8869,,18.4121,143.42
2023-03-01,,1.4766,1.8306,5.198,1.3601,0.9357,6.8653,21.926,6.9666,,0.93598,0.82903,7.8497,,349.66,15231,3.625,82.44,135.55,1300.1,,18.2406,4.4725,10.3299,1.5957,55.0,4.3752,4.6026,,10.3894,1.3399,34.69,18.8881,,18.1364,141.99
2023-03-02,,1.4873,1.8442,5.2091,1.3624,0.94182,6.9104,22.147,7.0172,,0.94295,0.8372,7.8495,,353.26,15320,3.6468,82.55,136.79,1312.83,,18.153,4.4755,10.4526,1.6084,55.015,4.4215,4.6415,,10.4998,1.3491,34.835,18.8892,,18.2189,142.48
2023-03-03,,1.4817,1.8425,5.2047,1.3601,0.93811,6.9078,22.146,7.0101,,0.94206,0.83401,7.8497,,356.77,15314,3.6659,81.88,136.18,1303.1,,18.0873,4.476,10.4202,1.608,54.76,4.4352,4.6382,,10.4974,1.3468,34.65,18.9006,,18.1665,141.59
2023-03-06,,1.4848,1.8371,5.1997,1.3614,0.93434,6.9324,22.116,6.9907,,0.93932,0.83252,7.8499,,354.12,15335,3.591,81.85,135.86,1297.66,,17.9804,4.478,10.4367,1.6145,54.96,4.4233,4.6219,,10.4819,1.3455,34.53,18.9029,,18.1935,140.62
2023-03-07,,1.5004,1.8338,5.1781,1.3645,0.9338,6.9362,22.03,6.9785,,0.93765,0.83421,7.8499,,353.85,15381,3.6103,81.82,136.16,1305.29,,18.0089,4.4725,10.4955,1.6155,55.06,4.3974,4.6112,,10.5284,1.3462,34.615,18.9161,,18.3755,140.55
2023-03-08,,1.5152,1.8547,5.1693,1.375,0.94177,6.9526,22.366,7.0566,,0.94832,0.8447,7.8499,,360.24,15449,3.5904,81.95,137.22,1317.78,,18.0397,4.5255,10.6406,1.6351,55.36,4.4337,4.6575,,10.7003,1.3532,35.09,18.9385,,18.5769,142.15
2023-03-09,,1.5127,1.8531,5.1357,1.3809,0.93908,6.9656,22.386,7.0514,,0.94751,0.84152,7.8499,,359.2,15439,3.608,82.07,136.27,1321.77,,17.9304,4.521,10.6798,1.6327,55.18,4.4329,4.657,,10.7414,1.3529,35.12,18.953,,18.6259,142.03
2023-03-10,,1.5175,1.8475,5.199,1.3832,0.92802,6.952,22.327,7.0305,,0.94464,0.83372,7.8495,,362.41,15495,3.6008,82.13,136.69,1320.84,,18.461,4.52,10.665,1.6335,55.167,4.4224,4.6423,,10.7609,1.3555,35.06,18.9628,,18.3497,141.79
2023-03-13,,1.5007,1.8268,5.2546,1.3773,0.9107,6.8572,22.181,6.9535,,0.93406,0.82542,7.8426,,365.17,15410,3.6254,82.24,132.6,1306.92,,18.8614,4.497,10.6382,1.6089,54.99,4.3848,4.5926,,10.6847,1.3488,34.56,18.9735,,18.1716,140.95
2023-03-14,,1.495,1.8216,5.2283,1.3681,0.91124,6.8695,22.158,6.9337,,0.93136,0.8201,7.8465,,364.63,15361,3.6264,82.36,134.2,1306.1,,18.7129,4.487,10.557,1.6018,55.075,4.366,4.584,,10.5132,1.3438,34.47,18.9746,,18.0619,140.73
2023-03-15,,1.5061,1.854,5.2775,1.3749,0.92208,6.9073,22.696,7.0572,,0.94796,0.82703,7.8487,,376.81,15502,3.6335,82.77,132.25,1321.22,,18.9311,4.4835,10.7498,1.6121,55.03,4.4554,4.6657,,10.619,1.3504,34.65,18.9847,,18.4084,142.48
2023-03-16,,1.5037,1.846,5.286,1.3747,0.92685,6.8943,22.663,7.0294,,0.94384,0.82888,7.8495,,374.17,15446,3.6706,82.8,132.31,1310.43,,19.0713,4.504,10.8058,1.6187,54.92,4.4326,4.6451,,10.5504,1.3474,34.39,18.9891,,18.3822,141.67
2023-03-17,,1.4943,1.8411,5.2595,1.3729,0.92799,6.8829,22.544,7.0084,,0.94135,0.82357,7.8497,,372.71,15374,3.6766,82.64,132.33,1308.33,,18.811,4.4855,10.752,1.6016,54.71,4.4286,4.6322,,10.5427,1.3426,34.12,19.0022,,18.3553,140.54
2023-03-20,,1.4909,1.825,5.2424,1.3688,0.92638,6.8806,22.383,6.9469,,0.9331,0.81702,7.8416,,372.5,15352,3.6726,82.57,131.35,1308.03,,18.9419,4.486,10.6569,1.5962,54.382,4.3898,4.5939,,10.41,1.3394,34.07,19.0202,,18.4623,140.06
2023-03-21,,1.4974,1.815,5.2423,1.3666,0.9252,6.8725,22.129,6.9103,,0.92799,0.81694,7.8459,,363.38,15303,3.6535,82.62,132.36,1305.07,,18.6943,4.4725,10.4979,1.6158,54.273,4.3614,4.568,,10.2997,1.3356,34.27,19.0275,,18.5281,139.29
2023-03-22,,1.4958,1.8134,5.2557,1.3706,0.9235,6.8834,21.995,6.9051,,0.92721,0.81525,7.8476,,360.27,15267,3.6353,82.6,132.71,1304.06,,18.548,4.455,10.5072,1.6098,54.412,4.3426,4.5633,,10.3417,1.3344,34.4,19.0403,,18.4079,138.99
2023-03-23,,1.493,1.7978,5.239,1.3673,0.91635,6.8308,21.746,6.8464,,0.9192,0.81371,7.8496,,353.66,15122,3.619,82.25,131.33,1283.37,,18.5605,4.418,10.3723,1.5969,54.348,4.3081,4.525,,10.3153,1.3268,34.12,19.044,,18.1806,137.79
2023-03-24,,1.5067,1.8202,5.3325,1.3789,0.91894,6.8707,22.04,6.9352,,0.93067,0.81843,7.8496,,359.98,15185,3.6068,82.42,130.15,1303.97,,18.6924,4.428,10.5226,1.6128,54.37,4.3616,4.5886,,10.4309,1.3336,34.2,19.0675,,18.2182,139.69
2023-03-27,,1.5041,1.8155,5.2318,1.3709,0.91664,6.8812,22.029,6.9168,,0.92825,0.81517,7.8498,,357.65,15148,3.5656,82.31,131.48,1299.76,,18.3912,4.4215,10.5245,1.6149,54.16,4.3493,4.586,,10.4075,1.3321,34.41,19.094,,18.3211,139.14
2023-03-28,,1.4961,1.8041,5.173,1.3655,0.91754,6.877,21.832,6.8713,,0.92242,0.81116,7.8498,,353.24,15084,3.5429,82.15,130.7,1298.72,,18.2999,4.4015,10.4455,1.6034,54.378,4.3183,4.5681,,10.3491,1.3277,34.27,19.108,,18.1744,136.61
2023-03-29,,1.4983,1.8031,5.1588,1.3588,0.91942,6.8848,21.786,6.8678,,0.92191,0.81117,7.8498,,350.14,15059,3.5686,82.33,132.37,1301.09,,18.1919,4.4185,10.4181,1.6046,54.399,4.321,4.5635,,10.4135,1.3299,34.19,19.1297,,18.1151,137.09
2023-03-30,,1.4939,1.7966,5.1011,1.354,0.91521,6.8802,21.631,6.843,,0.91861,0.80988,7.85,,349.65,15043,3.5876,82.09,132.67,1298.59,,18.0822,4.4225,10.4327,1.6041,54.351,4.3003,4.5456,,10.3837,1.3288,34.22,19.1668,,18.047,136.05
2023-03-31,,1.4959,1.7984,5.072,1.3551,0.9166,6.8748,21.602,6.8492,,0.91954,0.80846,7.8498,,348.97,14989,3.6123,82.21,133.18,1305.99,,18.059,4.4125,10.4772,1.5993,54.299,4.2943,4.5508,,10.3729,1.33,34.125,19.1844,,17.7724,136.37
2023-04-03,,1.4793,1.7993,5.0401,1.3457,0.91527,6.8843,21.564,6.8541,,0.91996,0.80764,7.8499,,348.52,14967,3.5929,82.31,132.94,1315.02,,17.987,4.419,10.351,1.59,54.63,4.3022,4.5416,,10.3804,1.3306,34.32,19.2024,,17.8664,137.72
2023-04-04,,1.4819,1.7941,5.0565,1.3431,0.91313,6.8832,21.482,6.8354,,0.91735,0.80115,7.8496,,345.68,14908,3.5644,82.19,132.96,1316.11,,18.0315,4.406,10.3059,1.5903,54.523,4.2857,4.5253,,10.3224,1.3271,34.23,19.2285,,17.8345,136.96
2023-04-05,,1.4922,1.7878,5.0729,1.3454,0.90503,6.8798,21.416,6.8097,,0.91408,0.80151,7.8498,,343.87,14928,3.5856,82.01,131.39,1311.52,,18.139,4.3985,10.4196,1.5858,54.483,4.2795,4.5077,,10.3533,1.3265,33.85,19.2523,,17.9257,136.84
2023-04-06,,1.4945,1.7918,5.0477,1.3471,0.90499,6.8726,21.447,6.8264,,0.91617,0.8016,7.8499,,344.57,14925,3.597,81.88,131.46,1318.2,,18.289,4.399,10.4311,1.5929,54.569,4.2934,4.523,,10.4329,1.3291,34.055,19.2579,,18.2253,137.15
2023-04-11,,1.5027,1.7935,5.0502,1.3509,0.90491,6.8849,21.521,6.8322,,0.91701,0.80457,7.8499,,344.09,14913,3.6425,82.09,133.22,1322.16,,18.1477,4.4185,10.5855,1.6108,55.017,4.2815,4.5277,,10.4773,1.332,34.26,19.2875,,18.2497,137.09
2023-04-12,,1.4995,1.7907,5.0023,1.3485,0.90212,6.8836,21.444,6.8216,,0.91558,0.80606,7.8499,,344.47,14881,3.675,82.12,133.76,1325.86,,18.126,4.4125,10.5059,1.6159,55.201,4.2695,4.5216,,10.39,1.3311,34.235,19.317,,18.4334,136.51
2023-04-13,,1.4837,1.7756,4.913,1.3399,0.89006,6.8777,21.127,6.7643,,0.90785,0.79944,7.85,,340.04,14730,3.6566,81.86,133.28,1308.35,,18.0876,4.4,10.4013,1.6,55.354,4.2052,4.488,,10.3392,1.3247,34.088,19.3291,,18.1307,135.36
2023-04-14,,1.475,1.7688,4.9209,1.3317,0.88876,6.8519,21.11,6.7387,,0.9044,0.79986,7.85,,337.96,14735,3.6561,81.72,132.59,1300.92,,18.0517,4.402,10.312,1.5907,55.279,4.1996,4.4698,,10.2609,1.3263,34.06,19.3742,,18.0295,135.39
2023-04-17,,1.4895,1.7811,4.9049,1.3362,0.89354,6.8694,21.259,6.7863,,0.91066,0.80478,7.8499,,338.49,14843,3.6431,82.01,133.84,1315.12,,17.988,4.422,10.3488,1.6134,55.959,4.2153,4.501,,10.3053,1.3309,34.38,19.3826,,18.1165,136.33
2023-04-18,,1.4834,1.7825,4.9124,1.3379,0.89601,6.8753,21.302,6.7912,,0.91141,0.80334,7.8499,,338.75,14873,3.6399,82.03,133.88,1317.31,,17.9707,4.434,10.4516,1.6075,56.261,4.2089,4.4985,,10.2948,1.3319,34.29,19.3957,,18.1643,136.44
2023-04-19,,1.491,1.7889,5.0163,1.3444,0.89893,6.8971,21.472,6.8155,,0.91466,0.80589,7.8493,,344.23,14991,3.6593,82.23,134.67,1334.37,,18.1155,4.442,10.5493,1.616,56.443,4.2292,4.5112,,10.3412,1.3368,34.49,19.3982,,18.2757,136.74
2023-04-20,,1.4885,1.7871,5.0698,1.3484,0.89638,6.8803,21.475,6.8096,,0.91374,0.80549,7.8497,,345.1,14953,3.657,82.18,134.74,1325.24,,18.1064,4.4375,10.6031,1.6231,56.13,4.2133,4.5055,,10.3509,1.334,34.365,19.4033,,18.1425,136.6
2023-04-21,,1.4934,1.7816,5.0494,1.3535,0.89224,6.8882,21.466,6.7888,,0.91091,0.8068,7.8482,,343.62,14960,3.6596,82.08,133.83,1328.69,,18.0017,4.4375,10.6126,1.6317,55.931,4.2,4.5008,,10.322,1.3346,34.37,19.4024,,18.1242,136.73
2023-04-24,,1.4968,1.7777,5.0707,1.3548,0.89075,6.893,21.304,6.7742,,0.90893,0.80406,7.8482,,340.98,14950,3.6579,81.92,134.68,1334.84,,18.0268,4.4375,10.5863,1.6284,55.75,4.1861,4.4808,,10.279,1.3347,34.41,19.4065,,18.1309,136.43
2023-04-25,,1.5028,1.7745,5.0562,1.3595,0.88786,6.9215,21.299,6.7619,,0.90728,0.80426,7.8498,,340.61,14937,3.6424,81.95,134.2,1338.87,,17.9676,4.4498,10.6106,1.6228,55.53,4.1644,4.4792,,10.2563,1.3369,34.43,19.4221,,18.2816,136.36
2023-04-26,,1.5151,1.7717,5.0493,1.362,0.88994,6.9231,21.267,6.7519,,0.90588,0.80225,7.8499,,340.46,14847,3.6381,81.76,133.77,1337.68,,18.0621,4.457,10.6187,1.6335,55.67,4.1605,4.4742,,10.3139,1.3357,34.18,19.4239,,18.3966,135.61
2023-04-27,,1.5099,1.7712,5.0292,1.3622,0.89314,6.9239,21.293,6.7504,,0.90563,0.80083,7.8499,,338.33,14719,3.6392,81.8,133.27,1341.12,,18.129,4.463,10.6086,1.6247,55.72,4.1569,4.4729,,10.3066,1.3357,34.11,19.4285,,18.244,135.57
2023-04-28,,1.5175,1.7811,4.997,1.3643,0.896,6.9191,21.402,6.7879,,0.91066,0.80184,7.8498,,340.39,14673,3.6371,81.83,136.01,1339.49,,18.0477,4.4605,10.7376,1.6268,55.48,4.1722,4.4897,,10.3374,1.3368,34.12,19.4527,,18.3553,135.78
2023-05-02,,1.493,1.7837,5.0026,1.3575,0.89749,6.9121,21.511,6.7978,,0.91199,0.80135,7.85,,339.24,14722,3.6222,81.85,137.44,1340.92,,17.9392,4.464,10.7269,1.61,55.369,4.1731,4.4966,,10.2978,1.3357,34.18,19.472,,18.373,136.53
2023-05-03,,1.5,1.7711,5.0277,1.3624,0.88826,6.9121,21.334,6.7476,,0.90555,0.79928,7.85,,340.15,14680,3.637,81.82,135.52,1333.6,,17.9581,4.453,10.7634,1.6044,55.314,4.1492,4.4645,,10.2567,1.3315,33.98,19.4748,,18.2613,135.92
2023-05-04,,1.4977,1.7661,4.9841,1.361,0.88514,6.9115,21.185,6.7277,,0.90302,0.79479,7.848,,337.67,14687,3.6363,81.77,134.48,1323.54,,17.8985,4.453,10.6811,1.5954,55.342,4.1453,4.4514,,10.2411,1.327,33.8,19.4889,,18.1831,135.54
2023-05-05,,1.4871,1.7757,4.99,1.3492,0.89232,6.9105,21.247,6.764,,0.90794,0.79334,7.8476,,338.19,14669,3.6462,81.71,134.19,1318.23,,17.893,4.437,10.6133,1.5878,55.23,4.1556,4.4743,,10.202,1.3256,33.75,19.497,,18.3712,136.28
2023-05-08,,1.4718,1.772,4.9482,1.3328,0.8891,6.9174,21.21,6.7476,,0.90604,0.79032,7.848,,337.23,14711,3.6361,81.8,135.14,1321.25,,17.7941,4.437,10.4653,1.5755,55.282,4.14,4.4619,,10.1488,1.3246,33.87,19.5071,,18.3519,136.36
2023-05-09,,1.4798,1.7847,5.0062,1.3394,0.89315,6.9215,21.319,6.7937,,0.91249,0.79378,7.8414,,339.16,14745,3.657,82.08,135.02,1324.85,,17.7909,4.4495,10.5621,1.5804,55.774,4.1722,4.4895,,10.2094,1.3271,33.69,19.5146,,18.4323,137.51
2023-05-10,,1.4815,1.7861,4.9769,1.3385,0.89233,6.924,21.387,6.8016,,0.91324,0.79281,7.83,,338.79,14750,3.6669,82.03,135.32,1324.01,,17.7127,4.4585,10.5466,1.5802,55.703,4.1427,4.4949,,10.2226,1.3279,33.66,19.5406,,18.7215,136.89
2023-05-11,,1.4845,1.7894,4.9605,1.3424,0.89277,6.9366,21.489,6.8146,,0.91491,0.7941,7.8382,,339.84,14711,3.6477,82.06,134.07,1328.25,,17.5884,4.4625,10.538,1.5762,55.681,4.1389,4.5125,,10.2639,1.3275,33.665,19.559,,18.9826,137.15
2023-05-12,,1.4974,1.7956,4.9434,1.3498,0.8946,6.9521,21.673,6.8384,,0.91811,0.79893,7.8429,,340.6,14809,3.6444,82.19,134.98,1335.86,,17.6338,4.479,10.6785,1.607,55.824,4.163,4.5279,,10.3218,1.3344,33.99,19.6098,,19.2279,137.99
2023-05-15,,1.4951,1.7983,4.9127,1.3501,0.89619,6.953,21.675,6.8473,,0.91946,0.7994,7.8384,,339.55,14794,3.6572,82.29,136.22,1336.7,,17.5498,4.4975,10.6501,1.6085,56.072,4.1447,4.5398,,10.3811,1.3376,33.81,19.6672,,19.0787,138.75
2023-05-16,,1.4987,1.7974,4.9021,1.3466,0.8944,6.9656,21.758,6.8439,,0.91903,0.79899,7.8387,,339.31,14826,3.6628,82.23,135.92,1340.67,,17.4453,4.499,10.6727,1.6017,56.062,4.1232,4.5472,,10.3635,1.3367,33.97,19.7059,,19.0699,138.68
2023-05-17,,1.5027,1.8061,4.9615,1.3491,0.89999,6.9962,21.823,6.8775,,0.92345,0.80243,7.8297,,342.83,14884,3.647,82.36,136.96,1337.59,,17.591,4.525,10.8316,1.5988,56.139,4.162,4.5808,,10.458,1.3429,34.265,19.7581,,19.2806,140.46
2023-05-18,,1.5061,1.8087,4.9581,1.3473,0.90031,7.027,21.902,6.8877,,0.92481,0.80357,7.8276,,345.76,14879,3.639,82.58,137.87,1333.64,,17.7065,4.5365,10.8545,1.6021,55.788,4.2014,4.5971,,10.5067,1.345,34.325,19.7873,,19.3924,140.11
2023-05-19,,1.5018,1.8096,4.955,1.3485,0.901,7.0102,21.987,6.8913,,0.92524,0.80348,7.8177,,348.57,14923,3.6397,82.74,138.37,1325.65,,17.6582,4.5385,10.8262,1.592,55.755,4.1825,4.6061,,10.5195,1.3451,34.39,19.8085,,19.3236,139.99
2023-05-22,,1.5056,1.8072,4.995,1.3508,0.89632,7.0289,21.878,6.8821,,0.92404,0.80249,7.8263,,346.27,14877,3.6548,82.86,138.27,1315.62,,17.9026,4.548,10.882,1.5923,55.769,4.1705,4.5959,,10.5124,1.3449,34.45,19.8327,,19.3254,139.81
2023-05-23,,1.5105,1.8145,4.9772,1.3518,0.90157,7.0544,21.97,6.9093,,0.92773,0.80706,7.8375,,349.24,14884,3.6883,82.82,138.42,1319.93,,17.9261,4.57,10.9398,1.6,55.712,4.1765,4.6127,,10.622,1.3477,34.73,19.8525,,19.2894,140.37
2023-05-24,,1.5208,1.8134,4.951,1.3537,0.90236,7.0473,21.948,6.9056,,0.92721,0.80661,7.8314,,345.57,14895,3.7177,82.66,138.43,1318.42,,17.8482,4.593,10.9573,1.6302,55.696,4.1632,4.6003,,10.6725,1.3469,34.465,19.8878,,19.2378,140.29
2023-05-25,,1.5317,1.8219,4.9669,1.3599,0.90433,7.0695,22.026,6.9401,,0.93153,0.8085,7.8334,,346.81,14943,3.7163,82.73,139.39,1326.78,,17.7734,4.6255,10.9637,1.6446,56.015,4.2021,4.6106,,10.7583,1.3521,34.61,19.9292,,19.3265,140.38
2023-05-26,,1.5291,1.8192,5.0114,1.3608,0.90289,7.0574,21.996,6.9286,,0.93015,0.80749,7.8346,,345.65,14962,3.7373,82.6,139.75,1325.89,,17.737,4.601,10.996,1.6423,55.819,4.2186,4.6109,,10.7227,1.3506,34.66,20.03,,19.547,139.06
2023-05-29,,1.5291,1.8253,4.9893,1.3592,0.90369,7.0761,22.112,6.9521,,0.93327,0.81013,7.8301,,346.66,14960,3.7198,82.61,140.26,1323.34,,17.5939,4.605,11.1223,1.6497,56.068,4.2184,4.629,,10.8218,1.3531,34.75,20.102,,19.6556,139.34
2023-05-30,,1.5262,1.8204,5.0034,1.3576,0.9019,7.0728,22.067,6.9328,,0.93075,0.80384,7.833,,344.75,14972,3.7128,82.65,139.62,1317.24,,17.5414,4.6015,11.0522,1.6489,56.286,4.2103,4.6193,,10.8284,1.3496,34.68,20.395,,19.664,138.96
2023-05-31,,1.5442,1.8308,5.0817,1.365,0.91023,7.1072,22.223,6.9718,,0.93607,0.80881,7.8345,,347.14,15005,3.7174,82.69,139.6,1325.74,,17.7163,4.6155,11.237,1.6655,56.214,4.2467,4.6518,,10.8844,1.3542,34.76,20.717,,19.7838,140.13
2023-06-01,,1.5338,1.8284,5.0511,1.3568,0.90979,7.111,22.144,6.9624,,0.93484,0.80231,7.8327,,346.28,14925,3.7366,82.46,139.53,1321.15,,17.64,4.6135,11.1872,1.6617,56.144,4.2451,4.641,,10.8867,1.3523,34.78,20.802,,19.7784,139.95
2023-06-02,,1.5096,1.8172,4.9941,1.3419,0.90662,7.0673,21.98,6.9207,,0.92911,0.79838,7.8367,,345.03,14843,3.7453,82.36,138.86,1302.29,,17.5162,4.5775,11.0053,1.6401,55.869,4.1787,4.6104,,10.7317,1.3448,34.61,20.881,,19.4611,139.46
2023-06-05,,1.5172,1.8296,4.9541,1.344,0.91038,7.1152,22.051,6.9676,,0.93545,0.80751,7.8379,,345.44,14870,3.7414,82.63,140.28,1306.35,,17.5561,4.5775,11.0641,1.6522,56.19,4.1848,4.6448,,10.8906,1.3518,34.88,21.231,,19.3508,141.16
2023-06-06,,1.5013,1.8308,4.9179,1.3425,0.9078,7.1179,22.016,6.9731,,0.93607,0.80598,7.8421,,345.06,14875,3.7002,82.59,139.56,1300.13,,17.4517,4.6075,11.1181,1.6455,56.224,4.2043,4.6421,,10.8785,1.349,34.785,21.507,,19.2446,141.44
2023-06-07,,1.4933,1.825,4.9087,1.3391,0.90548,7.1135,22.044,6.951,,0.9331,0.80218,7.8407,,344.06,14838,3.6526,82.5,139.42,1300.77,,17.3629,4.5975,11.0082,1.646,55.988,4.1705,4.6269,,10.8477,1.3466,34.74,23.133,,19.0342,140.43
2023-06-08,,1.4959,1.8216,4.9237,1.3358,0.90817,7.1287,22.003,6.9384,,0.93136,0.80202,7.8351,,343.35,14882,3.6636,82.54,139.69,1303.77,,17.3408,4.6185,10.9509,1.6481,56.094,4.1714,4.613,,10.8485,1.3467,34.84,23.366,,18.9327,139.24
2023-06-09,,1.4864,1.8143,4.9133,1.3323,0.9013,7.1279,21.954,6.9114,,0.92764,0.79587,7.8379,,342.05,14840,3.6007,82.46,139.37,1290.45,,17.38,4.614,10.7718,1.6352,56.054,4.1378,4.598,,10.8284,1.3432,34.58,23.306,,18.7208,138.68
2023-06-12,,1.4789,1.8168,4.8815,1.3337,0.90581,7.1424,22.071,6.9224,,0.92894,0.79589,7.8333,,341.99,14860,3.5882,82.42,139.37,1287.28,,17.2779,4.62,10.8072,1.6294,56.039,4.124,4.6046,,10.7928,1.343,34.59,23.583,,18.5629,138.88
2023-06-13,,1.4752,1.8121,4.8614,1.3345,0.90651,7.1497,22.063,6.9048,,0.92653,0.79542,7.8338,,343.86,14866,3.5705,82.33,139.55,1272.8,,17.2941,4.617,10.7695,1.6274,55.825,4.1462,4.5981,,10.7848,1.3404,34.54,23.67,,18.6315,138.52
2023-06-14,,1.4724,1.8094,4.856,1.3302,0.90212,7.1573,22.015,6.8951,,0.92515,0.79059,7.831,,343.05,14895,3.6018,82.05,139.89,1277.56,,17.2183,4.6215,10.6171,1.6191,55.914,4.1218,4.5851,,10.6953,1.3414,34.71,23.582,,18.4217,137.57
2023-06-15,,1.4719,1.8077,4.8289,1.3324,0.90221,7.1625,21.953,6.8882,,0.9243,0.79078,7.8252,,347.56,14982,3.5872,82.24,141.29,1282.56,,17.1764,4.626,10.6318,1.623,56.048,4.131,4.5825,,10.7409,1.3442,34.84,23.672,,18.4169,138.0
2023-06-16,,1.4537,1.7835,4.814,1.3223,0.89094,7.122,21.719,6.7942,,0.91191,0.77903,7.8241,,340.14,14944,3.5586,81.89,141.03,1274.55,,17.123,4.6145,10.5025,1.6041,55.851,4.0788,4.524,,10.5713,1.3357,34.61,23.663,,18.1489,136.33
2023-06-19,,1.4616,1.7907,4.8149,1.3194,0.89471,7.1582,21.771,6.8209,,0.91558,0.7807,7.8172,,342.79,14998,3.6081,81.95,141.86,1282.67,,17.1002,4.6275,10.6514,1.6137,55.743,4.0808,4.5402,,10.7071,1.341,34.78,23.645,,18.1741,136.51
2023-06-20,,1.4744,1.7889,4.7906,1.3238,0.8971,7.1766,21.729,6.8134,,0.91466,0.78391,7.8258,,340.76,15010,3.606,82.09,141.32,1286.32,,17.1034,4.64,10.7157,1.6202,55.578,4.0669,4.5394,,10.7546,1.3435,34.74,23.57,,18.268,136.38
2023-06-21,,1.4789,1.7905,4.7856,1.3215,0.89746,7.1884,21.755,6.8185,,0.9155,0.78575,7.8284,,338.64,14951,3.6074,82.01,141.8,1294.41,,17.1558,4.645,10.7544,1.6202,55.614,4.0582,4.5432,,10.7629,1.3438,34.84,23.559,,18.3814,135.77
2023-06-22,,1.4742,1.7804,4.7639,1.3166,0.8944,7.1794,21.559,6.7807,,0.91033,0.78393,7.8277,,336.3,14953,3.6274,81.96,142.06,1296.88,,17.1535,4.651,10.5589,1.6111,55.651,4.0285,4.5181,,10.6713,1.3419,35.08,24.238,,18.4415,135.18
2023-06-23,,1.4962,1.7969,4.7992,1.3212,0.89792,7.1794,21.733,6.8435,,0.91878,0.78536,7.8295,,339.86,15011,3.6201,81.97,143.18,1310.11,,17.246,4.6765,10.8935,1.6316,55.766,4.0645,4.5515,,10.7268,1.353,35.21,25.246,,18.711,136.81
2023-06-26,,1.4972,1.7914,4.779,1.3147,0.89183,7.2332,21.661,6.8197,,0.91592,0.78657,7.8294,,338.07,15056,3.6238,82.03,143.26,1305.71,,17.1151,4.6735,10.7236,1.6203,55.746,4.0633,4.5394,,10.7002,1.3524,35.17,25.903,,18.606,136.38
2023-06-27,,1.4947,1.786,4.7768,1.3157,0.89389,7.2118,21.559,6.8007,,0.91316,0.78523,7.8333,,336.5,15001,3.6371,81.99,143.49,1300.52,,17.0844,4.666,10.7354,1.6199,55.289,4.0437,4.5302,,10.7209,1.3485,35.25,26.042,,18.4668,135.97
2023-06-28,,1.5108,1.7881,4.84,1.3248,0.89797,7.2465,21.652,6.8083,,0.91424,0.79009,7.8321,,339.85,14993,3.6764,82.05,144.29,1311.33,,17.0813,4.6715,10.8242,1.6449,55.22,4.0924,4.535,,10.7835,1.353,35.61,26.071,,18.7265,135.77
2023-06-29,,1.5067,1.7881,4.846,1.3259,0.8944,7.2353,21.655,6.8089,,0.91424,0.78991,7.8363,,339.09,15001,3.6971,82.02,144.21,1315.39,,17.0814,4.6715,10.7556,1.6399,55.275,4.067,4.5381,,10.8041,1.3522,35.59,26.037,,18.7091,136.31
2023-06-30,,1.5091,1.7999,4.8581,1.3266,0.90079,7.2688,21.85,6.8539,,0.9203,0.78988,7.837,,342.29,15079,3.7259,82.1,144.63,1321.44,,17.0821,4.6675,10.7712,1.6435,55.294,4.085,4.5679,,10.8646,1.3558,35.415,26.062,,18.938,136.85
2023-07-03,,1.5032,1.7945,4.7787,1.325,0.89917,7.249,21.755,6.8326,,0.91752,0.78888,7.8358,,344.1,15059,3.7129,81.95,144.79,1308.14,,17.1218,4.6675,10.7299,1.629,55.299,4.0724,4.5446,,10.857,1.3521,35.18,26.078,,18.7577,137.17
2023-07-04,,1.4948,1.7951,4.7997,1.322,0.89601,7.2185,21.749,6.8361,,0.91785,0.78635,7.8306,,344.55,15013,3.7027,82.02,144.41,1298.4,,17.0411,4.652,10.6432,1.6158,55.223,4.0583,4.542,,10.8417,1.3487,34.91,26.054,,18.6462,136.85
2023-07-05,,1.501,1.7978,4.8656,1.328,0.89916,7.2431,21.854,6.8464,,0.9192,0.78762,7.8231,,347.83,15057,3.6988,82.29,144.55,1300.94,,17.0606,4.653,10.7046,1.6169,55.454,4.0958,4.5514,,10.8737,1.3525,34.91,26.09,,18.7416,137.24
2023-07-06,,1.4963,1.7945,4.856,1.3294,0.89522,7.2319,21.873,6.8348,,0.91752,0.78273,7.8208,,351.36,15067,3.6964,82.44,143.66,1302.68,,17.0666,4.662,10.6771,1.6086,55.549,4.1062,4.5421,,10.9226,1.3498,35.02,26.015,,18.9265,136.07
2023-07-07,,1.5077,1.7963,4.9161,1.337,0.89585,7.2348,21.992,6.8438,,0.91844,0.78341,7.8281,,356.66,15174,3.7131,82.71,143.29,1305.94,,17.256,4.6695,10.7536,1.6205,55.561,4.1181,4.5515,,10.9364,1.3517,35.23,26.068,,19.0963,134.92
2023-07-10,,1.5049,1.7851,4.86,1.3282,0.8902,7.2372,21.763,6.801,,0.91274,0.78252,7.8298,,349.26,15203,3.7046,82.6,142.14,1304.77,,17.1179,4.67,10.5545,1.6162,55.674,4.0624,4.5172,,10.8384,1.3484,35.12,26.095,,18.8499,134.45
2023-07-11,,1.5009,1.7798,4.8848,1.3275,0.88206,7.202,21.708,6.7821,,0.91,0.7745,7.8281,,345.35,15177,3.7054,82.42,140.39,1294.26,,17.0676,4.6575,10.4213,1.6167,55.316,4.0552,4.5036,,10.7016,1.3421,34.77,26.108,,18.6505,133.68
2023-07-12,,1.4951,1.7745,4.8518,1.3223,0.87852,7.1923,21.619,6.7614,,0.90728,0.77461,7.8269,,341.57,15069,3.6699,82.31,139.58,1289.06,,17.0101,4.651,10.2803,1.6166,54.857,4.0349,4.4906,,10.597,1.3383,34.87,26.144,,18.4513,133.28
2023-07-13,,1.4576,1.7491,4.8066,1.3159,0.86246,7.1631,21.241,6.6646,,0.89429,0.7651,7.8234,,335.49,14959,3.611,82.09,138.47,1268.71,,16.9243,4.5859,10.059,1.5722,54.355,3.9638,4.4208,,10.2933,1.325,34.58,26.156,,18.0782,131.37
2023-07-14,,1.4571,1.743,4.7988,1.3125,0.85991,7.1363,21.19,6.6379,,0.89119,0.76277,7.8152,,333.79,14970,3.6092,82.17,138.59,1268.18,,16.8877,4.526,9.9906,1.5675,54.483,3.9649,4.4059,,10.2424,1.3207,34.635,26.189,,18.0046,130.92
2023-07-17,,1.4681,1.7416,4.805,1.3219,0.85948,7.1645,21.155,6.6344,,0.89047,0.76467,7.8139,,332.17,14998,3.6418,82.02,138.36,1266.18,,16.7833,4.5405,10.0107,1.5785,54.43,3.9633,4.4002,,10.2291,1.3214,34.6,26.315,,18.0392,130.81
2023-07-18,,1.4681,1.7377,4.798,1.3205,0.85713,7.1741,21.162,6.6201,,0.88849,0.76267,7.8115,,332.01,14984,3.6188,82.03,138.07,1261.24,,16.7063,4.5425,10.0751,1.5911,54.43,3.9501,4.3874,,10.2212,1.3208,34.15,26.968,,17.9049,129.99
2023-07-19,,1.4776,1.7428,4.8116,1.3184,0.85796,7.2192,21.322,6.6394,,0.89111,0.77453,7.8072,,334.17,14998,3.5854,82.08,139.69,1265.66,,16.7634,4.5425,10.0392,1.5994,54.6,3.9661,4.4056,,10.2263,1.3255,34.155,26.932,,17.9175,130.55
2023-07-20,,1.4661,1.7467,4.7928,1.3143,0.8605,7.1662,21.399,6.6543,,0.8931,0.77628,7.8115,,338.7,14984,3.5943,81.97,139.64,1271.08,,16.79,4.543,9.9629,1.595,54.54,3.9754,4.4101,,10.2523,1.3224,33.96,26.913,,17.8307,130.66
2023-07-21,,1.4843,1.7583,4.8042,1.3187,0.86577,7.1797,21.633,6.6986,,0.89904,0.77952,7.8168,,341.9,15027,3.6154,81.97,141.72,1285.19,,16.9497,4.5615,10.049,1.6166,54.73,4.0082,4.4383,,10.3854,1.3299,34.37,26.937,,18.0149,131.53
2023-07-24,,1.4842,1.7626,4.7748,1.3189,0.86473,7.1872,21.755,6.7154,,0.90123,0.77821,7.8125,,341.01,15021,3.6172,81.81,141.01,1280.52,,16.8828,4.5725,10.087,1.6121,54.605,4.0068,4.4376,,10.4087,1.3304,34.39,26.954,,17.8377,131.85
2023-07-25,,1.4775,1.7698,4.7216,1.3177,0.86852,7.141,21.76,6.7428,,0.9049,0.77955,7.8125,,342.35,15028,3.7016,81.84,141.33,1275.57,,16.8081,4.5625,10.0991,1.6094,54.539,4.0053,4.4542,,10.4018,1.3281,34.49,26.952,,17.5781,131.84
2023-07-26,,1.483,1.7685,4.7383,1.322,0.86346,7.1534,21.747,6.7381,,0.90424,0.77489,7.8043,,347.35,15047,3.7062,82.03,140.43,1275.48,,16.8824,4.5495,10.1275,1.6108,54.635,3.9967,4.4568,,10.4271,1.3276,34.28,26.948,,17.7051,131.57
2023-07-27,,1.4726,1.758,4.7341,1.3172,0.85771,7.147,21.602,6.6982,,0.89888,0.772,7.8011,,340.7,15003,3.7115,81.92,140.18,1279.08,,16.7809,4.522,10.0022,1.5997,54.57,3.9789,4.4315,,10.3357,1.3238,34.09,26.946,,17.5135,130.79
2023-07-28,,1.4994,1.7764,4.7226,1.3218,0.86776,7.157,21.824,6.769,,0.90827,0.77711,7.7988,,348.1,15095,3.6982,82.2,139.28,1277.68,,16.7098,4.5545,10.1435,1.6217,54.864,4.0066,4.4785,,10.4946,1.3309,34.38,26.955,,17.6484,131.61
2023-07-31,,1.4911,1.7743,4.7202,1.3214,0.87263,7.1494,21.682,6.7612,,0.90719,0.77805,7.7988,,351.02,15080,3.6935,82.26,142.18,1275.05,,16.7004,4.509,10.1429,1.6124,54.905,3.998,4.4769,,10.5139,1.3299,34.23,26.955,,17.7366,130.91
2023-08-01,,1.5093,1.7829,4.7537,1.3281,0.87603,7.1668,21.833,6.7929,,0.91158,0.78273,7.7947,,354.83,15120,3.6465,82.28,142.98,1288.57,,16.7984,4.5185,10.2197,1.6257,54.86,4.0386,4.4958,,10.6195,1.3346,34.255,26.965,,18.1175,131.54
2023-08-02,,1.5194,1.7804,4.7848,1.331,0.87774,7.1761,21.783,6.7836,,0.91033,0.78323,7.7996,,352.19,15181,3.6557,82.55,142.81,1295.19,,16.8641,4.544,10.1607,1.635,55.169,4.0487,4.4917,,10.6336,1.3376,34.275,26.965,,18.3505,131.73
2023-08-03,,1.532,1.7891,4.8478,1.3373,0.87623,7.1713,21.985,6.8164,,0.91475,0.79096,7.8056,,357.53,15168,3.6947,82.78,142.92,1301.49,,17.2241,4.555,10.3151,1.6452,55.565,4.0796,4.5179,,10.7405,1.3427,34.625,26.964,,18.6334,132.36
2023-08-04,,1.5251,1.7868,4.9086,1.3382,0.87685,7.1863,22.163,6.8074,,0.91358,0.78744,7.8097,,357.88,15188,3.686,82.89,142.62,1311.35,,17.3183,4.555,10.2191,1.6453,55.795,4.064,4.5249,,10.6888,1.343,34.79,26.991,,18.6561,132.38
2023-08-07,,1.5218,1.7806,4.8806,1.3372,0.87627,7.1901,22.054,6.784,,0.91042,0.78444,7.8063,,354.61,15193,3.6722,82.73,142.22,1307.7,,17.0694,4.559,10.1498,1.6391,56.131,4.0184,4.5056,,10.6177,1.341,34.82,27.001,,18.6062,132.1
2023-08-08,,1.5376,1.7871,4.9315,1.3482,0.87719,7.214,22.149,6.8088,,0.91374,0.78726,7.8117,,354.99,15228,3.7052,82.84,143.05,1320.19,,17.1944,4.5825,10.3207,1.6553,56.421,4.0662,4.5228,,10.731,1.3492,35.04,27.021,,18.9026,132.4
2023-08-09,,1.5298,1.7832,4.8928,1.3439,0.87774,7.2055,22.149,6.7935,,0.91174,0.78574,7.8197,,354.16,15191,3.7156,82.86,143.46,1314.25,,17.1504,4.572,10.2173,1.6505,56.28,4.0728,4.5113,,10.6852,1.3458,34.975,27.03,,19.0481,131.75
2023-08-10,,1.5216,1.7749,4.889,1.3399,0.87286,7.2088,21.983,6.7621,,0.90752,0.78331,7.8162,,349.51,15174,3.7186,82.68,143.78,1312.57,,17.0123,4.571,10.1447,1.6447,56.103,4.0428,4.4861,,10.6126,1.3455,35.015,27.039,,18.7739,131.14
2023-08-11,,1.5313,1.7774,4.876,1.3441,0.87395,7.2323,21.904,6.7712,,0.90876,0.78531,7.816,,347.87,15278,3.7254,82.79,144.47,1326.16,,17.0022,4.587,10.3803,1.6629,56.502,4.032,4.4899,,10.7302,1.3495,35.03,27.047,,18.8241,131.5
2023-08-14,,1.5419,1.7894,4.9189,1.3449,0.87905,7.2604,21.993,6.8175,,0.91491,0.78879,7.8187,,350.21,15309,3.7231,83.09,145.18,1335.22,,17.0365,4.617,10.4611,1.6747,56.845,4.0618,4.5213,,10.833,1.3553,35.2,27.052,,19.0192,132.39
2023-08-15,,1.5457,1.79,4.9693,1.3493,0.87736,7.2858,22.092,6.8203,,0.91525,0.7867,7.8237,,355.56,15340,3.7668,83.34,145.56,1336.9,,17.1269,4.6357,10.4984,1.6754,56.859,4.1084,4.5209,,10.8356,1.3572,35.39,27.059,,19.2028,132.07
2023-08-16,,1.5477,1.7917,4.9722,1.349,0.8799,7.2973,22.041,6.8267,,0.91609,0.78458,7.8294,,353.11,15285,3.7497,83.22,145.72,1338.5,,17.0785,4.6295,10.4919,1.6748,56.662,4.0791,4.5216,,10.8355,1.3578,35.36,27.062,,19.116,132.01
2023-08-17,,1.5533,1.7943,4.9658,1.3503,0.87661,7.2832,22.09,6.8365,,0.91743,0.78344,7.8273,,352.96,15346,3.7729,83.03,145.76,1337.87,,17.0785,4.6525,10.5491,1.6787,56.64,4.1026,4.5307,,10.8868,1.3572,35.36,27.099,,19.0294,132.2
2023-08-18,,1.5643,1.7998,4.9762,1.3558,0.88074,7.2878,22.119,6.8569,,0.92022,0.78672,7.8315,,352.99,15319,3.7954,83.08,145.5,1340.79,,17.0775,4.6475,10.6561,1.6886,56.341,4.1132,4.5503,,10.9858,1.3574,35.35,27.104,,19.0605,132.24
2023-08-21,,1.558,1.793,4.9633,1.3497,0.87899,7.2842,22.021,6.832,,0.91676,0.7836,7.8372,,349.95,15326,3.7949,83.11,145.9,1338.76,,17.045,4.6485,10.5615,1.6875,56.42,4.1057,4.5293,,10.9181,1.356,35.125,27.164,,18.9549,131.74
2023-08-22,,1.5503,1.7965,4.95,1.3517,0.87857,7.2919,22.045,6.8462,,0.91853,0.78339,7.8376,,350.9,15338,3.7723,82.96,145.77,1336.08,,16.9214,4.648,10.581,1.6776,56.261,4.1006,4.5353,,10.8965,1.3552,35.02,27.201,,18.7315,131.99
2023-08-23,,1.5585,1.8101,4.9335,1.3574,0.88144,7.2925,22.334,6.8978,,0.9255,0.79272,7.8404,,354.77,15293,3.7868,82.67,145.56,1340.36,,16.8863,4.6565,10.7108,1.6866,56.78,4.1437,4.5727,,11.0191,1.3584,35.11,27.217,,18.7043,132.44
2023-08-24,,1.5533,1.8042,4.8768,1.3548,0.8821,7.2817,22.26,6.8763,,0.92251,0.79013,7.8422,,354.46,15245,3.7755,82.58,145.72,1322.0,,16.8303,4.645,10.6804,1.6851,56.725,4.1299,4.5533,,10.994,1.3543,35.02,26.339,,18.679,132.01
2023-08-25,,1.5552,1.8096,4.8597,1.3575,0.8849,7.2893,22.314,6.8965,,0.92524,0.7924,7.8433,,353.24,15286,3.7933,82.62,145.96,1323.63,,16.7693,4.64,10.6569,1.6884,56.65,4.1349,4.5698,,11.0057,1.3546,35.065,26.477,,18.651,132.4
2023-08-28,,1.558,1.8096,4.8698,1.3595,0.88444,7.2929,22.333,6.8958,,0.92524,0.794,7.845,,354.02,15288,3.8009,82.62,146.51,1326.55,,16.7012,4.6545,10.7055,1.6916,56.7,4.1391,4.567,,11.0104,1.3563,35.275,26.558,,18.6528,131.66
2023-08-29,,1.5581,1.8104,4.884,1.3628,0.88475,7.2943,22.367,6.8989,,0.92567,0.79478,7.8469,,353.84,15258,3.807,82.78,147.12,1326.4,,16.7823,4.6455,10.7049,1.6946,56.75,4.1396,4.5745,,10.9988,1.356,35.2,26.627,,18.5597,131.35
2023-08-30,,1.5446,1.7966,4.8573,1.3562,0.87893,7.2889,22.145,6.8465,,0.91861,0.78927,7.8474,,348.93,15240,3.7982,82.69,146.2,1324.7,,16.7626,4.64,10.6063,1.6765,56.77,4.1088,4.5398,,10.8773,1.3525,35.04,26.749,,18.5716,131.09
2023-08-31,,1.5444,1.7996,4.8842,1.3545,0.88185,7.2871,22.149,6.8571,,0.92013,0.78872,7.8441,,349.77,15230,3.7995,82.75,145.83,1324.59,,16.7341,4.64,10.6551,1.6801,56.63,4.1105,4.5473,,10.8971,1.3513,34.97,26.67,,18.7891,130.93
2023-09-01,,1.5434,1.8036,4.9331,1.3515,0.88288,7.2555,22.241,6.8727,,0.92217,0.7888,7.8447,,353.86,15240,3.7959,82.72,145.21,1317.13,,17.0775,4.6475,10.592,1.675,56.54,4.1207,4.561,,10.9701,1.3501,34.965,26.72,,18.6933,131.41
2023-09-04,,1.5469,1.8108,4.9373,1.3597,0.88399,7.2704,22.32,6.9,,0.92584,0.79206,7.8345,,354.64,15245,3.8146,82.68,146.38,1317.63,,17.0684,4.655,10.6476,1.6823,56.61,4.1351,4.5792,,11.0184,1.3538,35.21,26.779,,18.9427,132.49
2023-09-05,,1.5711,1.8226,4.9561,1.3654,0.88976,7.3041,22.515,6.9456,,0.93188,0.79708,7.8403,,359.71,15273,3.795,83.03,147.42,1333.75,,17.2571,4.665,10.7572,1.7051,57.04,4.1832,4.6124,,11.1029,1.3618,35.485,26.79,,19.2004,134.1
2023-09-06,,1.5636,1.8202,4.9792,1.3643,0.88981,7.3035,22.538,6.9393,,0.93067,0.79575,7.8419,,362.17,15293,3.8066,83.15,147.21,1331.62,,17.5389,4.674,10.6952,1.696,57.01,4.1889,4.6164,,11.0847,1.361,35.52,26.777,,19.2369,133.92
2023-09-07,,1.5655,1.8261,4.9795,1.3655,0.89234,7.3285,22.754,6.9654,,0.93371,0.80205,7.8395,,361.89,15325,3.8473,83.19,147.25,1336.79,,17.4542,4.6785,10.7194,1.6987,56.79,4.2841,4.6312,,11.12,1.3644,35.6,26.83,,19.1615,134.36
2023-09-08,,1.5642,1.8272,4.9737,1.3661,0.89154,7.3398,22.844,6.9685,,0.93423,0.80096,7.8396,,360.33,15357,3.8455,83.02,147.46,1334.56,,17.4719,4.6765,10.6708,1.6935,56.67,4.3174,4.6366,,11.1211,1.3644,35.54,26.849,,19.0929,133.88
2023-09-11,,1.5531,1.8238,4.9613,1.3582,0.89146,7.2949,22.853,6.9547,,0.93249,0.79868,7.8324,,358.17,15365,3.8344,82.96,146.55,1329.67,,17.5495,4.6745,10.6527,1.6878,56.73,4.3303,4.6284,,11.0775,1.3609,35.48,26.874,,18.8997,134.0
2023-09-12,,1.5572,1.8256,4.9398,1.3582,0.89247,7.2916,22.967,6.9636,,0.93345,0.80206,7.8296,,359.45,15367,3.8028,82.92,146.94,1327.94,,17.3332,4.677,10.6917,1.6942,56.65,4.3499,4.6402,,11.0963,1.3626,35.685,26.898,,18.9751,134.14
2023-09-13,,1.5617,1.8222,4.9502,1.3562,0.89341,7.2807,22.815,6.9514,,0.93171,0.80211,7.8248,,358.1,15376,3.8213,83.0,147.47,1328.84,,17.2573,4.68,10.6944,1.6946,56.74,4.3085,4.6281,,11.1316,1.3617,35.775,26.941,,18.9416,133.89
2023-09-14,,1.5515,1.8227,4.907,1.3518,0.89357,7.278,22.803,6.9526,,0.93197,0.80144,7.8283,,358.15,15355,3.8221,82.99,147.37,1325.67,,17.1555,4.682,10.7212,1.6866,56.69,4.3127,4.6322,,11.137,1.3608,35.775,26.952,,18.9292,135.41
2023-09-15,,1.5479,1.8351,4.8658,1.3519,0.89642,7.2773,22.984,6.9969,,0.93826,0.80576,7.8266,,360.06,15368,3.8068,83.15,147.78,1328.37,,17.1022,4.684,10.7168,1.6896,56.87,4.3449,4.663,,11.14,1.3627,35.79,26.976,,19.0439,136.33
2023-09-18,,1.5544,1.8342,4.8678,1.3505,0.89693,7.2959,22.888,6.9916,,0.93782,0.80785,7.8201,,360.25,15370,3.8273,83.31,147.65,1325.6,,17.092,4.689,10.8495,1.6944,56.77,4.3499,4.66,,11.2419,1.3646,35.705,27.02,,19.0331,136.08
2023-09-19,,1.5463,1.8256,4.8459,1.3416,0.89564,7.2912,22.806,6.9589,,0.93345,0.80522,7.8182,,357.74,15380,3.8015,83.21,147.67,1324.54,,17.083,4.696,10.7258,1.6823,56.645,4.345,4.639,,11.0935,1.3625,35.93,27.033,,18.9331,135.26
2023-09-20,,1.5416,1.8275,4.8572,1.3424,0.89712,7.2939,22.788,6.9639,,0.9344,0.80854,7.8227,,358.53,15358,3.8081,83.08,147.9,1327.22,,17.033,4.6855,10.7288,1.6769,56.721,4.3359,4.6455,,11.101,1.3625,36.06,27.036,,18.8367,135.77
2023-09-21,,1.5625,1.839,4.8982,1.351,0.90531,7.3056,22.978,7.0096,,0.94029,0.81535,7.8214,,364.63,15375,3.8096,83.09,147.95,1340.9,,17.151,4.6915,10.8387,1.6929,56.921,4.3507,4.674,,11.2139,1.369,36.19,27.123,,18.9488,136.81
2023-09-22,,1.5494,1.8369,4.9117,1.3434,0.90636,7.304,22.88,7.0026,,0.93923,0.81521,7.8202,,363.2,15375,3.8071,82.93,148.28,1332.99,,17.156,4.6875,10.7326,1.6749,56.758,4.3134,4.6667,,11.1571,1.3646,35.96,27.165,,18.7818,136.47
2023-09-25,,1.5559,1.8394,4.939,1.3459,0.91,7.3101,22.926,7.0132,,0.94047,0.81788,7.8177,,367.8,15381,3.8031,83.12,148.67,1338.25,,17.2363,4.685,10.7496,1.6762,56.753,4.3161,4.6722,,11.0298,1.3659,36.11,27.209,,18.7539,136.84
2023-09-26,,1.5595,1.8442,4.9713,1.3501,0.91231,7.3095,23.018,7.0321,,0.94295,0.82056,7.821,,366.69,15490,3.82,83.26,148.86,1348.53,,17.4273,4.69,10.7874,1.6768,57.007,4.3463,4.6865,,10.9892,1.3673,36.35,27.269,,18.9901,136.82
2023-09-27,,1.57,1.8563,5.0034,1.353,0.91875,7.3112,23.225,7.0773,,0.94913,0.82394,7.8205,,370.97,15551,3.8455,83.19,149.2,1352.69,,17.6181,4.708,10.783,1.6875,56.99,4.3897,4.7214,,11.0341,1.3714,36.58,27.304,,19.1932,137.53
2023-09-28,,1.564,1.8558,5.0399,1.3479,0.9183,7.3049,23.131,7.0745,,0.94886,0.81918,7.8272,,372.28,15545,3.8486,83.16,149.28,1353.74,,17.643,4.708,10.7373,1.6793,56.92,4.3973,4.7209,,11.0129,1.3693,36.68,27.417,,19.1384,137.49
2023-09-29,,1.5423,1.8461,5.009,1.3429,0.91269,7.3015,22.974,7.039,,0.94393,0.8161,7.8308,,367.66,15465,3.8203,83.08,149.24,1345.35,,17.4655,4.6952,10.6225,1.659,56.607,4.3688,4.6946,,10.8859,1.3633,36.51,27.422,,18.861,136.78
2023-10-02,,1.5643,1.8574,5.057,1.3613,0.91491,7.3015,23.229,7.0831,,0.94967,0.82268,7.8325,,369.04,15549,3.8327,83.17,149.73,1355.76,,17.5245,4.717,10.7526,1.6753,56.787,4.3802,4.7244,,11.0003,1.3722,36.94,27.462,,19.1368,139.13
2023-10-03,,1.5868,1.8682,5.0979,1.3721,0.92272,7.3015,23.397,7.1243,,0.9552,0.82888,7.8319,,369.4,15605,3.8484,83.22,149.98,1361.46,,17.7691,4.7235,10.9139,1.6955,56.79,4.4159,4.7524,,11.1162,1.3748,37.06,27.499,,19.3333,139.36
2023-10-04,,1.5828,1.8632,5.14,1.371,0.91779,7.3015,23.271,7.1057,,0.95265,0.82488,7.83,,368.98,15630,3.8622,83.26,149.07,1354.78,,17.9576,4.731,10.9684,1.695,56.69,4.4087,4.7397,,11.037,1.372,37.0,27.57,,19.2836,138.8
2023-10-05,,1.5751,1.8581,5.1655,1.3755,0.9144,7.3015,23.196,7.0851,,0.95003,0.82277,7.8294,,367.74,15605,3.8635,83.25,148.88,1349.46,,18.0704,4.7275,10.9921,1.683,56.68,4.369,4.7219,,11.018,1.37,36.94,27.557,,19.5592,138.04
2023-10-06,,1.5727,1.8516,5.1722,1.372,0.91158,7.3049,23.121,7.06,,0.9467,0.81899,7.8319,,366.19,15641,3.856,83.15,149.08,1347.18,,18.2744,4.7135,10.9902,1.6767,56.625,4.3532,4.6999,,10.986,1.3667,36.99,27.617,,19.4017,137.18
2023-10-09,,1.5712,1.8572,5.1643,1.3655,0.90979,7.2912,23.243,7.0811,,0.94958,0.82157,7.83,,368.96,15690,3.9271,83.3,149.14,1352.59,,18.2715,4.732,10.9038,1.6724,56.89,4.3489,4.7161,,11.0232,1.3692,37.11,27.702,,19.3809,137.78
2023-10-10,,1.5628,1.8482,5.123,1.3596,0.90616,7.299,23.215,7.0463,,0.945,0.81639,7.8193,,366.07,15730,3.9491,83.24,149.04,1349.08,,18.1937,4.73,10.8642,1.6643,56.84,4.3059,4.6923,,10.9625,1.3665,36.72,27.725,,19.1627,138.25
2023-10-11,,1.5588,1.8444,5.0416,1.3607,0.90306,7.3022,23.164,7.032,,0.94304,0.81351,7.8194,,364.53,15722,3.9548,83.18,148.88,1340.31,,17.8705,4.7185,10.8405,1.6611,56.775,4.2586,4.6832,,10.9067,1.3628,36.415,27.734,,18.8948,138.53
2023-10-12,,1.5617,1.8418,5.0479,1.3594,0.90084,7.2996,23.119,7.0216,,0.94171,0.81232,7.8215,,363.41,15663,3.9582,83.24,149.12,1337.29,,17.7746,4.7125,10.8452,1.6672,56.65,4.2651,4.6739,,10.8706,1.3627,36.15,27.748,,18.8417,137.96
2023-10-13,,1.5832,1.8584,5.0696,1.368,0.90707,7.3073,23.442,7.0868,,0.95021,0.82112,7.8253,,368.42,15683,3.9758,83.27,149.6,1352.22,,17.9386,4.7285,10.9426,1.6934,56.79,4.3092,4.7176,,10.9749,1.3688,36.35,27.801,,18.9677,139.21
2023-10-16,,1.5809,1.8559,5.0607,1.3627,0.90197,7.3124,23.405,7.0784,,0.94895,0.82127,7.8176,,367.29,15704,3.9908,83.25,149.5,1354.42,,17.9663,4.736,10.929,1.6889,56.76,4.2449,4.7115,,10.9485,1.369,36.27,27.881,,18.7957,138.83
2023-10-17,,1.5727,1.8505,5.0435,1.3635,0.90046,7.3127,23.278,7.0593,,0.94616,0.82146,7.823,,364.25,15715,3.9989,83.22,149.52,1352.62,,17.9371,4.736,10.9528,1.6964,56.745,4.1889,4.701,,10.9093,1.3692,36.41,27.919,,18.8417,138.61
2023-10-18,,1.5699,1.8512,5.0445,1.3654,0.89844,7.3145,23.36,7.062,,0.94652,0.81978,7.8265,,363.59,15758,4.0241,83.25,149.65,1351.85,,18.0073,4.7445,10.9749,1.6961,56.71,4.2035,4.7061,,10.9459,1.3693,36.27,28.009,,18.8279,138.48
2023-10-19,,1.5834,1.8524,5.0691,1.3719,0.89695,7.3151,23.37,7.0681,,0.94715,0.82495,7.8257,,363.7,15855,4.0319,83.23,149.85,1358.97,,18.3445,4.766,11.0791,1.7161,56.87,4.2148,4.7117,,11.0016,1.3733,36.47,27.998,,19.1315,138.57
2023-10-20,,1.5836,1.8467,5.0562,1.3683,0.89151,7.3165,23.325,7.0456,,0.9442,0.82346,7.8228,,361.68,15858,4.0565,83.07,149.94,1351.71,,18.3531,4.7675,11.029,1.7152,56.81,4.2161,4.6979,,10.9848,1.3715,36.52,28.02,,19.0596,138.7
2023-10-23,,1.5858,1.8456,5.0509,1.3723,0.8928,7.3161,23.257,7.0429,,0.94366,0.82243,7.8258,,360.46,15939,4.0615,83.14,149.96,1352.08,,18.346,4.7949,11.1338,1.7194,56.84,4.2078,4.6901,,11.0476,1.3722,36.48,28.05,,19.062,138.62
2023-10-24,,1.5715,1.8395,5.02,1.3698,0.89362,7.31,23.193,7.0211,,0.94056,0.81852,7.8225,,360.42,15856,4.061,83.06,149.79,1343.82,,18.155,4.785,11.1226,1.7093,56.8,4.1977,4.6704,,11.0474,1.3668,36.2,28.099,,19.1093,138.54
2023-10-25,,1.577,1.8493,4.9984,1.3757,0.8958,7.3167,23.348,7.0574,,0.94554,0.82489,7.8222,,364.32,15878,4.0646,83.18,149.91,1349.44,,18.2714,4.78,11.1933,1.7177,56.86,4.2384,4.6923,,11.1304,1.3695,36.19,28.114,,19.1396,139.28
2023-10-26,,1.5862,1.8556,4.9994,1.3819,0.8981,7.319,23.448,7.0808,,0.94877,0.82704,7.8209,,363.85,15920,4.0803,83.24,150.36,1357.37,,18.3909,4.7862,11.2476,1.7249,57.01,4.2384,4.7098,,11.1959,1.3713,36.29,28.159,,19.0825,139.94
2023-10-27,,1.5763,1.8554,4.9759,1.3824,0.90143,7.3184,23.392,7.0808,,0.94868,0.82557,7.8196,,363.28,15940,4.0701,83.25,149.97,1356.97,,18.0858,4.7785,11.2214,1.7173,56.98,4.242,4.7108,,11.2167,1.3713,36.21,28.195,,18.9126,139.93
2023-10-30,,1.5688,1.8442,4.9931,1.3833,0.90184,7.3168,23.156,7.0381,,0.94295,0.82362,7.8207,,360.61,15890,4.0512,83.26,149.74,1348.77,,18.0301,4.7625,11.1179,1.7138,56.89,4.2023,4.6809,,11.1325,1.3657,35.9,28.24,,18.7582,138.71
2023-10-31,,1.5763,1.8418,5.061,1.3854,0.9047,7.3158,23.126,7.0296,,0.94171,0.82273,7.8236,,359.85,15885,4.0264,83.27,150.96,1351.03,,18.0385,4.7645,11.1814,1.7162,56.78,4.1817,4.6764,,11.1381,1.3678,36.035,28.295,,18.7877,138.9
2023-11-01,,1.5717,1.8561,5.0264,1.3865,0.90842,7.319,23.419,7.084,,0.94904,0.82514,7.8235,,364.19,15947,4.0274,83.28,151.21,1356.33,,17.9802,4.771,11.1948,1.7147,56.81,4.2382,4.7147,,11.2043,1.3707,36.2,28.331,,18.6342,140.55
2023-11-02,,1.5517,1.8345,4.9543,1.3795,0.90254,7.3172,23.107,7.0008,,0.938,0.81892,7.8252,,358.32,15810,3.9568,83.2,149.98,1329.27,,17.5897,4.7515,11.1381,1.6922,56.505,4.1736,4.6604,,11.0862,1.3622,35.88,28.35,,18.3562,138.73
2023-11-03,,1.5397,1.8275,4.8984,1.3692,0.89936,7.3064,22.813,6.973,,0.9344,0.81277,7.8252,,355.43,15664,3.9704,83.21,149.38,1310.43,,17.3615,4.7295,11.076,1.6742,56.08,4.1581,4.6433,,10.9699,1.3564,35.56,28.408,,18.3404,139.32
2023-11-06,,1.5384,1.8209,4.8967,1.3652,0.89805,7.2706,22.757,6.9441,,0.93101,0.80663,7.8224,,353.77,15534,3.8845,83.23,149.77,1298.15,,17.4693,4.6365,11.0078,1.6746,55.906,4.1588,4.6264,,10.8533,1.3501,35.565,28.439,,18.2617,140.12
2023-11-07,,1.5568,1.8302,4.8631,1.3737,0.9008,7.2842,23.041,6.9789,,0.9358,0.81279,7.8194,,354.2,15663,3.8649,83.27,150.45,1308.32,,17.5227,4.6715,11.1567,1.6888,56.065,4.1754,4.6495,,10.9204,1.3553,35.615,28.5,,18.39,140.84
2023-11-08,,1.5549,1.8328,4.8854,1.3786,0.89954,7.2813,23.115,6.989,,0.93712,0.81543,7.8163,,355.52,15677,3.8507,83.29,150.85,1313.87,,17.5217,4.6835,11.1803,1.6874,55.985,4.1847,4.6542,,10.9226,1.357,35.533,28.513,,18.4884,141.04
2023-11-09,,1.562,1.8294,4.8993,1.3784,0.90141,7.2852,22.968,6.9763,,0.93537,0.81569,7.8108,,354.04,15640,3.8444,83.29,151.13,1311.29,,17.5447,4.6925,11.1622,1.6869,55.855,4.1614,4.6475,,10.8821,1.3584,35.627,28.501,,18.6069,141.15
2023-11-10,,1.5721,1.8308,4.9217,1.381,0.90199,7.2895,22.957,6.9809,,0.93607,0.81845,7.8099,,353.3,15693,3.8807,83.29,151.43,1318.75,,17.8229,4.708,11.1135,1.6961,55.864,4.1414,4.6521,,10.8855,1.3596,35.94,28.564,,18.7494,142.19
2023-11-13,,1.5691,1.833,4.9296,1.3828,0.90497,7.2909,23.037,6.9914,,0.93721,0.81682,7.8078,,353.51,15700,3.8676,83.26,151.79,1324.95,,17.6963,4.708,11.1312,1.7003,56.084,4.15,4.6589,,10.881,1.3608,35.995,28.589,,18.746,143.67
2023-11-14,,1.5684,1.8238,4.8908,1.3831,0.90153,7.2894,22.894,6.9561,,0.93249,0.81341,7.81,,352.12,15704,3.8341,83.18,151.69,1325.75,,17.5642,4.718,11.1386,1.7037,56.01,4.1226,4.6362,,10.8669,1.3607,36.055,28.637,,18.7141,143.32
2023-11-15,,1.5318,1.7996,4.861,1.3668,0.88701,7.2416,22.549,6.8631,,0.92013,0.80225,7.8075,,347.17,15482,3.7673,83.08,150.34,1297.85,,17.337,4.6725,10.8079,1.6549,55.71,4.0458,4.5734,,10.5364,1.3475,35.48,28.668,,18.1383,141.61
2023-11-16,,1.5426,1.8027,4.8579,1.3726,0.88958,7.25,22.533,6.8755,,0.92174,0.80671,7.8016,,346.85,15579,3.7764,83.24,151.21,1293.55,,17.2767,4.6885,10.8466,1.6721,55.71,4.0308,4.5815,,10.5907,1.3489,35.48,28.672,,18.3167,141.3
2023-11-17,,1.5369,1.7989,4.87,1.3712,0.88696,7.2125,22.499,6.86,,0.91979,0.80385,7.7985,,347.45,15376,3.724,83.25,149.27,1292.31,,17.204,4.68,10.8637,1.6704,55.57,4.0259,4.5735,,10.5602,1.3438,35.015,28.695,,18.3273,141.0
2023-11-20,,1.5253,1.7897,4.8832,1.3721,0.88443,7.1722,22.457,6.8233,,0.91508,0.80189,7.7933,,346.72,15448,3.7345,83.37,148.35,1292.61,,17.166,4.6675,10.7247,1.6592,55.36,3.998,4.5499,,10.4566,1.3398,35.225,28.764,,18.4334,139.55
2023-11-21,,1.5201,1.7853,4.8794,1.3719,0.88298,7.1363,22.372,6.8057,,0.91283,0.79713,7.7963,,346.13,15499,3.7111,83.29,147.52,1290.66,,17.132,4.653,10.6527,1.6455,55.43,3.9822,4.5374,,10.4099,1.3362,35.185,28.804,,18.3843,139.21
2023-11-22,,1.5231,1.7925,4.8943,1.371,0.88351,7.1501,22.436,6.8323,,0.91651,0.79764,7.7959,,348.82,15602,3.7245,83.31,148.7,1299.7,,17.1773,4.678,10.725,1.6557,55.63,3.9983,4.5558,,10.439,1.3401,35.175,28.829,,18.606,141.05
2023-11-23,,1.526,1.7943,4.8961,1.3706,0.88477,7.1424,22.355,6.8403,,0.91743,0.79761,7.7982,,348.33,15550,3.7417,83.32,149.52,1301.7,,17.1646,4.679,10.744,1.6561,55.38,4.005,4.5595,,10.494,1.3411,35.27,28.765,,18.8275,140.28
2023-11-24,,1.5226,1.7917,4.885,1.3682,0.88311,7.1537,22.358,6.8302,,0.91609,0.79533,7.7946,,348.0,15570,3.7383,83.4,149.6,1305.98,,17.1273,4.6845,10.7498,1.6482,55.43,3.9976,4.5528,,10.4791,1.3412,35.445,28.881,,18.8998,137.69
2023-11-27,,1.5136,1.786,4.8874,1.3633,0.88028,7.1529,22.248,6.808,,0.91316,0.79144,7.7902,,346.98,15482,3.7273,83.34,148.72,1299.07,,17.0541,4.681,10.6693,1.6396,55.514,3.9805,4.5392,,10.4292,1.337,35.055,28.908,,18.6367,137.43
2023-11-28,,1.5131,1.7863,4.8948,1.3597,0.8809,7.1534,22.253,6.8098,,0.91333,0.79295,7.7969,,346.93,15486,3.7032,83.35,148.63,1296.82,,17.1792,4.6715,10.701,1.6422,55.435,3.9705,4.5416,,10.442,1.3362,34.92,28.933,,18.7076,137.82
2023-11-29,,1.5099,1.7804,4.8962,1.3582,0.87647,7.1275,22.085,6.7879,,0.91033,0.78766,7.8025,,343.54,15439,3.6746,83.32,147.58,1290.91,,17.1839,4.6523,10.6477,1.6243,55.38,3.9467,4.5267,,10.3464,1.3317,34.8,28.915,,18.5162,137.01
2023-11-30,,1.5133,1.7892,4.9386,1.3604,0.87476,7.1364,22.223,6.8199,,0.91483,0.79012,7.8112,,348.32,15535,3.7139,83.35,147.46,1297.94,,17.4033,4.6595,10.7218,1.6249,55.46,3.9786,4.5483,,10.4572,1.3358,35.215,28.857,,18.818,137.86
2023-12-01,,1.5125,1.7984,4.923,1.355,0.87632,7.1434,22.373,6.8545,,0.91954,0.79122,7.8133,,349.15,15485,3.7269,83.32,148.17,1306.42,,17.3014,4.6735,10.7568,1.6219,55.404,3.9936,4.5713,,10.4566,1.338,35.14,28.915,,18.697,138.76
2023-12-04,,1.5045,1.7996,4.8928,1.3541,0.87192,7.1384,22.446,6.8609,,0.92013,0.78938,7.8146,,348.99,15477,3.7176,83.38,146.73,1304.66,,17.2652,4.6575,10.7453,1.6153,55.325,3.9927,4.5709,,10.4168,1.3356,34.997,28.89,,18.7367,139.03
2023-12-05,,1.5246,1.8081,4.9585,1.359,0.87418,7.1433,22.528,6.8928,,0.92447,0.79248,7.8175,,350.65,15476,3.7265,83.38,147.11,1314.76,,17.4848,4.667,10.8963,1.6305,55.313,3.996,4.5919,,10.4553,1.3393,35.253,28.929,,18.9258,139.32
2023-12-06,,1.5208,1.8146,4.9169,1.3561,0.87484,7.1579,22.578,6.9175,,0.92782,0.7943,7.8097,,353.1,15524,3.7084,83.35,147.24,1315.54,,17.3279,4.6685,10.9445,1.6245,55.31,4.027,4.61,,10.4904,1.3409,35.16,28.94,,18.9646,139.27
2023-12-07,,1.5233,1.8158,4.8848,1.3607,0.87698,7.1542,22.613,6.9215,,0.92842,0.79612,7.8149,,354.08,15540,3.7008,83.36,145.0,1319.3,,17.3197,4.674,10.9122,1.6297,55.305,4.0213,4.6103,,10.45,1.3403,35.21,28.932,,18.7596,139.36
2023-12-08,,1.515,1.8148,4.9117,1.3572,0.87575,7.1615,22.598,6.9183,,0.9279,0.79512,7.812,,354.37,15514,3.7099,83.41,144.32,1310.97,,17.4374,4.6645,10.8815,1.6268,55.45,4.0195,4.6101,,10.4278,1.3386,35.35,28.982,,18.8977,139.28
2023-12-11,,1.5264,1.8182,4.9427,1.3581,0.8811,7.1773,22.652,6.9316,,0.92963,0.79557,7.8062,,355.02,15672,3.7164,83.37,146.45,1320.73,,17.4137,4.6825,10.965,1.6369,55.58,4.0256,4.6209,,10.502,1.3437,35.7,28.992,,19.0983,140.09
2023-12-12,,1.5178,1.8103,4.9359,1.3565,0.87403,7.1684,22.603,6.902,,0.92558,0.79534,7.8098,,353.39,15582,3.7064,83.38,145.17,1309.89,,17.3472,4.6845,10.9015,1.6265,55.63,4.0164,4.6031,,10.442,1.3402,35.675,29.041,,18.9097,139.86
2023-12-13,,1.5252,1.8131,4.9698,1.3576,0.87624,7.1777,22.69,6.9126,,0.92704,0.79837,7.8139,,353.11,15632,3.7055,83.4,145.67,1319.05,,17.3236,4.706,10.9623,1.64,56.08,4.0104,4.6109,,10.4543,1.3433,35.795,29.053,,19.085,139.71
2023-12-14,,1.4917,1.7912,4.8859,1.3442,0.86913,7.1312,22.354,6.829,,0.91583,0.78721,7.8076,,347.5,15499,3.6875,83.33,141.77,1293.76,,17.3094,4.6725,10.5486,1.6121,55.73,3.9494,4.5528,,10.239,1.3304,34.935,29.002,,18.5631,137.65
2023-12-15,,1.4913,1.7868,4.9411,1.3387,0.8668,7.1087,22.362,6.8113,,0.91358,0.78415,7.8054,,349.47,15556,3.6696,83.08,141.74,1300.26,,17.2978,4.6705,10.46,1.609,55.76,3.9366,4.5414,,10.2435,1.3302,34.825,29.048,,18.2533,137.49
2023-12-18,,1.4861,1.7914,4.94,1.3358,0.86829,7.1344,22.479,6.8281,,0.91592,0.7901,7.7977,,353.09,15493,3.6522,83.16,142.84,1300.42,,17.2612,4.694,10.3943,1.6041,55.84,3.9797,4.5509,,10.2079,1.3317,35.005,29.061,,18.5318,138.03
2023-12-19,,1.4845,1.7842,4.8691,1.3385,0.86389,7.1366,22.373,6.802,,0.91224,0.7854,7.7995,,349.37,15506,3.6503,83.18,144.32,1304.71,,17.096,4.6815,10.3681,1.601,55.96,3.9567,4.5355,,10.1943,1.3309,34.953,29.094,,18.4793,137.66
2023-12-20,,1.479,1.7871,4.8691,1.3349,0.8644,7.1382,22.421,6.8133,,0.91374,0.79089,7.8069,,352.0,15528,3.6534,83.21,143.57,1302.65,,17.0748,4.658,10.3157,1.5918,55.73,3.9668,4.5412,,10.169,1.3306,34.952,29.133,,18.3763,137.34
2023-12-21,,1.4789,1.7808,4.8883,1.3355,0.85878,7.1407,22.29,6.7885,,0.9105,0.79036,7.8103,,348.17,15468,3.6163,83.25,142.76,1302.96,,17.065,4.6555,10.3023,1.5966,55.52,3.9518,4.5251,,10.1056,1.3291,34.85,29.157,,18.3338,136.85
2023-12-22,,1.4694,1.7743,4.8647,1.328,0.8543,7.1342,22.307,6.764,,0.90719,0.78617,7.8114,,346.48,15450,3.6074,83.13,142.12,1297.33,,16.9604,4.632,10.2245,1.588,55.4,3.939,4.5095,,10.0296,1.3239,34.55,29.215,,18.4224,136.53
2023-12-27,,1.4614,1.7676,4.8291,1.3206,0.85296,7.1474,22.298,6.7374,,0.90375,0.78473,7.8092,,344.9,15418,3.6175,83.32,142.62,1294.78,,16.9383,4.629,10.1541,1.58,55.688,3.914,4.4942,,10.0009,1.322,34.43,29.403,,18.4627,136.2
2023-12-28,,1.4618,1.7598,4.8353,1.3225,0.83696,7.1028,22.237,6.7073,,0.89977,0.78334,7.8168,,344.7,15419,3.6189,83.18,140.88,1285.84,,16.8946,4.608,10.1336,1.5778,55.425,3.9009,4.4766,,9.9318,1.3175,34.19,29.467,,18.5352,135.23
2023-12-29,,1.4718,1.77,4.8523,1.3251,0.83801,7.1049,22.375,6.7447,,0.90498,0.78647,7.8112,,346.43,15457,3.6193,83.17,141.48,1297.43,,16.944,4.595,10.1724,1.5841,55.46,3.9271,4.5028,,10.0416,1.3205,34.365,29.55,,18.4145,136.2
2024-01-02,,1.4738,1.7851,4.8888,1.3294,0.84931,7.1435,22.533,6.8046,,0.91274,0.79085,7.8139,,348.76,15524,3.624,83.32,142.1,1313.23,,17.058,4.6025,10.2971,1.5947,55.66,3.9894,4.5368,,10.1812,1.3265,34.285,29.726,,18.5889,137.55
2024-01-03,,1.4869,1.7912,4.9326,1.3347,0.85374,7.1487,22.598,6.8304,,0.91583,0.79192,7.8081,,348.7,15564,3.6512,83.3,143.02,1311.73,,17.097,4.631,10.3672,1.6041,55.59,3.9965,4.554,,10.2496,1.3282,34.45,29.781,,18.8048,138.02
2024-01-04,,1.4864,1.7856,4.9083,1.3332,0.85027,7.1515,22.507,6.81,,0.91299,0.78771,7.8082,,345.89,15515,3.6495,83.24,144.17,1309.46,,16.993,4.6345,10.3027,1.6003,55.54,3.9679,4.5406,,10.2168,1.328,34.465,29.772,,18.6497,137.41
2024-01-05,,1.4959,1.7909,4.9193,1.3369,0.8534,7.1541,22.54,6.8294,,0.91567,0.7894,7.8104,,346.33,15536,3.6804,83.15,145.2,1318.23,,17.0375,4.654,10.3553,1.6083,55.585,3.9894,4.5543,,10.2875,1.3311,34.79,29.841,,18.8179,137.81
2024-01-08,,1.4963,1.7868,4.8974,1.3385,0.85036,7.1622,22.372,6.8166,,0.91358,0.78705,7.8073,,345.01,15528,3.7133,83.11,144.52,1320.06,,16.8995,4.651,10.38,1.6085,55.65,3.9709,4.543,,10.2407,1.3311,35.025,29.894,,18.7265,137.68
2024-01-09,,1.4935,1.7878,4.888,1.3357,0.85128,7.1646,22.481,6.8169,,0.91408,0.78554,7.8153,,346.28,15545,3.7278,83.11,144.09,1318.67,,16.866,4.6435,10.3364,1.602,56.04,3.9715,4.5444,,10.2482,1.3306,34.965,29.939,,18.6819,137.57
2024-01-10,,1.4922,1.7868,4.8884,1.3383,0.85291,7.1694,22.439,6.8136,,0.91358,0.78589,7.8204,,345.65,15560,3.7625,83.03,145.29,1318.99,,16.991,4.6415,10.3156,1.6049,56.27,3.9658,4.543,,10.2293,1.3314,35.025,29.974,,18.6497,137.13
2024-01-11,,1.4899,1.7801,4.879,1.3359,0.84991,7.1584,22.444,6.7869,,0.91017,0.78406,7.8182,,344.8,15550,3.7357,83.02,145.36,1314.64,,16.9917,4.646,10.3106,1.5998,55.99,3.9583,4.5255,,10.1911,1.3288,34.995,29.997,,18.5974,136.62
2024-01-12,,1.4965,1.7874,4.872,1.3374,0.85451,7.1697,22.564,6.8146,,0.91391,0.78551,7.823,,346.69,15570,3.7394,82.93,145.47,1314.87,,16.901,4.6475,10.3057,1.6041,55.833,3.9872,4.545,,10.2906,1.3328,35.1,30.095,,18.6812,137.18
2024-01-15,,1.5029,1.7869,4.8728,1.3426,0.85436,7.1749,22.58,6.815,,0.91366,0.78643,7.8208,,346.9,15561,3.7528,82.87,145.88,1322.02,,16.8935,4.6695,10.3371,1.6153,55.8,3.9858,4.5448,,10.3042,1.334,34.968,30.1,,18.667,136.77
2024-01-16,,1.5148,1.7973,4.8873,1.3473,0.86023,7.1896,22.707,6.8537,,0.91895,0.79101,7.8258,,348.61,15609,3.7663,83.09,146.7,1337.0,,17.0364,4.692,10.4149,1.6248,56.0,4.0314,4.573,,10.4039,1.3407,35.4,30.107,,18.8872,137.2
2024-01-17,,1.5254,1.7981,4.9345,1.3516,0.86476,7.1952,22.759,6.8572,,0.91937,0.78899,7.8248,,350.15,15630,3.7831,83.14,147.7,1345.14,,17.2891,4.7175,10.5116,1.6345,55.915,4.0446,4.5743,,10.4739,1.3437,35.51,30.137,,19.0613,137.45
2024-01-18,,1.5245,1.7984,4.9242,1.35,0.86731,7.1937,22.744,6.8571,,0.91954,0.78872,7.8218,,351.26,15610,3.7675,83.15,147.94,1338.67,,17.1825,4.718,10.5251,1.637,55.84,4.0451,4.5767,,10.4497,1.3443,35.595,30.148,,18.9398,137.47
2024-01-19,,1.5156,1.7965,4.909,1.3462,0.86883,7.1912,22.791,6.8499,,0.91853,0.78833,7.8192,,350.45,15608,3.7403,83.08,148.04,1333.69,,17.13,4.7175,10.4804,1.6348,55.99,4.0064,4.5721,,10.4528,1.341,35.46,30.193,,19.0034,136.77
2024-01-22,,1.517,1.796,4.9346,1.3425,0.8685,7.1946,22.735,6.8489,,0.91827,0.78581,7.8173,,352.32,15680,3.7652,83.13,147.8,1339.02,,17.0704,4.7265,10.506,1.6345,56.265,4.0073,4.5708,,10.4265,1.3412,35.635,30.242,,19.1781,136.36
2024-01-23,,1.517,1.7989,4.9651,1.3473,0.86884,7.1701,22.833,6.8593,,0.91979,0.78636,7.8225,,354.26,15711,3.7648,83.12,147.98,1337.65,,17.2506,4.727,10.5131,1.6408,56.2,4.0315,4.5777,,10.4369,1.34,35.713,30.28,,19.0416,136.77
2024-01-24,,1.5149,1.7935,4.914,1.3452,0.86337,7.1523,22.729,6.838,,0.91701,0.78444,7.8189,,353.44,15687,3.7134,83.11,147.14,1332.57,,17.1973,4.7315,10.4681,1.6309,56.27,4.0096,4.5642,,10.4159,1.3375,35.585,30.167,,18.8326,135.63
2024-01-25,,1.5181,1.7955,4.9265,1.3508,0.86478,7.1691,22.727,6.8448,,0.91802,0.78526,7.8157,,353.6,15851,3.7014,83.13,147.63,1336.87,,17.2265,4.7315,10.4567,1.6345,56.51,4.0177,4.5688,,10.4195,1.3395,35.735,30.285,,18.8938,135.96
2024-01-26,,1.5162,1.7991,4.909,1.3437,0.86432,7.1745,22.765,6.8576,,0.91988,0.78528,7.8128,,355.95,15759,3.6848,83.13,147.75,1334.82,,17.1633,4.7275,10.4245,1.6375,56.37,4.0268,4.5778,,10.4133,1.3403,35.58,30.304,,18.7894,136.42
2024-01-29,,1.5151,1.8071,4.9094,1.3436,0.86288,7.1793,22.92,6.887,,0.92396,0.78767,7.812,,360.37,15825,3.6805,83.16,147.95,1335.67,,17.1478,4.734,10.4453,1.635,56.41,4.034,4.5988,,10.4927,1.3412,35.56,30.353,,18.7582,137.21
2024-01-30,,1.5178,1.8032,4.9509,1.3428,0.86345,7.1792,22.894,6.8729,,0.922,0.78949,7.8162,,357.03,15778,3.648,83.13,147.49,1330.14,,17.2164,4.7275,10.4539,1.6339,56.4,4.0216,4.5886,,10.4159,1.34,35.39,30.36,,18.8945,136.73
2024-01-31,,1.5196,1.8047,4.9598,1.3434,0.8626,7.1781,22.969,6.8792,,0.92276,0.78836,7.819,,355.17,15757,3.6386,83.05,147.82,1333.05,,17.1465,4.73,10.4743,1.6338,56.31,3.9983,4.5915,,10.3979,1.3396,35.49,30.357,,18.7543,136.85
2024-02-01,,1.5345,1.8086,4.9545,1.3449,0.86333,7.1822,23.016,6.8931,,0.92473,0.78928,7.8198,,354.49,15767,3.6566,82.98,146.99,1333.85,,17.218,4.73,10.5109,1.642,56.08,4.0108,4.5996,,10.4822,1.3408,35.51,30.366,,18.7109,137.14
2024-02-02,,1.5132,1.7971,4.9133,1.3375,0.85592,7.1773,22.857,6.8492,,0.91886,0.78345,7.8186,,352.6,15633,3.6465,82.91,146.63,1323.81,,17.0522,4.7167,10.4631,1.6239,55.89,3.9672,4.5692,,10.3538,1.3354,35.23,30.455,,18.6502,136.27
2024-02-05,,1.5412,1.82,4.9966,1.35,0.86981,7.198,23.27,6.9384,,0.93058,0.79653,7.8218,,358.55,15760,3.6752,83.05,148.63,1334.53,,17.1953,4.7505,10.6691,1.6522,56.363,4.0334,4.6287,,10.5844,1.3469,35.82,30.552,,19.0052,137.82
2024-02-06,,1.5373,1.8205,4.9688,1.3521,0.87182,7.189,23.201,6.9445,,0.93084,0.79549,7.823,,360.09,15740,3.6484,83.05,148.52,1328.08,,17.053,4.7655,10.6655,1.6488,56.2,4.0457,4.6321,,10.5953,1.3449,35.62,30.561,,18.9212,137.86
2024-02-07,,1.5316,1.815,4.9592,1.3457,0.87166,7.1946,23.185,6.9215,,0.92799,0.79162,7.8204,,360.2,15659,3.6406,82.98,148.21,1326.95,,17.0584,4.761,10.5568,1.6353,55.96,4.0324,4.6185,,10.4607,1.343,35.62,30.599,,18.9022,137.62
2024-02-08,,1.5402,1.818,4.9773,1.3483,0.8746,7.1965,23.196,6.9308,,0.92954,0.79362,7.8211,,359.76,15656,3.6821,82.99,149.24,1332.04,,17.0828,4.7695,10.6079,1.6423,55.91,4.0319,4.6264,,10.4764,1.3468,35.9,30.604,,18.9561,138.97
2024-02-09,,1.5357,1.8156,4.9793,1.3448,0.8756,7.1936,23.368,6.9194,,0.92833,0.79317,7.82,,360.17,15637,3.6845,83.03,149.46,1332.39,,17.1229,4.765,10.5821,1.6295,55.9,4.011,4.6206,,10.473,1.3464,35.945,30.683,,19.0169,137.49
2024-02-12,,1.5321,1.8155,4.9537,1.3463,0.87534,7.1936,23.408,6.9199,,0.92825,0.79264,7.82,,359.51,15588,3.6703,83.01,148.99,1328.82,,17.0522,4.766,10.5078,1.6307,55.983,4.0098,4.6174,,10.4261,1.3445,35.85,30.704,,18.9975,137.66
2024-02-13,,1.5312,1.8121,4.9537,1.3445,0.87844,7.1936,23.427,6.9071,,0.92653,0.78846,7.8173,,358.57,15612,3.6433,83.0,149.33,1329.23,,17.0733,4.766,10.4716,1.634,55.96,4.0024,4.6103,,10.4243,1.3444,35.69,30.724,,18.8252,137.77
2024-02-14,,1.5421,1.8256,4.9537,1.3543,0.88612,7.1936,23.661,6.9576,,0.93345,0.79584,7.818,,362.86,15604,3.661,83.04,150.55,1333.34,,17.1342,4.7859,10.5829,1.6435,56.16,4.0526,4.6443,,10.5598,1.3489,36.18,30.75,,19.0404,138.8
2024-02-15,,1.5382,1.8205,4.9708,1.3541,0.88281,7.1943,23.658,6.9391,,0.93084,0.79712,7.8199,,362.19,15606,3.6276,83.05,150.11,1330.49,,17.0867,4.7811,10.5753,1.6406,55.94,4.0436,4.6329,,10.4789,1.3471,36.144,30.741,,19.0236,138.42
2024-02-16,,1.5339,1.8163,4.9732,1.3483,0.88141,7.1936,23.644,6.9229,,0.92868,0.79499,7.8228,,361.38,15636,3.6092,83.01,150.33,1332.74,,17.0446,4.7805,10.5456,1.6389,55.96,4.0305,4.6221,,10.462,1.3466,36.06,30.827,,18.8874,138.47
2024-02-19,,1.5292,1.815,4.9585,1.3476,0.88085,7.1984,23.622,6.9179,,0.92799,0.79295,7.8204,,360.43,15646,3.626,83.02,149.95,1335.25,,17.047,4.787,10.4904,1.6273,56.06,4.0149,4.6186,,10.4278,1.3459,36.03,30.869,,18.9597,137.99
2024-02-20,,1.5235,1.8106,4.9547,1.3481,0.88187,7.1948,23.541,6.9008,,0.92575,0.793,7.8214,,359.45,15660,3.6569,82.95,150.14,1333.79,,17.0146,4.7975,10.4865,1.6194,56.06,4.0037,4.6073,,10.3856,1.3447,36.05,30.904,,18.9474,137.29
2024-02-21,,1.5252,1.8094,4.9267,1.3524,0.87982,7.1912,23.48,6.8966,,0.92515,0.79211,7.8216,,358.94,15626,3.6764,82.92,149.99,1333.86,,17.0579,4.794,10.4862,1.6171,55.953,3.9934,4.6036,,10.3687,1.3437,35.84,31.007,,18.8223,137.39
2024-02-22,,1.523,1.8036,4.9335,1.348,0.87929,7.1918,23.339,6.8738,,0.92217,0.78961,7.8216,,356.77,15588,3.6524,82.88,150.42,1326.79,,17.0666,4.7765,10.4722,1.6135,55.73,3.9799,4.5895,,10.3043,1.3419,35.91,30.993,,19.0603,137.31
2024-02-23,,1.5199,1.8052,4.9687,1.3464,0.8789,7.197,23.402,6.8806,,0.92302,0.78771,7.8235,,358.57,15606,3.6295,82.91,150.37,1330.03,,17.0841,4.7775,10.5123,1.6102,55.9,3.9799,4.5915,,10.2958,1.3433,36.01,31.091,,19.2607,137.07
2024-02-26,,1.526,1.8022,4.9863,1.3522,0.87965,7.1968,23.375,6.869,,0.92149,0.78783,7.8233,,358.95,15631,3.6494,82.88,150.55,1331.05,,17.0911,4.777,10.5312,1.6181,56.095,3.9673,4.5818,,10.2907,1.3437,35.86,31.122,,19.3052,137.58
2024-02-27,,1.5259,1.8016,4.9691,1.3495,0.87915,7.1979,23.335,6.8673,,0.92115,0.78869,7.8249,,359.43,15637,3.624,82.89,150.18,1331.35,,17.0616,4.762,10.5297,1.6213,56.1,3.975,4.5752,,10.2989,1.3434,35.862,31.147,,19.1341,137.53
2024-02-28,,1.5395,1.8096,4.9498,1.3591,0.88083,7.199,23.457,6.8967,,0.92524,0.79152,7.8274,,362.65,15713,3.6052,82.9,150.69,1337.3,,17.0985,4.771,10.6102,1.6403,56.28,3.9753,4.5969,,10.3553,1.3466,35.99,31.189,,19.2321,138.14
2024-02-29,,1.5411,1.8066,4.993,1.3596,0.88066,7.1945,23.428,6.8853,,0.9237,0.7912,7.827,,363.46,15738,3.5781,82.9,150.13,1336.99,,17.0856,4.7455,10.6152,1.6448,56.215,3.9911,4.5914,,10.3593,1.3458,35.94,31.228,,19.3063,137.91
2024-03-01,,1.5386,1.8087,4.9622,1.3575,0.88616,7.1985,23.428,6.8938,,0.92481,0.79153,7.8285,,363.68,15722,3.5626,82.87,150.58,1335.62,,17.0239,4.746,10.5826,1.6428,56.11,3.9933,4.5959,,10.3531,1.3468,35.96,31.346,,19.1769,138.26
2024-03-04,,1.5342,1.8032,4.9528,1.3571,0.88549,7.1993,23.378,6.8725,,0.922,0.78907,7.8242,,364.42,15738,3.5751,82.92,150.49,1332.23,,17.0124,4.7235,10.5408,1.6401,55.987,3.9849,4.5831,,10.3655,1.3434,35.84,31.527,,19.0282,137.84
2024-03-05,,1.5401,1.8027,4.951,1.3593,0.8857,7.1992,23.369,6.8709,,0.92174,0.78849,7.8231,,364.78,15743,3.5979,82.91,150.25,1334.67,,16.9531,4.735,10.577,1.645,55.975,3.9864,4.5827,,10.3975,1.3437,35.82,31.659,,18.975,137.43
2024-03-06,,1.5327,1.7986,4.943,1.3583,0.88459,7.1989,23.321,6.8553,,0.91962,0.78626,7.8249,,361.37,15698,3.606,82.82,149.6,1333.83,,16.8781,4.732,10.5463,1.638,55.85,3.956,4.5711,,10.3508,1.3406,35.7,31.743,,18.8882,136.93
2024-03-07,,1.5145,1.7951,4.9413,1.3497,0.87903,7.1971,23.276,6.8428,,0.91785,0.78426,7.8215,,362.95,15638,3.5881,82.72,147.86,1327.83,,16.8623,4.7055,10.458,1.6235,55.8,3.9486,4.5624,,10.2748,1.3354,35.58,31.843,,18.7811,136.3
2024-03-08,,1.5065,1.7891,4.9653,1.3448,0.87706,7.1894,23.15,6.8192,,0.91475,0.77907,7.8203,,360.46,15531,3.5751,82.73,147.26,1318.98,,16.8571,4.685,10.3728,1.6167,55.58,3.9394,4.5456,,10.2122,1.3317,35.47,31.965,,18.6425,136.57
2024-03-11,,1.5144,1.79,4.9926,1.3503,0.87809,7.182,23.176,6.8234,,0.91525,0.77986,7.8199,,362.03,15487,3.6087,82.75,146.83,1311.06,,16.8029,4.684,10.4709,1.6204,55.37,3.9177,4.5437,,10.2384,1.3303,35.41,32.002,,18.6967,136.28
2024-03-12,,1.5146,1.7917,4.9858,1.3502,0.87834,7.1775,23.151,6.8313,,0.91609,0.78287,7.8238,,364.42,15521,3.6571,82.78,147.85,1312.9,,16.826,4.6775,10.505,1.6249,55.32,3.9268,4.55,,10.2354,1.3325,35.72,32.054,,18.6781,136.22
2024-03-13,,1.5122,1.7879,4.9827,1.3489,0.8775,7.1924,23.104,6.8172,,0.91416,0.78116,7.8228,,362.83,15576,3.6518,82.81,147.94,1315.49,,16.7723,4.688,10.495,1.6245,55.383,3.9181,4.5418,,10.2322,1.3329,35.685,32.1,,18.6982,135.75
2024-03-14,,1.513,1.7902,4.9645,1.3478,0.88018,7.1912,23.065,6.8254,,0.91533,0.78188,7.822,,361.46,15598,3.6322,82.86,148.01,1319.21,,16.6872,4.686,10.4961,1.6245,55.38,3.93,4.5501,,10.2741,1.3334,35.7,32.124,,18.6416,135.93
2024-03-15,,1.5221,1.7956,5.0001,1.3525,0.88257,7.1961,23.105,6.8464,,0.91811,0.78415,7.8222,,361.0,15618,3.6551,82.87,148.76,1330.07,,16.7017,4.7045,10.577,1.6397,55.54,3.9435,4.564,,10.3447,1.3369,35.855,32.218,,18.6853,136.71
2024-03-18,,1.5225,1.7956,4.9928,1.3537,0.88414,7.1981,23.136,6.8466,,0.91811,0.78521,7.8193,,362.61,15719,3.6503,82.89,149.2,1333.78,,16.7285,4.7185,10.6101,1.6417,55.6,3.9582,4.5645,,10.3909,1.3381,35.965,32.301,,18.9001,136.71
2024-03-19,,1.5341,1.8019,5.0457,1.3605,0.88723,7.1992,23.28,6.8704,,0.92132,0.78722,7.8222,,363.46,15745,3.6673,83.02,150.52,1338.93,,16.8948,4.733,10.6859,1.6527,55.943,3.981,4.5828,,10.4537,1.3419,36.07,32.344,,18.9276,137.18
2024-03-20,,1.5338,1.8036,5.0179,1.3589,0.89063,7.1983,23.321,6.8768,,0.92217,0.78788,7.8234,,364.56,15737,3.6717,83.22,151.73,1340.7,,16.8334,4.738,10.6718,1.6577,56.232,3.9882,4.5851,,10.4754,1.3444,36.19,32.39,,18.8667,136.94
2024-03-21,,1.516,1.7932,4.9702,1.3511,0.89539,7.199,23.144,6.8377,,0.91684,0.78553,7.8207,,360.64,15671,3.5927,83.12,151.24,1328.51,,16.7425,4.7148,10.5831,1.6469,55.958,3.945,4.5598,,10.4195,1.3403,36.12,32.038,,18.7201,136.33
2024-03-22,,1.5339,1.8071,4.9985,1.3571,0.89892,7.2295,23.442,6.891,,0.92396,0.79271,7.8208,,366.16,15811,3.6279,83.54,151.29,1343.08,,16.758,4.7375,10.7336,1.665,56.295,3.9887,4.5946,,10.5354,1.3483,36.31,31.988,,18.9966,137.58
2024-03-25,,1.5302,1.8051,4.9902,1.3587,0.89746,7.2113,23.319,6.8837,,0.92293,0.79094,7.8217,,365.64,15783,3.6335,83.41,151.16,1341.38,,16.7396,4.725,10.7107,1.6655,56.225,3.9758,4.5881,,10.5741,1.345,36.33,32.149,,18.91,137.61
2024-03-26,,1.5269,1.8018,4.9808,1.3559,0.90373,7.2186,23.286,6.8715,,0.92123,0.79084,7.8231,,364.3,15799,3.6616,83.32,151.45,1341.09,,16.6895,4.72,10.7103,1.6615,56.246,3.9699,4.5787,,10.5509,1.3445,36.31,32.201,,18.912,137.54
2024-03-27,,1.5348,1.8082,4.9897,1.3602,0.90708,7.2284,23.409,6.8955,,0.92456,0.79297,7.8231,,365.57,15897,3.6596,83.33,151.18,1351.06,,16.5835,4.733,10.8011,1.6682,56.258,3.9893,4.597,,10.6379,1.3486,36.41,32.267,,18.9275,138.59
2024-03-28,,1.5361,1.8091,4.9979,1.3571,0.90334,7.2282,23.407,6.8985,,0.92498,0.79095,7.8248,,365.61,15871,3.6813,83.38,151.19,1349.25,,16.5738,4.733,10.8214,1.6735,56.236,3.9888,4.6004,,10.6604,1.3493,36.455,32.327,,18.9834,139.03
2024-04-02,,1.5371,1.8195,5.0343,1.3561,0.90846,7.2359,23.594,6.9385,,0.93032,0.79552,7.8284,,368.06,15911,3.7051,83.4,151.65,1351.97,,16.6053,4.7545,10.8922,1.6783,56.29,3.9946,4.6236,,10.7522,1.3522,36.65,32.192,,18.8297,139.64
2024-04-03,,1.5338,1.8138,5.071,1.3564,0.9081,7.2357,23.511,6.9173,,0.92739,0.79489,7.8291,,364.65,15948,3.7248,83.47,151.78,1350.31,,16.58,4.755,10.8115,1.6743,56.401,3.9848,4.6079,,10.7345,1.3513,36.71,31.941,,18.7953,139.2
2024-04-04,,1.5155,1.8022,5.0452,1.3502,0.9073,7.2338,23.334,6.8733,,0.92149,0.79053,7.8287,,360.81,15880,3.7172,83.4,151.76,1347.64,,16.5569,4.7395,10.7008,1.6585,56.435,3.9583,4.5786,,10.6068,1.348,36.75,31.889,,18.6786,138.5
2024-04-05,,1.5184,1.8041,5.0395,1.3561,0.90333,7.2337,23.324,6.8804,,0.92242,0.79119,7.8284,,359.84,15859,3.7566,83.32,151.37,1350.51,,16.521,4.747,10.711,1.6605,56.515,3.9512,4.5823,,10.6319,1.3475,36.66,31.944,,18.6062,138.64
2024-04-08,,1.5183,1.8071,5.0638,1.3596,0.90613,7.2329,23.426,6.8916,,0.92396,0.79271,7.8316,,361.06,15909,3.6989,83.3,151.93,1356.71,,16.4514,4.7515,10.7091,1.6616,56.55,3.952,4.5903,,10.5955,1.3496,36.745,32.198,,18.6242,138.87
2024-04-09,,1.5098,1.7998,5.0142,1.3572,0.90356,7.2332,23.355,6.8639,,0.92022,0.78829,7.8307,,358.15,15867,3.691,83.2,151.81,1353.62,,16.3125,4.7475,10.6681,1.6507,56.41,3.9169,4.5718,,10.5415,1.3456,36.375,32.192,,18.4835,138.31
2024-04-10,,1.51,1.8009,5.0028,1.3562,0.90331,7.2328,23.359,6.8687,,0.92081,0.78743,7.8324,,358.36,15849,3.7131,83.2,151.83,1351.13,,16.3264,4.7475,10.6506,1.6442,56.545,3.9192,4.5755,,10.529,1.3448,36.405,32.259,,18.4945,138.77
2024-04-11,,1.533,1.8229,5.0767,1.369,0.9122,7.237,23.667,6.9535,,0.93205,0.79714,7.8347,,363.31,16022,3.7562,83.36,153.02,1369.48,,16.4459,4.7475,10.8286,1.6702,56.461,3.9678,4.6335,,10.7475,1.3532,36.555,32.281,,18.7911,140.09
2024-04-12,,1.5408,1.8361,5.111,1.3747,0.91213,7.2375,23.786,7.0037,,0.93879,0.80195,7.8368,,367.66,16121,3.7716,83.47,153.17,1379.83,,16.521,4.77,10.8778,1.6778,56.568,3.9995,4.6674,,10.8617,1.3592,36.475,32.325,,18.7671,141.29
2024-04-15,,1.5429,1.8354,5.1195,1.3743,0.91263,7.2386,23.765,7.0013,,0.93844,0.80147,7.8284,,369.98,16059,3.7142,83.43,153.95,1383.06,,16.5692,4.779,10.9103,1.6838,56.83,4.0295,4.668,,10.8468,1.3605,36.715,32.403,,18.963,141.42
2024-04-16,,1.5585,1.8387,5.2277,1.379,0.91304,7.2384,23.7,7.0141,,0.94011,0.80323,7.8315,,371.0,16202,3.7606,83.58,154.69,1392.89,,16.8413,4.792,10.9754,1.699,56.934,4.0834,4.6784,,10.9382,1.364,36.625,32.502,,18.9997,141.68
2024-04-17,,1.5563,1.8385,5.2683,1.381,0.91117,7.2388,23.715,7.0136,,0.94003,0.80278,7.8311,,369.43,16254,3.7764,83.67,154.67,1383.64,,16.992,4.7915,10.9945,1.6932,57.228,4.0899,4.6774,,10.9788,1.3626,36.83,32.53,,19.059,141.47
2024-04-18,,1.5514,1.8314,5.2414,1.3753,0.9087,7.2379,23.648,6.9872,,0.93642,0.80184,7.8317,,368.88,16181,3.7797,83.52,154.34,1374.11,,16.9435,4.7835,10.9912,1.6868,57.24,4.0505,4.6594,,10.8971,1.3597,36.755,32.497,,19.0523,140.74
2024-04-19,,1.5603,1.8359,5.2722,1.3767,0.90866,7.2411,23.718,7.0048,,0.9387,0.80372,7.8328,,371.07,16263,3.7718,83.47,154.59,1379.04,,17.349,4.7835,11.0438,1.6995,57.611,4.0646,4.6714,,10.949,1.3621,36.88,32.601,,19.2237,141.09
2024-04-22,,1.5535,1.8395,5.2132,1.3725,0.91168,7.2434,23.773,7.018,,0.94056,0.81196,7.8363,,370.49,16253,3.7673,83.36,154.73,1380.4,,17.1237,4.778,11.0219,1.6934,57.5,4.0621,4.6798,,10.9119,1.3629,37.05,32.538,,19.1375,141.37
2024-04-23,,1.5492,1.8323,5.1758,1.37,0.911,7.2469,23.661,6.9896,,0.93686,0.80616,7.8359,,368.77,16210,3.787,83.33,154.8,1378.31,,17.1194,4.78,10.9903,1.6907,57.56,4.0433,4.6619,,10.8703,1.3625,37.04,32.585,,19.2374,140.81
2024-04-24,,1.5367,1.8302,5.1334,1.3689,0.91465,7.246,23.622,6.9788,,0.9358,0.80428,7.8327,,368.1,16169,3.7749,83.32,154.94,1375.55,,16.9216,4.778,10.9798,1.6854,57.54,4.042,4.6563,,10.8764,1.3613,37.06,32.519,,19.1896,140.65
2024-04-25,,1.5312,1.8244,5.1353,1.3674,0.91343,7.2465,23.463,6.9577,,0.93284,0.79921,7.8284,,366.59,16189,3.7916,83.32,155.56,1374.28,,17.0401,4.7775,10.9272,1.6782,57.78,4.0266,4.6419,,10.8573,1.3602,37.025,32.507,,18.972,140.02
2024-04-26,,1.53,1.8255,5.1529,1.3657,0.91273,7.2464,23.487,6.9603,,0.93336,0.79936,7.8284,,366.14,16227,3.8079,83.37,156.83,1376.38,,17.2365,4.7675,11.0132,1.681,57.71,4.0326,4.6448,,10.9251,1.3615,36.945,32.485,,18.8576,140.28
2024-04-29,,1.5226,1.8244,5.1032,1.3652,0.91194,7.2413,23.484,6.9572,,0.93284,0.79751,7.8269,,365.34,16240,3.7608,83.45,156.28,1377.01,,17.0897,4.7675,10.9921,1.6728,57.703,4.035,4.6417,,10.9002,1.3599,37.03,32.379,,18.7034,140.21
2024-04-30,,1.5323,1.8248,5.1248,1.3689,0.91314,7.241,23.456,6.9587,,0.93301,0.79752,7.8202,,364.51,16255,3.7481,83.43,157.0,1380.55,,16.971,4.7705,11.0235,1.6827,57.688,4.0286,4.6426,,10.9657,1.3615,37.07,32.379,,18.7236,140.23
2024-05-02,,1.5317,1.8282,5.1435,1.372,0.91223,7.2411,23.453,6.9722,,0.93475,0.79957,7.8176,,363.6,16173,3.7433,83.46,154.82,1374.47,,16.9365,4.7545,11.0703,1.687,57.607,4.0454,4.6516,,10.9198,1.3589,36.93,32.374,,18.6661,140.31
2024-05-03,,1.5199,1.8204,5.1113,1.3665,0.90692,7.2411,23.292,6.9418,,0.93075,0.79647,7.8147,,362.02,16054,3.7177,83.46,153.22,1359.12,,16.9477,4.74,10.8972,1.6709,57.141,4.0292,4.6315,,10.8338,1.3521,36.78,32.342,,18.5175,139.89
2024-05-06,,1.5078,1.815,5.0745,1.367,0.90516,7.2069,23.195,6.9218,,0.92799,0.79491,7.8158,,361.34,16044,3.7418,83.51,153.77,1354.86,,16.9215,4.739,10.8262,1.6603,57.22,4.0075,4.611,,10.7879,1.35,36.765,32.271,,18.4084,139.48
2024-05-07,,1.5137,1.8166,5.0742,1.3682,0.90749,7.2178,23.234,6.9289,,0.92885,0.797,7.8206,,361.37,16064,3.7206,83.5,154.61,1358.4,,16.8685,4.738,10.8657,1.6643,57.29,4.0069,4.6217,,10.8499,1.3533,36.86,32.269,,18.4959,139.61
2024-05-08,,1.5242,1.8205,5.09,1.3762,0.90943,7.2281,23.304,6.944,,0.93084,0.80129,7.818,,361.98,16077,3.7125,83.5,155.59,1365.05,,16.9353,4.7425,10.9439,1.6707,57.38,4.0096,4.6316,,10.9215,1.3564,36.97,32.259,,18.6549,139.72
2024-05-09,,1.5187,1.8224,5.1425,1.3723,0.90943,7.2264,23.234,6.9506,,0.93179,0.8013,7.816,,361.49,16072,3.7402,83.5,155.91,1371.2,,16.9366,4.7408,10.922,1.6661,57.37,3.9993,4.6359,,10.9211,1.3565,36.915,32.222,,18.5293,140.05
2024-05-10,,1.5141,1.8145,5.1333,1.3681,0.90723,7.2249,23.134,6.9215,,0.92773,0.79836,7.8141,,359.7,16042,3.7194,83.51,155.74,1366.29,,16.7669,4.739,10.8299,1.6628,57.46,3.9863,4.6162,,10.8419,1.3537,36.72,32.232,,18.4315,139.44
2024-05-13,,1.5104,1.8118,5.14,1.367,0.90635,7.2344,22.954,6.9113,,0.92635,0.79688,7.8119,,358.5,16092,3.7203,83.49,155.86,1367.31,,16.7404,4.732,10.8198,1.6603,57.82,3.9704,4.6097,,10.8384,1.3529,36.765,32.209,,18.359,139.23
2024-05-14,,1.5125,1.8116,5.1333,1.3665,0.90784,7.2344,22.925,6.9107,,0.92627,0.79643,7.8122,,357.63,16124,3.7133,83.51,156.44,1367.69,,16.7991,4.7195,10.8202,1.6612,57.847,3.9547,4.6089,,10.8637,1.3532,36.67,32.25,,18.4175,139.4
2024-05-15,,1.5055,1.8056,5.1539,1.3629,0.90473,7.2205,22.864,6.8886,,0.92319,0.79247,7.8082,,356.35,16008,3.6955,83.49,155.49,1358.87,,16.8676,4.707,10.7542,1.6488,57.5,3.9411,4.5936,,10.7783,1.3487,36.54,32.29,,18.3782,138.76
2024-05-16,,1.4992,1.7999,5.1257,1.363,0.90392,7.2179,22.74,6.8666,,0.9203,0.79008,7.804,,355.4,15918,3.6865,83.5,154.91,1346.44,,16.7296,4.683,10.7142,1.6376,57.51,3.9249,4.579,,10.6913,1.3452,36.16,32.201,,18.2138,138.32
2024-05-17,,1.5014,1.8036,5.1314,1.3633,0.9088,7.227,22.798,6.8808,,0.92217,0.79016,7.8015,,357.43,15968,3.718,83.35,155.81,1357.02,,16.681,4.6875,10.7276,1.6369,57.69,3.9331,4.588,,10.7479,1.3472,36.295,32.262,,18.2652,138.6
2024-05-20,,1.497,1.8008,5.1183,1.3625,0.90968,7.2332,22.786,6.8696,,0.92073,0.78766,7.7997,,355.08,15976,3.7075,83.3,155.83,1360.2,,16.6021,4.685,10.691,1.6364,57.87,3.9161,4.5806,,10.6921,1.3468,36.105,32.2,,18.2352,138.39
2024-05-21,,1.4983,1.8003,5.0967,1.362,0.90979,7.2358,22.719,6.8683,,0.92047,0.78645,7.8036,,354.78,16001,3.6719,83.31,156.35,1362.81,,16.5501,4.6925,10.6618,1.6394,58.26,3.9169,4.5787,,10.66,1.3468,36.29,32.193,,18.1291,138.16
2024-05-22,,1.504,1.8059,5.1382,1.3675,0.91459,7.2404,22.851,6.8898,,0.92336,0.78638,7.8059,,358.31,16040,3.6799,83.3,156.55,1367.45,,16.6572,4.6925,10.6971,1.6366,58.01,3.9415,4.5938,,10.741,1.3496,36.425,32.184,,18.2331,138.6
2024-05-23,,1.5048,1.8019,5.1359,1.3665,0.91275,7.2395,22.792,6.8753,,0.92132,0.78473,7.8081,,356.62,16030,3.6727,83.23,156.53,1360.48,,16.6329,4.7045,10.6104,1.631,58.17,3.9276,4.5839,,10.6804,1.3485,36.495,32.22,,18.3451,138.29
2024-05-24,,1.5124,1.8042,5.1404,1.3713,0.9155,7.2437,22.819,6.883,,0.92251,0.78636,7.8118,,355.33,16031,3.6717,83.12,157.08,1365.72,,16.683,4.7115,10.6045,1.6372,58.19,3.9256,4.5888,,10.7002,1.3505,36.675,32.245,,18.4046,138.28
2024-05-27,,1.5051,1.8037,5.1681,1.3661,0.91506,7.2438,22.81,6.8818,,0.92225,0.78456,7.8081,,354.79,16068,3.6753,83.13,156.85,1363.12,,16.6837,4.697,10.5275,1.6292,58.185,3.9245,4.5894,,10.6428,1.3495,36.615,32.187,,18.4111,138.06
2024-05-28,,1.4992,1.7973,5.1591,1.3619,0.91049,7.2452,22.657,6.8568,,0.91895,0.78184,7.8105,,351.76,16078,3.671,83.18,156.72,1358.0,,16.6436,4.6937,10.4824,1.6218,57.97,3.904,4.5726,,10.5367,1.3471,36.595,32.183,,18.3278,137.2
2024-05-29,,1.5078,1.8014,5.1717,1.3667,0.9125,7.2493,22.779,6.8718,,0.92106,0.7841,7.8116,,356.53,16192,3.6984,83.38,157.26,1367.43,,16.8175,4.7035,10.5158,1.6318,58.47,3.9274,4.584,,10.612,1.3495,36.795,32.227,,18.3292,137.33
2024-05-30,,1.511,1.8084,5.2038,1.3711,0.90689,7.2363,22.903,6.8974,,0.92464,0.78692,7.8184,,360.1,16240,3.7214,83.28,156.73,1376.48,,17.02,4.704,10.5469,1.6372,58.58,3.9619,4.6014,,10.6329,1.3511,36.75,32.274,,18.6315,137.68
2024-05-31,,1.5034,1.8022,5.1989,1.3642,0.90472,7.2408,22.769,6.8732,,0.92149,0.78663,7.8177,,358.3,16257,3.7175,83.42,157.13,1383.26,,16.9911,4.707,10.4893,1.6307,58.61,3.9297,4.586,,10.5243,1.3512,36.79,32.224,,18.6998,137.39
2024-06-03,,1.5025,1.8039,5.2534,1.3636,0.90131,7.2461,22.804,6.8797,,0.92234,0.7856,7.8212,,361.0,16229,3.6609,83.12,156.88,1377.27,,17.5393,4.707,10.5041,1.6246,58.71,3.949,4.5897,,10.5179,1.3501,36.835,32.199,,18.6801,137.89
2024-06-04,,1.5061,1.8001,5.2723,1.3677,0.89305,7.237,22.784,6.8652,,0.92039,0.78364,7.8142,,361.05,16272,3.6861,83.47,154.89,1376.63,,17.9775,4.702,10.5743,1.6221,58.77,3.9581,4.5789,,10.4699,1.3474,36.57,32.418,,18.6829,137.97
2024-06-05,,1.5041,1.7989,5.2666,1.3675,0.89257,7.2475,22.677,6.8609,,0.91979,0.78227,7.8094,,360.31,16338,3.707,83.43,156.11,1371.73,,17.6526,4.698,10.5546,1.6167,58.81,3.9593,4.5764,,10.419,1.3481,36.705,32.406,,18.9358,137.51
2024-06-06,,1.5065,1.8001,5.3035,1.3694,0.89158,7.2448,22.671,6.8653,,0.92039,0.78314,7.8098,,359.58,16264,3.7278,83.49,156.23,1368.1,,17.6028,4.694,10.5844,1.6184,58.66,3.959,4.5797,,10.3939,1.3482,36.52,32.237,,18.9857,137.78
2024-06-07,,1.4998,1.7946,5.2448,1.3674,0.8897,7.2413,22.552,6.8465,,0.9176,0.78106,7.8083,,356.87,16192,3.7367,83.4,155.55,1367.2,,17.888,4.691,10.54,1.6146,58.53,3.9347,4.5663,,10.3758,1.3446,36.48,32.267,,18.7943,137.55
2024-06-10,,1.5158,1.8183,5.318,1.3761,0.89597,7.2478,22.904,6.9349,,0.92971,0.78621,7.8136,,366.45,16298,3.7414,83.49,156.88,1375.35,,18.3647,4.721,10.7029,1.6358,58.798,4.0201,4.6271,,10.5364,1.3525,36.765,32.419,,18.7086,139.18
2024-06-11,,1.5154,1.8227,5.3555,1.3775,0.89674,7.2543,23.025,6.951,,0.93197,0.7847,7.8101,,367.78,16298,3.7207,83.57,157.0,1378.59,,18.3605,4.7195,10.7092,1.6322,58.78,4.0459,4.6382,,10.4815,1.3529,36.75,32.377,,18.5996,139.33
2024-06-12,,1.5123,1.8168,5.3797,1.3744,0.89559,7.2537,22.932,6.9288,,0.92894,0.7837,7.8107,,367.19,16306,3.7066,83.56,157.32,1376.08,,18.8333,4.7175,10.6526,1.6282,58.61,4.0302,4.6231,,10.4361,1.3519,36.67,32.379,,18.6242,138.88
2024-06-13,,1.5052,1.8136,5.4025,1.3745,0.89651,7.2525,22.903,6.917,,0.9273,0.78327,7.8101,,367.66,16254,3.7192,83.56,157.25,1374.55,,18.699,4.7075,10.6004,1.6206,58.58,4.0312,4.6154,,10.4052,1.3499,36.715,32.299,,18.3962,138.45
2024-06-14,,1.5119,1.8302,5.3641,1.376,0.8922,7.2552,23.148,6.9816,,0.9358,0.78799,7.8112,,372.45,16486,3.729,83.54,157.03,1385.74,,18.573,4.7195,10.6705,1.63,58.653,4.0926,4.6578,,10.5494,1.3535,36.71,32.644,,18.3435,139.53
2024-06-17,,1.5166,1.8258,5.3996,1.3747,0.89255,7.2562,23.057,6.9644,,0.93353,0.78952,7.8106,,369.91,16458,3.7266,83.54,157.87,1382.23,,18.5394,4.7195,10.7226,1.6361,58.7,4.0702,4.6461,,10.5427,1.3533,36.795,32.856,,18.2844,139.56
2024-06-18,,1.5126,1.8253,5.4386,1.3748,0.88773,7.256,23.114,6.9623,,0.93327,0.78899,7.8081,,368.76,16420,3.7207,83.43,158.11,1385.04,,18.401,4.714,10.6841,1.639,58.715,4.06,4.6442,,10.504,1.3542,36.815,32.643,,18.1333,139.34
2024-06-19,,1.5001,1.8195,5.4404,1.371,0.88436,7.257,23.174,6.9394,,0.93032,0.7857,7.8058,,368.72,16383,3.7174,83.43,157.95,1380.83,,18.4746,4.7065,10.5628,1.6307,58.755,4.0283,4.63,,10.4326,1.3507,36.67,32.538,,18.0251,138.9
2024-06-20,,1.4998,1.8246,5.4036,1.371,0.89057,7.2605,23.228,6.9578,,0.93292,0.78844,7.8043,,370.73,16492,3.7268,83.61,158.43,1388.2,,18.4208,4.7105,10.5341,1.6319,58.89,4.0312,4.6433,,10.4469,1.3531,36.76,32.813,,18.1049,139.29
2024-06-21,,1.4999,1.8299,5.4367,1.369,0.89231,7.2607,23.343,6.9779,,0.93563,0.7909,7.8032,,371.38,16465,3.7516,83.57,158.89,1389.02,,18.2701,4.713,10.5431,1.6305,58.87,4.0438,4.6569,,10.5207,1.3537,36.63,32.853,,17.8931,139.5
2024-06-24,,1.5058,1.8227,5.4313,1.3683,0.89338,7.2592,23.199,6.9518,,0.93197,0.78966,7.8073,,367.53,16399,3.7281,83.49,159.52,1388.23,,18.0696,4.7115,10.5769,1.6349,58.775,4.0077,4.6388,,10.4897,1.3532,36.67,32.894,,18.1847,138.96
2024-06-25,,1.5035,1.8255,5.4149,1.3674,0.89369,7.2626,23.165,6.9623,,0.93336,0.78836,7.8077,,369.61,16390,3.7304,83.43,159.45,1391.67,,18.0454,4.7045,10.5717,1.6332,58.77,4.013,4.6453,,10.4774,1.3533,36.655,32.962,,18.1573,139.16
2024-06-26,,1.5018,1.8297,5.4752,1.3685,0.89672,7.2666,23.273,6.9783,,0.93554,0.79009,7.8079,,370.97,16432,3.7472,83.56,160.37,1392.14,,18.2375,4.717,10.66,1.6407,58.966,4.0298,4.6561,,10.5752,1.3578,36.855,32.927,,18.1722,139.49
2024-06-27,,1.5032,1.8285,5.5055,1.3694,0.89791,7.2686,23.311,6.973,,0.93493,0.79086,7.8086,,371.8,16389,3.7557,83.43,160.49,1386.23,,18.3975,4.7195,10.6563,1.6401,58.625,4.0378,4.654,,10.6002,1.3574,36.83,32.883,,18.3815,139.21
2024-06-28,,1.502,1.827,5.5035,1.3704,0.89995,7.2628,23.377,6.9664,,0.93414,0.79064,7.8089,,369.08,16335,3.7553,83.37,160.62,1377.73,,18.2769,4.7175,10.646,1.6442,58.44,4.0252,4.6495,,10.6114,1.3557,36.73,32.87,,18.213,139.09
2024-07-01,,1.4992,1.8202,5.5855,1.3691,0.90172,7.2682,23.311,6.9415,,0.93067,0.78911,7.8125,,366.91,16351,3.751,83.44,161.14,1382.42,,18.3634,4.713,10.6389,1.6415,58.63,4.0026,4.6315,,10.5793,1.3557,36.7,32.678,,18.1494,138.58
2024-07-02,,1.5025,1.8229,5.637,1.3726,0.90381,7.2713,23.474,6.9522,,0.93205,0.78996,7.8133,,368.72,16376,3.7665,83.46,161.53,1387.14,,18.3451,4.719,10.6995,1.6491,58.81,4.0311,4.6387,,10.6413,1.3579,36.84,32.688,,18.4697,139.16
2024-07-03,,1.4987,1.818,5.6528,1.3667,0.90333,7.2734,23.419,6.9332,,0.92954,0.78714,7.8112,,367.24,16379,3.7643,83.51,161.91,1389.91,,18.2726,4.7205,10.651,1.6469,58.764,3.9987,4.6266,,10.5698,1.3565,36.76,32.58,,18.5025,138.59
2024-07-04,,1.4857,1.8109,5.4949,1.3616,0.89972,7.2699,23.281,6.9063,,0.92593,0.78392,7.8093,,364.35,16326,3.7478,83.52,160.96,1380.61,,18.1297,4.7095,10.5569,1.6334,58.529,3.9739,4.6082,,10.4977,1.3513,36.63,32.569,,18.321,138.06
2024-07-05,,1.4849,1.8069,5.4896,1.3614,0.89893,7.2667,23.283,6.8914,,0.92387,0.78172,7.8108,,362.67,16280,3.7111,83.49,160.81,1380.97,,18.0591,4.709,10.5765,1.6327,58.556,3.954,4.5983,,10.4957,1.35,36.58,32.711,,18.2346,137.93
2024-07-08,,1.4829,1.8051,5.4698,1.3634,0.89626,7.2696,23.223,6.8838,,0.92293,0.77905,7.8109,,364.28,16266,3.6939,83.5,160.93,1383.53,,18.0341,4.709,10.5745,1.6294,58.571,3.9481,4.5914,,10.5035,1.3491,36.42,32.731,,18.1469,137.79
2024-07-09,,1.4853,1.8086,5.4628,1.3642,0.8981,7.272,23.332,6.898,,0.92473,0.78131,7.8118,,365.45,16269,3.6733,83.49,161.09,1383.4,,18.019,4.7075,10.6242,1.635,58.451,3.9433,4.5988,,10.5622,1.3508,36.415,32.918,,18.1746,137.88
2024-07-10,,1.4832,1.8067,5.3982,1.3633,0.8982,7.276,23.445,6.8917,,0.92379,0.78077,7.811,,362.75,16220,3.6558,83.51,161.47,1384.26,,17.8202,4.7005,10.7224,1.6447,58.308,3.9312,4.5944,,10.5381,1.3492,36.345,32.859,,18.0675,137.74
2024-07-11,,1.4809,1.8018,5.4161,1.3631,0.89811,7.265,23.363,6.873,,0.92123,0.77665,7.809,,362.92,16179,3.6404,83.57,161.58,1380.05,,17.8771,4.6875,10.7531,1.6431,58.294,3.9194,4.5836,,10.5196,1.3475,36.285,32.869,,18.0811,137.54
2024-07-12,,1.4762,1.796,5.4274,1.3622,0.89504,7.2529,23.27,6.8512,,0.91827,0.77162,7.8071,,359.87,16117,3.6298,83.53,158.74,1375.47,,17.733,4.6695,10.7461,1.6363,58.377,3.9071,4.5665,,10.5569,1.3428,36.15,33.027,,17.9922,137.1
2024-07-15,,1.475,1.7932,5.4401,1.3642,0.89438,7.2619,23.308,6.8409,,0.91684,0.77056,7.8054,,358.93,16186,3.6132,83.59,158.01,1382.85,,17.7905,4.6715,10.7692,1.6415,58.413,3.8961,4.556,,10.5781,1.3423,36.19,33.057,,18.1832,136.88
2024-07-16,,1.4831,1.794,5.4327,1.3677,0.89534,7.2668,23.254,6.8438,,0.91726,0.77103,7.8043,,359.5,16174,3.6254,83.57,158.37,1382.8,,17.7329,4.676,10.8067,1.6474,58.415,3.9152,4.5553,,10.5985,1.3435,36.075,33.093,,18.0762,136.95
2024-07-17,,1.4836,1.7887,5.4404,1.3672,0.8865,7.2592,23.13,6.8223,,0.91458,0.76747,7.8076,,357.86,16128,3.6311,83.56,156.58,1379.26,,17.778,4.6635,10.7532,1.644,58.261,3.9279,4.5432,,10.5254,1.3408,35.935,33.096,,18.1793,136.55
2024-07-18,,1.4855,1.7894,5.4987,1.3681,0.88435,7.2577,23.114,6.8255,,0.91491,0.77013,7.8088,,356.57,16165,3.636,83.63,156.47,1382.78,,17.7196,4.6675,10.7484,1.6478,58.309,3.9266,4.5465,,10.5524,1.3408,35.955,33.088,,18.2022,136.78
2024-07-19,,1.4946,1.796,5.5375,1.3717,0.88962,7.2695,23.197,6.8512,,0.91827,0.77392,7.8098,,358.95,16197,3.6552,83.67,157.58,1387.85,,17.9123,4.6875,10.859,1.6609,58.355,3.9351,4.5649,,10.6612,1.3448,36.285,33.05,,18.3308,137.47
2024-07-22,,1.5035,1.7963,5.6012,1.375,0.88823,7.2732,23.173,6.8531,,0.91844,0.77347,7.8073,,357.94,16209,3.6364,83.66,156.87,1388.02,,18.0434,4.6805,10.9446,1.6689,58.39,3.9298,4.5665,,10.681,1.3453,36.315,32.978,,18.2722,137.86
2024-07-23,,1.5098,1.8009,5.5796,1.3761,0.89144,7.2747,23.354,6.8702,,0.92081,0.77415,7.8074,,359.51,16216,3.6201,83.71,156.21,1386.36,,17.9792,4.672,11.0161,1.6767,58.47,3.9383,4.5791,,10.7491,1.3458,36.21,32.927,,18.4227,137.85
2024-07-24,,1.5144,1.8029,5.6009,1.3784,0.88579,7.2764,23.438,6.8785,,0.92183,0.77409,7.8094,,362.54,16244,3.6323,83.71,154.16,1382.75,,18.2626,4.6725,11.0085,1.6839,58.59,3.9537,4.582,,10.7739,1.3438,36.133,32.864,,18.3132,138.0
2024-07-25,,1.5333,1.8024,5.6804,1.3842,0.87863,7.2188,23.398,6.8772,,0.92157,0.7767,7.8041,,362.48,16316,3.6555,83.76,152.63,1379.9,,18.5218,4.663,11.1349,1.6958,58.59,3.9598,4.5799,,10.8506,1.3424,36.185,33.092,,18.4914,137.78
2024-07-26,,1.5248,1.8009,5.6326,1.382,0.88343,7.2514,23.361,6.8716,,0.92081,0.77696,7.8068,,359.99,16293,3.6637,83.75,154.55,1385.96,,18.3475,4.6575,10.9917,1.6968,58.358,3.9355,4.5781,,10.8034,1.3438,36.015,32.963,,18.2432,137.85
2024-07-29,,1.5285,1.8081,5.6545,1.3845,0.88546,7.2588,23.455,6.8989,,0.92447,0.77974,7.8109,,362.85,16280,3.7276,83.73,153.87,1383.39,,18.4358,4.639,11.0155,1.7027,58.559,3.9695,4.5969,,10.8408,1.3442,35.975,33.013,,18.4008,138.58
2024-07-30,,1.5299,1.8069,5.6211,1.3854,0.88618,7.2514,23.493,6.8938,,0.92387,0.77846,7.8121,,364.47,16336,3.7361,83.72,154.85,1384.51,,18.6188,4.6225,10.9835,1.6986,58.668,3.9577,4.5977,,10.7964,1.3446,35.995,33.093,,18.368,138.12
2024-07-31,,1.5363,1.8062,5.6219,1.3832,0.8804,7.2215,23.51,6.8915,,0.92353,0.77928,7.8121,,365.52,16286,3.77,83.69,150.31,1372.33,,18.7772,4.5945,10.9138,1.689,58.384,3.9627,4.5945,,10.7245,1.3383,35.675,33.162,,18.2305,138.44
2024-08-01,,1.5294,1.8128,5.665,1.3821,0.87747,7.2484,23.593,6.9157,,0.92687,0.78161,7.8154,,366.62,16266,3.7867,83.74,150.76,1366.33,,18.5315,4.569,10.8875,1.6813,58.311,3.9816,4.6117,,10.6794,1.3381,35.6,33.095,,18.1791,138.94
2024-08-02,,1.5347,1.8051,5.7748,1.3876,0.8706,7.2058,23.323,6.887,,0.92293,0.78449,7.8103,,366.16,16210,3.8035,83.74,148.93,1365.73,,18.994,4.4975,11.0097,1.6794,58.039,3.9585,4.5922,,10.6916,1.3312,35.345,33.172,,18.1862,138.9
2024-08-05,,1.551,1.7835,5.8142,1.385,0.84844,7.1171,23.084,6.8035,,0.91191,0.78313,7.7818,,363.35,16191,3.8312,84.15,142.24,1364.19,,19.7346,4.425,11.044,1.6835,57.727,3.9329,4.5384,,10.518,1.32,35.32,33.362,,18.5765,137.24
2024-08-06,,1.5426,1.7918,5.6828,1.3831,0.85433,7.1526,23.166,6.8372,,0.91617,0.78789,7.7925,,364.07,16173,3.846,83.91,145.02,1378.0,,19.3193,4.474,10.9945,1.6879,57.764,3.9492,4.56,,10.59,1.3271,35.545,33.575,,18.4718,138.07
2024-08-07,,1.5238,1.7907,5.618,1.3743,0.86147,7.1805,23.137,6.8327,,0.91558,0.78564,7.7973,,364.59,16058,3.7875,83.96,147.06,1375.15,,19.2904,4.4965,10.7865,1.6618,57.695,3.9528,4.5567,,10.4592,1.3275,35.585,33.491,,18.3428,138.16
2024-08-08,,1.5258,1.7894,5.6307,1.3743,0.85709,7.1723,23.123,6.827,,0.91491,0.78768,7.7921,,362.4,15900,3.7979,83.95,146.15,1375.9,,19.2498,4.475,10.8715,1.6679,57.4,3.9515,4.5532,,10.5174,1.3242,35.295,33.498,,18.3888,138.24
2024-08-09,,1.5214,1.7915,5.5397,1.3746,0.86425,7.1705,23.114,6.8354,,0.916,0.78509,7.7988,,362.0,15950,3.7301,83.96,146.86,1365.82,,18.8376,4.4225,10.8359,1.6631,57.28,3.962,4.5589,,10.5299,1.3239,35.22,33.551,,18.3356,138.41
2024-08-12,,1.5158,1.7902,5.4918,1.3728,0.86874,7.1798,23.046,6.8309,,0.91533,0.7831,7.7947,,359.95,15967,3.7685,83.97,147.6,1370.78,,18.8247,4.456,10.7776,1.6577,57.31,3.9412,4.5553,,10.5204,1.3249,35.265,33.528,,18.2194,138.31
2024-08-13,,1.5161,1.7892,5.4946,1.3735,0.86726,7.1632,23.056,6.8265,,0.91483,0.78179,7.7891,,360.01,15843,3.7375,83.94,147.44,1371.27,,18.9589,4.4505,10.7922,1.6548,57.014,3.9237,4.5519,,10.526,1.3223,35.115,33.555,,18.1704,138.23
2024-08-14,,1.5104,1.7749,5.4473,1.3717,0.86351,7.1356,22.867,6.7719,,0.90752,0.7785,7.7887,,357.97,15605,3.7324,83.95,147.0,1355.6,,18.9473,4.42,10.6784,1.6629,56.957,3.9001,4.5161,,10.4223,1.3154,34.875,33.548,,18.0839,138.03
2024-08-15,,1.5084,1.7762,5.4729,1.3704,0.8665,7.1579,22.886,6.7768,,0.90818,0.77754,7.7922,,358.35,15702,3.7027,83.95,147.25,1357.99,,18.843,4.435,10.6671,1.6638,56.983,3.8884,4.5195,,10.4564,1.3173,34.95,33.616,,18.0078,138.13
2024-08-16,,1.5078,1.779,5.4677,1.373,0.86775,7.1637,22.957,6.787,,0.90959,0.77431,7.7956,,359.95,15699,3.671,83.94,148.01,1355.81,,18.6884,4.4315,10.75,1.6591,57.161,3.8842,4.5259,,10.4998,1.3186,34.935,33.696,,17.9182,139.08
2024-08-19,,1.4932,1.7714,5.4538,1.3674,0.86432,7.1414,22.807,6.7581,,0.90572,0.77206,7.7928,,356.02,15589,3.705,83.88,146.02,1336.9,,18.7112,4.3815,10.6281,1.6457,56.678,3.8663,4.508,,10.404,1.31,34.465,33.731,,17.8381,137.58
2024-08-20,,1.4845,1.7645,5.4471,1.361,0.85953,7.1447,22.698,6.7325,,0.9022,0.76862,7.7901,,355.33,15451,3.7056,83.76,146.32,1333.76,,18.8055,4.3775,10.54,1.6278,56.441,3.8473,4.4901,,10.2693,1.3076,34.18,33.824,,17.8,137.22
2024-08-21,,1.4839,1.7594,5.4736,1.3599,0.85489,7.1344,22.589,6.7124,,0.8996,0.76739,7.7936,,352.96,15515,3.7239,83.9,145.97,1336.41,,19.0068,4.38,10.5101,1.6291,56.51,3.8555,4.4773,,10.2357,1.307,34.27,33.903,,17.8353,137.37
2024-08-22,,1.4863,1.7564,5.5265,1.3588,0.85227,7.1388,22.534,6.7013,,0.89807,0.76285,7.7965,,353.93,15631,3.7229,83.95,146.06,1338.79,,19.4145,4.378,10.5689,1.6261,56.33,3.8451,4.4692,,10.2308,1.3083,34.425,33.934,,17.9829,136.78
2024-08-23,,1.4853,1.7587,5.5662,1.3583,0.85208,7.1364,22.55,6.7094,,0.8992,0.76192,7.7986,,354.06,15559,3.7033,83.9,146.0,1336.98,,19.3607,4.375,10.6124,1.624,56.41,3.8463,4.4747,,10.2828,1.3084,34.23,34.006,,17.9472,136.95
2024-08-26,,1.4777,1.752,5.4942,1.3505,0.84744,7.1228,22.426,6.6837,,0.89582,0.75826,7.7957,,354.05,15441,3.6698,83.9,144.17,1326.85,,19.1785,4.3475,10.5514,1.6132,56.01,3.8354,4.4572,,10.215,1.3031,33.975,34.018,,17.7656,137.15
2024-08-27,,1.4747,1.7522,5.4816,1.3475,0.84573,7.1266,22.428,6.6842,,0.8959,0.75648,7.8008,,352.2,15543,3.6853,83.92,144.45,1331.18,,19.4293,4.3475,10.5026,1.6047,56.3,3.8329,4.459,,10.1915,1.3037,34.07,34.033,,17.7283,137.16
2024-08-28,,1.4758,1.7593,5.5319,1.3477,0.8433,7.129,22.536,6.7098,,0.89952,0.75707,7.7999,,353.87,15427,3.6664,83.98,144.44,1335.84,,19.6834,4.343,10.5352,1.6032,56.26,3.8682,4.4772,,10.1961,1.3037,34.045,34.037,,17.7972,137.72
2024-08-29,,1.4677,1.7639,5.5819,1.3462,0.84452,7.0935,22.586,6.7269,,0.90188,0.75915,7.7942,,354.19,15407,3.668,83.89,144.62,1329.67,,19.7132,4.311,10.4987,1.5945,56.168,3.8689,4.489,,10.2322,1.3016,33.955,34.085,,17.7084,137.9
2024-08-30,,1.4703,1.764,5.6061,1.3476,0.84928,7.088,22.577,6.7276,,0.90196,0.75873,7.7979,,354.05,15496,3.6299,83.84,145.39,1333.63,,19.6248,4.3205,10.5186,1.5973,56.2,3.857,4.4889,,10.2241,1.3025,33.86,34.062,,17.6205,137.91
2024-09-02,,1.4756,1.7682,5.622,1.35,0.85119,7.113,22.643,6.7432,,0.90408,0.7614,7.7967,,354.9,15541,3.6538,83.91,146.97,1339.23,,19.6745,4.355,10.6048,1.6063,56.517,3.8649,4.4981,,10.2622,1.3077,34.205,33.976,,17.9157,138.41
2024-09-03,,1.4856,1.7724,5.6236,1.3549,0.85265,7.1241,22.72,6.7599,,0.90621,0.76198,7.7979,,356.48,15560,3.6813,83.98,146.14,1342.3,,19.826,4.3675,10.6624,1.6166,56.572,3.877,4.507,,10.3054,1.3097,34.285,33.978,,17.9742,139.1
2024-09-04,,1.4887,1.77,5.6582,1.3557,0.85032,7.1175,22.702,6.7516,,0.90498,0.76243,7.7986,,355.86,15499,3.7171,83.98,145.03,1340.72,,19.8769,4.353,10.6833,1.6164,56.563,3.8722,4.5001,,10.3267,1.3068,34.195,34.048,,17.9183,138.91
2024-09-05,,1.4867,1.7625,5.6304,1.3514,0.84617,7.0955,22.553,6.7235,,0.90114,0.75983,7.7943,,353.52,15419,3.6957,83.99,143.46,1335.08,,20.077,4.3377,10.624,1.6107,56.079,3.8464,4.4794,,10.2726,1.3016,33.615,33.99,,17.785,138.33
2024-09-06,,1.4864,1.7615,5.571,1.3495,0.84347,7.0837,22.547,6.7207,,0.90066,0.75919,7.793,,355.53,15414,3.7071,83.95,143.14,1330.54,,19.9505,4.3305,10.6291,1.6084,55.947,3.8548,4.4794,,10.2403,1.2995,33.53,33.99,,17.7317,138.07
2024-09-09,,1.5029,1.7711,5.6144,1.3564,0.84904,7.1166,22.685,6.7569,,0.90555,0.76397,7.7969,,358.55,15470,3.7512,83.95,143.56,1345.18,,19.9113,4.3715,10.8127,1.6304,56.465,3.8739,4.5045,,10.3731,1.3065,33.935,34.048,,17.899,137.92
2024-09-10,,1.5004,1.773,5.5779,1.3574,0.84752,7.119,22.716,6.7648,,0.90654,0.76389,7.7966,,360.24,15454,3.7657,83.97,143.06,1342.21,,19.9012,4.3425,10.7896,1.6246,56.401,3.883,4.5096,,10.3667,1.3051,33.755,34.059,,17.9008,138.07
2024-09-11,,1.4996,1.7711,5.6366,1.3581,0.84741,7.1117,22.718,6.7576,,0.90555,0.76406,7.7973,,358.78,15412,3.7615,83.98,141.81,1338.86,,19.9176,4.33,10.8096,1.6269,55.878,3.8824,4.5044,,10.355,1.3026,33.685,34.01,,17.875,138.28
2024-09-12,,1.4975,1.7754,5.6562,1.3584,0.85458,7.1206,22.805,6.7738,,0.90777,0.7667,7.8018,,359.37,15438,3.7531,83.96,142.54,1341.05,,19.7404,4.3342,10.8333,1.6304,56.147,3.9014,4.5153,,10.3613,1.3054,33.72,33.952,,17.9478,138.25
2024-09-13,,1.4928,1.765,5.6084,1.3592,0.84713,7.0963,22.694,6.7347,,0.90245,0.76234,7.7981,,356.76,15407,3.7095,83.92,140.93,1330.39,,19.4603,4.3015,10.6935,1.622,55.989,3.8713,4.4886,,10.2549,1.2999,33.38,33.945,,17.7949,137.44
2024-09-16,,1.4823,1.7579,5.552,1.358,0.84433,7.0963,22.585,6.7069,,0.8988,0.75749,7.7946,,353.97,15366,3.7427,83.86,139.91,1318.91,,19.2369,4.3015,10.5878,1.6141,55.81,3.8386,4.471,,10.1739,1.2949,33.24,33.978,,17.6413,137.07
2024-09-17,,1.4788,1.7558,5.4974,1.3586,0.84433,7.0963,22.556,6.6991,,0.89775,0.7566,7.7921,,354.32,15336,3.7533,83.76,140.69,1317.59,,19.3276,4.259,10.5831,1.6128,55.63,3.8319,4.4652,,10.1665,1.2934,33.31,34.037,,17.6334,136.73
2024-09-18,,1.4743,1.7582,5.4784,1.359,0.84394,7.0835,22.537,6.7074,,0.89896,0.75715,7.7932,,354.41,15311,3.7681,83.72,141.98,1324.75,,19.0939,4.244,10.5855,1.6071,55.725,3.8385,4.4722,,10.1798,1.294,33.275,34.109,,17.5774,136.91
2024-09-19,,1.4658,1.7531,5.3998,1.3544,0.84797,7.0659,22.482,6.6863,,0.89638,0.75254,7.7942,,353.67,15170,3.7557,83.65,143.0,1328.05,,19.1744,4.21,10.4588,1.5996,55.53,3.8238,4.4589,,10.1448,1.2921,33.135,34.025,,17.4304,136.7
2024-09-20,,1.4677,1.7516,5.4245,1.3566,0.84954,7.055,22.459,6.6801,,0.89558,0.75148,7.7935,,352.57,15162,3.7683,83.53,144.26,1335.76,,19.3525,4.205,10.5078,1.6048,55.66,3.8298,4.455,,10.1925,1.292,33.035,34.109,,17.525,136.4
2024-09-23,,1.4636,1.759,5.5739,1.3549,0.84972,7.0544,22.572,6.7075,,0.89936,0.75113,7.7863,,354.96,15187,3.7782,83.55,143.52,1337.01,,19.419,4.203,10.5099,1.5982,56.03,3.8448,4.4736,,10.2185,1.2912,32.965,34.152,,17.3804,136.43
2024-09-24,,1.4585,1.7568,5.5124,1.3503,0.84784,7.0322,22.595,6.6982,,0.89823,0.74751,7.7848,,354.53,15177,3.7678,83.67,143.84,1334.65,,19.3793,4.154,10.4303,1.5905,56.23,3.8323,4.4692,,10.1442,1.2882,32.847,34.138,,17.3241,136.26
2024-09-25,,1.454,1.7472,5.4586,1.3439,0.84822,7.0298,22.443,6.6621,,0.89334,0.7473,7.7863,,352.89,15118,3.7565,83.6,144.26,1330.59,,19.4238,4.131,10.4377,1.5834,55.931,3.8095,4.4452,,10.1045,1.2844,32.695,34.133,,17.146,134.45
2024-09-26,,1.4538,1.7533,5.4121,1.3469,0.84733,7.0115,22.554,6.6851,,0.89646,0.7479,7.7788,,354.95,15131,3.6873,83.64,144.13,1325.52,,19.5697,4.145,10.5661,1.5859,55.96,3.8288,4.4607,,10.13,1.2844,32.465,34.157,,17.2461,134.92
2024-09-27,,1.4501,1.7528,5.4372,1.3476,0.84424,7.0111,22.547,6.6831,,0.89622,0.74689,7.7735,,355.75,15109,3.701,83.69,143.06,1310.95,,19.5707,4.125,10.5373,1.5817,56.095,3.8303,4.4599,,10.1031,1.282,32.385,34.176,,17.126,135.06
2024-09-30,,1.4439,1.7469,5.4041,1.3516,0.84307,7.0124,22.494,6.6595,,0.89318,0.74619,7.7646,,354.48,15163,3.7059,83.79,142.75,1312.17,,19.6356,4.1235,10.5078,1.5734,56.038,3.8217,4.4438,,10.0929,1.281,32.25,34.181,,17.172,134.6
2024-10-01,,1.4469,1.7642,5.4462,1.3518,0.84738,7.0185,22.796,6.7272,,0.90204,0.75043,7.7739,,358.86,15198,3.722,83.83,143.76,1320.58,,19.7041,4.1645,10.5814,1.5829,56.185,3.8655,4.4885,,10.2061,1.287,32.585,34.203,,17.2817,135.22
2024-10-02,,1.4496,1.7666,5.416,1.3487,0.84798,7.0185,22.867,6.7377,,0.90326,0.75231,7.7633,,360.88,15278,3.7862,83.99,144.76,1321.05,,19.5177,4.1735,10.5442,1.591,56.17,3.8795,4.4949,,10.2516,1.2886,32.785,34.227,,17.3973,135.4
2024-10-03,,1.4606,1.7717,5.4628,1.3538,0.85035,7.0185,22.97,6.7574,,0.90588,0.76328,7.7665,,363.65,15468,3.7919,83.99,146.73,1334.26,,19.5117,4.2215,10.6165,1.6078,56.45,3.9005,4.5082,,10.2917,1.2968,33.125,34.155,,17.485,135.25
2024-10-04,,1.4617,1.7733,5.4919,1.3557,0.85175,7.0185,22.982,6.7621,,0.9067,0.75923,7.764,,363.89,15564,3.8101,83.97,146.6,1340.32,,19.2846,4.22,10.5943,1.612,56.33,3.912,4.5126,,10.2797,1.2979,33.08,34.252,,17.482,135.19
2024-10-07,,1.471,1.7809,5.438,1.358,0.85485,7.0185,23.08,6.7904,,0.91058,0.76414,7.7664,,366.13,15717,3.7865,84.0,148.09,1344.13,,19.3253,4.283,10.6137,1.6251,56.929,3.9351,4.5327,,10.3497,1.3025,33.39,34.253,,17.3901,135.22
2024-10-08,,1.4836,1.7809,5.5116,1.3641,0.85686,7.0524,23.05,6.791,,0.91058,0.76287,7.7736,,364.73,15647,3.7765,83.96,147.96,1346.04,,19.2479,4.2865,10.642,1.6329,56.813,3.9231,4.5322,,10.3342,1.3028,33.44,34.272,,17.4635,135.22
2024-10-09,,1.4861,1.785,5.5438,1.3676,0.85763,7.0672,23.134,6.8072,,0.91266,0.76426,7.7737,,364.97,15634,3.7606,83.96,148.74,1344.37,,19.3411,4.2825,10.7566,1.6463,56.959,3.9224,4.5413,,10.3696,1.3046,33.45,34.247,,17.64,135.71
2024-10-10,,1.4888,1.7891,5.5855,1.375,0.85922,7.0779,23.159,6.8233,,0.91475,0.76551,7.7717,,366.26,15703,3.7722,83.97,148.97,1351.55,,19.4649,4.2915,10.7867,1.6464,57.411,3.9378,4.5514,,10.3965,1.3081,33.59,34.213,,17.5989,135.84
2024-10-11,,1.4841,1.7881,5.5665,1.3771,0.85738,7.0655,23.124,6.8212,,0.91424,0.76527,7.7712,,366.47,15581,3.7578,84.07,148.97,1350.92,,19.4149,4.2875,10.7326,1.6402,57.244,3.9219,4.5483,,10.3803,1.3058,33.32,34.282,,17.4658,136.31
2024-10-14,,1.4886,1.7918,5.6292,1.3786,0.86202,7.0849,23.145,6.8358,,0.91617,0.76651,7.7616,,367.18,15593,3.759,84.04,149.69,1359.62,,19.2716,4.295,10.7618,1.6443,57.505,3.9297,4.5573,,10.4201,1.308,33.26,34.276,,17.5555,136.78
2024-10-15,,1.4891,1.7938,5.5901,1.3815,0.86224,7.1149,23.151,6.8431,,0.91718,0.76451,7.7676,,367.31,15525,3.7517,84.03,149.36,1359.93,,19.4534,4.3095,10.7915,1.6419,57.845,3.9382,4.5637,,10.365,1.3089,33.335,34.258,,17.5778,136.93
2024-10-16,,1.495,1.7948,5.6375,1.3777,0.86235,7.1131,23.214,6.8468,,0.91768,0.76723,7.7706,,367.99,15526,3.7637,84.01,149.19,1361.02,,19.7109,4.295,10.83,1.6449,57.765,3.946,4.5665,,10.412,1.309,33.13,34.21,,17.5537,137.19
2024-10-17,,1.4935,1.7999,5.6828,1.3782,0.86324,7.1218,23.243,6.8659,,0.9203,0.76804,7.7744,,367.87,15510,3.7569,84.04,149.55,1370.17,,19.9834,4.31,10.9272,1.6476,57.845,3.9677,4.5774,,10.508,1.3124,33.178,34.159,,17.7256,137.22
2024-10-18,,1.4903,1.8031,5.6539,1.3792,0.86669,7.1047,23.259,6.8753,,0.92191,0.76671,7.769,,368.81,15492,3.7085,84.08,150.04,1371.85,,19.7363,4.3045,10.8892,1.647,57.49,3.9721,4.585,,10.5287,1.3123,33.185,34.292,,17.5873,137.46
2024-10-21,,1.4954,1.8021,5.7084,1.3819,0.86428,7.1131,23.282,6.8725,,0.9214,0.76767,7.7721,,370.04,15495,3.773,84.07,150.0,1378.17,,19.9521,4.307,10.9076,1.6512,57.613,3.9782,4.582,,10.5293,1.3126,33.455,34.254,,17.615,137.57
2024-10-22,,1.495,1.8074,5.696,1.3829,0.86545,7.1206,23.336,6.8918,,0.92413,0.77017,7.7728,,369.68,15565,3.777,84.07,150.84,1378.49,,19.8873,4.328,10.926,1.6514,57.832,3.9895,4.5963,,10.5355,1.3151,33.48,34.248,,17.5755,137.97
2024-10-23,,1.5077,1.8165,5.7196,1.3839,0.86747,7.1291,23.437,6.927,,0.92876,0.77225,7.7697,,373.21,15671,3.7935,84.09,152.93,1385.29,,20.072,4.35,11.0082,1.6642,58.06,4.0339,4.6194,,10.5991,1.3223,33.765,34.295,,17.6795,138.66
2024-10-24,,1.503,1.8108,5.6927,1.3815,0.86557,7.1149,23.359,6.9066,,0.92584,0.77039,7.7702,,373.05,15580,3.7778,84.07,151.95,1379.34,,19.7824,4.348,10.9393,1.6586,57.884,4.0214,4.604,,10.5722,1.3192,33.635,34.237,,17.6743,137.67
2024-10-25,,1.5068,1.8067,5.6739,1.3847,0.8667,7.1245,23.326,6.8923,,0.92379,0.77005,7.77,,373.84,15685,3.7933,84.09,151.92,1389.46,,19.8069,4.344,10.9187,1.6651,58.308,4.0164,4.5943,,10.5751,1.3201,33.755,34.289,,17.6099,137.74
2024-10-28,,1.5134,1.8079,5.6896,1.3894,0.86587,7.1269,23.431,6.8945,,0.92439,0.76992,7.7715,,374.22,15729,3.7278,84.08,152.69,1383.3,,19.9871,4.361,11.0113,1.6693,58.208,4.0211,4.5977,,10.6036,1.3221,33.775,34.296,,17.7368,137.83
2024-10-29,,1.5243,1.8153,5.7187,1.3905,0.86959,7.1371,23.549,6.923,,0.92816,0.77056,7.7702,,376.12,15772,3.7403,84.06,153.76,1388.9,,20.022,4.3783,10.9908,1.6777,58.341,4.0356,4.6175,,10.6896,1.3261,33.785,34.295,,17.7337,138.02
2024-10-30,,1.522,1.8084,5.7849,1.3936,0.86852,7.1247,23.465,6.8984,,0.92464,0.77138,7.7716,,377.61,15688,3.7184,84.09,153.41,1380.51,,20.173,4.379,10.9834,1.6735,58.262,4.0188,4.5998,,10.6944,1.3249,33.77,34.291,,17.7101,137.31
2024-10-31,,1.5217,1.7973,5.7558,1.3907,0.86491,7.116,23.274,6.8554,,0.91895,0.76965,7.7741,,375.19,15720,3.7163,84.07,152.82,1378.47,,20.041,4.379,10.9709,1.6743,58.228,3.9982,4.5717,,10.6881,1.3212,33.775,34.247,,17.6318,136.83
2024-11-01,,1.5186,1.7968,5.7706,1.3913,0.86605,7.111,23.271,6.85,,0.9187,0.77169,7.7777,,374.6,15739,3.7373,84.06,152.08,1376.4,,19.9587,4.3785,10.9876,1.6687,58.36,4.0003,4.5701,,10.6674,1.3222,33.875,34.337,,17.5573,136.98
2024-11-04,,1.5147,1.7937,5.8092,1.3899,0.86299,7.0949,23.191,6.8395,,0.91709,0.77094,7.7734,,374.02,15766,3.749,84.12,151.75,1373.78,,20.102,4.3725,10.9561,1.6687,58.476,3.9823,4.5625,,10.6791,1.3166,33.69,34.348,,17.5393,136.56
2024-11-05,,1.5098,1.7948,5.785,1.3883,0.86281,7.1033,23.257,6.8446,,0.91768,0.77012,7.7716,,375.56,15766,3.7467,84.11,152.27,1379.93,,20.151,4.3455,10.9755,1.6673,58.322,3.9993,4.566,,10.7062,1.317,33.635,34.348,,17.4614,136.64
2024-11-06,,1.5242,1.8287,5.809,1.3925,0.87592,7.179,23.692,6.9724,,0.93502,0.77815,7.7763,,383.43,15874,3.7508,84.32,154.32,1403.37,,20.641,4.4035,11.1351,1.6827,58.858,4.0667,4.6522,,10.8943,1.3353,34.32,34.255,,17.7505,138.66
2024-11-07,,1.5017,1.8134,5.6549,1.3871,0.87455,7.1543,23.423,6.9146,,0.92721,0.7713,7.7717,,375.13,15660,3.7176,84.32,153.65,1386.91,,19.8331,4.4035,10.8934,1.6627,58.507,4.0105,4.6137,,10.7548,1.322,34.12,34.244,,17.3693,137.51
2024-11-08,,1.5094,1.8156,5.7588,1.3909,0.87198,7.1698,23.401,6.9229,,0.92833,0.77226,7.7743,,377.53,15598,3.7356,84.38,152.41,1388.24,,19.9916,4.3825,10.9297,1.6682,58.346,4.0155,4.6183,,10.7594,1.323,34.065,34.358,,17.5248,138.04
2024-11-11,,1.5197,1.8363,5.8095,1.394,0.87964,7.203,23.79,7.0016,,0.93888,0.77627,7.775,,384.59,15726,3.7397,84.4,153.81,1398.9,,20.52,4.41,11.0661,1.6766,58.643,4.0785,4.6708,,10.8835,1.3329,34.46,34.332,,17.8548,139.24
2024-11-12,,1.5264,1.8421,5.7578,1.3939,0.88104,7.2319,23.914,7.0256,,0.94189,0.78021,7.7787,,386.83,15795,3.7506,84.38,154.2,1405.43,,20.385,4.44,11.0563,1.6811,58.654,4.0975,4.6871,,10.8712,1.3379,34.795,34.383,,18.045,139.3
2024-11-13,,1.5334,1.8401,5.7419,1.3962,0.8824,7.2091,23.798,7.0183,,0.94082,0.78477,7.7789,,384.51,15727,3.742,84.38,154.96,1399.38,,20.504,4.448,11.0683,1.6879,58.639,4.0855,4.6819,,10.9037,1.3373,34.68,34.361,,18.0079,139.15
2024-11-14,,1.5461,1.8568,5.8029,1.4012,0.88949,7.2408,24.024,7.0818,,0.9494,0.7895,7.7827,,386.45,15954,3.7382,84.46,155.93,1403.95,,20.622,4.4805,11.164,1.7049,58.836,4.1188,4.7246,,11.0159,1.3458,35.02,34.365,,18.3363,138.9
2024-11-15,,1.5445,1.8481,5.7956,1.4042,0.88718,7.2278,23.893,7.0481,,0.94491,0.78858,7.7847,,384.8,15884,3.7405,84.43,155.31,1394.91,,20.382,4.4705,11.0545,1.7023,58.738,4.082,4.7026,,10.952,1.3405,34.83,34.422,,18.1757,137.67
2024-11-18,,1.5497,1.8535,5.7837,1.4095,0.88741,7.2443,23.959,7.0689,,0.94769,0.79189,7.7843,,387.32,15858,3.7403,84.42,155.17,1397.36,,20.377,4.4805,11.1041,1.7117,58.689,4.1014,4.7162,,10.9932,1.3444,34.835,34.54,,18.0788,136.75
2024-11-19,,1.5375,1.8489,5.7867,1.4022,0.88192,7.2394,23.902,7.0515,,0.94536,0.79068,7.7836,,385.19,15844,3.7447,84.41,153.82,1392.36,,20.321,4.473,11.0224,1.6968,58.909,4.0937,4.705,,10.951,1.3389,34.525,34.559,,18.0535,137.36
2024-11-20,,1.5362,1.8517,5.7731,1.3981,0.88449,7.2456,23.941,7.0623,,0.94679,0.78943,7.7834,,387.81,15897,3.7316,84.36,155.67,1395.95,,20.17,4.4715,11.0244,1.6992,58.968,4.1004,4.7117,,10.9875,1.3419,34.635,34.465,,18.1089,137.76
2024-11-21,,1.5334,1.8581,5.8215,1.3965,0.88296,7.2396,24.079,7.0861,,0.95003,0.79112,7.7827,,389.99,15897,3.7328,84.48,154.41,1398.06,,20.372,4.465,11.0393,1.7028,59.012,4.1248,4.7283,,11.027,1.3437,34.645,34.482,,18.0775,138.61
2024-11-22,,1.5384,1.8784,5.809,1.3985,0.89051,7.2472,24.355,7.1626,,0.96043,0.79913,7.7845,,394.86,15914,3.7185,84.45,154.48,1406.48,,20.432,4.4675,11.1103,1.7119,58.94,4.1657,4.7798,,11.0959,1.3479,34.545,34.551,,18.0505,139.93
2024-11-25,,1.5351,1.8636,5.8067,1.3957,0.88842,7.2433,24.102,7.1068,,0.95283,0.79528,7.7808,,390.45,15867,3.6677,84.29,154.02,1400.54,,20.324,4.452,11.04,1.7081,59.015,4.1148,4.742,,10.9605,1.3462,34.56,34.59,,18.065,138.45
2024-11-26,,1.5388,1.8588,5.7979,1.4097,0.88519,7.2481,24.039,7.0885,,0.95039,0.79339,7.7808,,390.59,15878,3.6497,84.3,153.14,1395.45,,20.489,4.4575,11.102,1.7069,58.962,4.0967,4.7302,,10.9513,1.3451,34.605,34.641,,18.0889,138.09
2024-11-27,,1.5428,1.8572,5.8202,1.406,0.88396,7.2497,23.993,7.0822,,0.94958,0.79195,7.7817,,391.3,15863,3.6563,84.41,151.6,1392.39,,20.745,4.4425,11.1006,1.6991,58.75,4.0946,4.7259,,10.9477,1.3434,34.495,34.658,,18.1456,137.4
2024-11-28,,1.5394,1.8552,5.9658,1.4011,0.88351,7.2475,23.972,7.0743,,0.94859,0.78951,7.7828,,391.61,15875,3.6476,84.47,151.67,1396.59,,20.34,4.447,11.0643,1.6991,58.691,4.0884,4.7214,,10.9443,1.3437,34.425,34.605,,18.1522,137.64
2024-11-29,,1.5381,1.8517,6.0936,1.4009,0.88137,7.2414,23.912,7.0611,,0.94679,0.78778,7.7837,,389.84,15863,3.6367,84.57,150.2,1397.57,,20.391,4.445,11.059,1.6922,58.643,4.0674,4.7126,,10.9051,1.3406,34.29,34.689,,18.0626,137.95
2024-12-02,,1.5429,1.8614,6.0267,1.4036,0.88665,7.2733,24.047,7.0984,,0.95175,0.78898,7.7808,,394.93,15898,3.6361,84.71,150.13,1404.33,,20.495,4.459,11.0964,1.6981,58.68,4.0835,4.7368,,10.9708,1.3456,34.46,34.717,,18.182,138.86
2024-12-03,,1.543,1.8605,6.0712,1.4034,0.88556,7.2859,23.995,7.0956,,0.95129,0.79074,7.7833,,394.45,15933,3.6341,84.68,149.64,1403.06,,20.349,4.47,11.0626,1.7002,58.584,4.088,4.7345,,11.0117,1.3451,34.42,34.75,,18.1035,138.6
2024-12-04,,1.5616,1.8641,6.0496,1.4063,0.88687,7.2708,24.014,7.108,,0.95311,0.78946,7.784,,394.96,15924,3.6114,84.76,151.15,1417.54,,20.308,4.4525,11.0756,1.7144,58.247,4.0858,4.7436,,11.0065,1.3472,34.35,34.757,,18.1738,138.49
2024-12-05,,1.5538,1.8556,5.998,1.405,0.88283,7.2654,23.858,7.0758,,0.94877,0.78558,7.7824,,390.7,15855,3.6035,84.68,150.4,1418.04,,20.29,4.4275,11.0626,1.7064,57.824,4.0555,4.7224,,10.9198,1.3409,34.13,34.723,,18.0671,138.05
2024-12-06,,1.56,1.8484,6.0057,1.4065,0.87742,7.2632,23.731,7.0489,,0.94509,0.78305,7.7794,,391.6,15824,3.5983,84.69,150.51,1419.74,,20.187,4.4195,11.0996,1.7118,57.854,4.0327,4.7041,,10.8903,1.3396,33.995,34.798,,18.0584,137.7
2024-12-09,,1.55,1.8507,6.042,1.4117,0.87954,7.2644,23.744,7.057,,0.94625,0.78354,7.7748,,389.15,15878,3.5625,84.87,150.83,1432.14,,20.159,4.425,11.1123,1.7061,58.002,4.0304,4.7048,,10.916,1.3396,33.74,34.815,,17.8194,138.06
2024-12-10,,1.5628,1.8579,6.0617,1.4162,0.88031,7.2532,23.842,7.0844,,0.94994,0.78422,7.776,,390.57,15873,3.5776,84.88,151.74,1431.85,,20.167,4.428,11.1442,1.7178,57.994,4.0541,4.7224,,10.9561,1.3411,33.77,34.848,,17.8782,138.6
2024-12-11,,1.5728,1.8614,6.037,1.4186,0.88322,7.2635,23.905,7.0976,,0.95175,0.78479,7.7736,,389.72,15932,3.5848,84.85,152.61,1430.36,,20.207,4.433,11.1469,1.7303,58.31,4.0585,4.7277,,10.9608,1.3433,33.885,34.87,,17.7781,138.86
2024-12-12,,1.5645,1.8643,5.9074,1.4169,0.88829,7.2702,23.892,7.1092,,0.9532,0.7857,7.7757,,389.33,15964,3.5697,84.87,152.13,1430.72,,20.169,4.437,11.1086,1.7266,58.321,4.0757,4.7378,,10.9618,1.3448,33.85,34.878,,17.6939,139.07
2024-12-13,,1.5676,1.8595,6.0355,1.4218,0.89228,7.2742,23.787,7.0898,,0.95075,0.78953,7.775,,388.76,16020,3.5915,84.8,153.5,1433.33,,20.198,4.45,11.1008,1.7321,58.605,4.0543,4.7283,,10.9479,1.3472,34.135,34.948,,17.8866,138.71
2024-12-16,,1.5727,1.863,6.039,1.4249,0.89274,7.2836,23.848,7.105,,0.95256,0.7901,7.7753,,389.63,16022,3.5975,84.89,154.06,1437.56,,20.16,4.4525,11.1602,1.7326,58.779,4.0617,4.7402,,10.9107,1.3501,34.085,34.962,,17.8788,138.22
2024-12-17,,1.5764,1.8632,6.1526,1.4285,0.89673,7.2844,23.877,7.1058,,0.95265,0.78735,7.7709,,390.06,16138,3.6001,84.92,153.98,1436.72,,20.136,4.4665,11.2065,1.7366,59.037,4.0616,4.7397,,10.9288,1.351,34.225,34.991,,18.1286,137.85
2024-12-18,,1.5817,1.8634,6.1494,1.4312,0.89386,7.285,23.94,7.108,,0.95274,0.7862,7.7709,,391.46,16110,3.588,84.95,153.89,1438.15,,20.14,4.47,11.2062,1.7438,58.932,4.0566,4.7401,,10.9466,1.3507,34.235,35.019,,18.0642,138.05
2024-12-19,,1.5999,1.8815,6.2852,1.4363,0.89649,7.2975,24.172,7.1778,,0.962,0.79312,7.7715,,400.24,16314,3.6216,85.12,156.87,1448.1,,20.331,4.5055,11.3654,1.7688,59.063,4.0885,4.7869,,11.0269,1.3594,34.58,35.071,,18.3117,139.2
2024-12-20,,1.6048,1.8824,6.0802,1.4385,0.8948,7.2985,24.178,7.1813,,0.96246,0.79851,7.7724,,398.63,16230,3.6631,85.04,156.78,1446.29,,20.23,4.508,11.423,1.7753,58.807,4.1023,4.7894,,11.0452,1.3571,34.415,35.182,,18.3931,139.27
2024-12-23,,1.6037,1.8818,6.1499,1.4412,0.8983,7.2992,24.213,7.1769,,0.96219,0.79857,7.7703,,399.02,16182,3.6503,85.11,157.18,1453.44,,20.213,4.49,11.3605,1.7732,58.596,4.1136,4.7881,,11.0497,1.357,34.285,35.219,,18.478,139.61
2024-12-24,,1.6047,1.8815,6.1937,1.4418,0.90024,7.2961,24.18,7.1773,,0.962,0.79658,7.7675,,396.08,16203,3.6684,85.17,157.05,1458.37,,20.153,4.487,11.3987,1.7729,58.477,4.1092,4.7855,,11.0952,1.3592,34.14,35.254,,18.5948,139.59
2024-12-27,,1.6078,1.8743,6.1894,1.4377,0.90043,7.2994,24.15,7.1492,,0.95831,0.79634,7.7614,,394.3,16218,3.6765,85.49,157.79,1473.55,,20.264,4.4715,11.3498,1.7736,58.153,4.0971,4.7694,,11.001,1.3583,34.015,35.214,,18.7119,139.05
2024-12-30,,1.6044,1.8727,6.2007,1.4396,0.90339,7.2993,24.154,7.1429,,0.95749,0.79424,7.7619,,394.03,16163,3.6499,85.47,157.57,1473.7,,20.38,4.465,11.3419,1.7685,57.843,4.0842,4.7649,,10.9982,1.3564,34.125,35.323,,18.7372,137.78
2024-12-31,,1.6144,1.8826,6.1847,1.4388,0.90596,7.2994,24.242,7.1786,,0.96256,0.79813,7.7665,,395.95,16191,3.6466,85.6,156.95,1474.78,,20.743,4.4715,11.3534,1.7838,58.043,4.1149,4.788,,11.0299,1.3634,34.34,35.361,,18.8842,138.51
2025-01-02,,1.6101,1.895,6.2203,1.4422,0.90795,7.2995,24.394,7.2263,,0.9689,0.80533,7.7765,,400.06,16207,3.6504,85.76,157.0,1467.95,,20.771,4.4785,11.3529,1.783,57.91,4.1423,4.8196,,11.067,1.3653,34.255,35.318,,18.6725,139.42
2025-01-03,,1.6075,1.899,6.1635,1.4411,0.90902,7.3183,24.435,7.2433,,0.97097,0.80584,7.7796,,402.88,16219,3.6522,85.77,157.07,1468.78,,20.617,4.5,11.3729,1.7833,58.098,4.1485,4.8308,,11.1074,1.3703,34.445,35.368,,18.7355,139.92
2025-01-06,,1.5879,1.8759,6.1048,1.4305,0.90121,7.3167,24.126,7.1543,,0.95914,0.79703,7.7724,,397.74,16147,3.6356,85.61,156.58,1456.21,,20.33,4.511,11.2311,1.7604,57.902,4.0781,4.7714,,10.9961,1.3589,34.37,35.325,,18.4849,138.79
2025-01-07,,1.5931,1.8818,6.0747,1.4315,0.90696,7.3263,24.186,7.1771,,0.96219,0.7978,7.7768,,400.01,16160,3.6256,85.74,157.66,1450.35,,20.34,4.4875,11.2946,1.7624,58.095,4.0973,4.7863,,11.0411,1.3615,34.475,35.354,,18.591,140.0
2025-01-08,,1.6138,1.9014,6.1321,1.4391,0.91182,7.3316,24.451,7.2534,,0.9722,0.81084,7.7793,,404.68,16255,3.6747,85.89,158.41,1461.7,,20.425,4.5025,11.4116,1.7872,58.518,4.1576,4.8356,,11.1924,1.3704,34.69,35.383,,18.8953,141.07
2025-01-09,,1.6138,1.8979,6.1127,1.4392,0.91189,7.3322,24.373,7.2401,,0.9704,0.81328,7.7816,,401.73,16200,3.6597,85.85,157.75,1459.71,,20.476,4.503,11.4124,1.7872,58.497,4.1459,4.8262,,11.1543,1.3685,34.59,35.343,,18.8776,140.61
2025-01-10,,1.6164,1.8981,6.0556,1.4407,0.91382,7.3313,24.35,7.2405,,0.9705,0.81224,7.7857,,401.48,16189,3.6771,86.02,158.06,1466.73,,20.503,4.4965,11.4101,1.791,58.465,4.1401,4.8268,,11.1578,1.3676,34.565,35.409,,19.0378,141.01
2025-01-13,,1.6256,1.9178,6.0903,1.4414,0.91645,7.3319,24.74,7.3157,,0.98058,0.82526,7.787,,405.65,16318,3.6709,86.7,157.11,1468.44,,20.769,4.51,11.4817,1.8002,58.689,4.1886,4.8765,,11.2821,1.3738,34.775,35.499,,19.1445,141.69
2025-01-14,,1.6204,1.909,6.0809,1.4391,0.91703,7.3312,24.689,7.2823,,0.97609,0.82272,7.7854,,402.2,16309,3.6296,86.57,157.76,1460.61,,20.629,4.505,11.4392,1.7886,58.756,4.1662,4.8559,,11.2367,1.37,34.76,35.493,,18.95,141.43
2025-01-15,,1.6132,1.8988,6.056,1.4353,0.91204,7.3316,24.483,7.2438,,0.97087,0.81857,7.7865,,398.67,16381,3.6213,86.42,157.04,1459.37,,20.476,4.499,11.3626,1.7846,58.6,4.1372,4.8293,,11.1665,1.3679,34.72,35.483,,18.8659,140.49
2025-01-16,,1.6135,1.904,6.0343,1.4385,0.91277,7.3317,24.563,7.2633,,0.97352,0.82027,7.7888,,401.43,16407,3.6246,86.58,156.21,1459.35,,20.621,4.5025,11.3868,1.7902,58.564,4.1558,4.8437,,11.1809,1.3689,34.65,35.443,,18.891,141.26
2025-01-17,,1.6164,1.8992,6.0709,1.4434,0.91222,7.329,24.534,7.2449,,0.97106,0.82009,7.7873,,400.71,16398,3.5901,86.62,155.59,1458.58,,20.799,4.506,11.4187,1.7902,58.591,4.1353,4.8325,,11.173,1.3675,34.465,35.567,,18.7695,140.9
2025-01-20,,1.6118,1.8959,6.0768,1.4467,0.91402,7.312,24.437,7.2326,,0.96937,0.81997,7.7841,,400.49,16390,3.5861,86.54,156.42,1451.34,,20.87,4.493,11.4061,1.7843,58.486,4.1264,4.8244,,11.1424,1.3646,34.255,35.589,,18.7457,141.04
2025-01-21,,1.6065,1.8884,6.0524,1.4447,0.91021,7.2843,24.31,7.2042,,0.96553,0.81639,7.7857,,397.3,16339,3.5865,86.6,155.7,1441.93,,20.747,4.4755,11.4097,1.7772,58.531,4.1072,4.8053,,11.0795,1.3593,34.065,35.629,,18.6035,140.87
2025-01-22,,1.5899,1.8728,6.0077,1.4337,0.90482,7.2673,24.073,7.1447,,0.95758,0.80883,7.7872,,393.64,16211,3.5394,86.38,155.82,1432.55,,20.56,4.4365,11.254,1.7607,58.415,4.0506,4.7657,,10.9806,1.3527,33.835,35.652,,18.4695,140.29
2025-01-23,,1.595,1.8799,5.9517,1.4402,0.90754,7.2884,24.164,7.1709,,0.96117,0.81188,7.7898,,393.79,16240,3.5676,86.44,156.27,1436.85,,20.469,4.444,11.275,1.7663,58.692,4.0475,4.7831,,11.0232,1.3566,34.025,35.658,,18.5643,140.23
2025-01-24,,1.5852,1.8676,5.9078,1.4338,0.90661,7.247,23.966,7.1251,,0.95493,0.80608,7.7883,,390.42,16139,3.5891,86.26,156.51,1433.92,,20.25,4.3775,11.2199,1.7536,58.389,4.0239,4.7518,,10.9425,1.3492,33.68,35.692,,18.3843,139.71
2025-01-27,,1.5859,1.8574,5.9236,1.4336,0.89772,7.2465,23.839,7.0869,,0.94967,0.79873,7.786,,388.21,16151,3.6148,86.31,154.05,1432.07,,20.501,4.3785,11.2151,1.7535,58.317,4.0069,4.7246,,10.9174,1.3423,33.62,35.732,,18.6645,138.94
2025-01-28,,1.6023,1.8768,5.9049,1.4412,0.90596,7.2466,24.077,7.1611,,0.9596,0.8048,7.7909,,391.64,16225,3.6201,86.56,155.32,1445.94,,20.668,4.393,11.3027,1.7694,58.44,4.0378,4.7739,,11.0143,1.3518,33.88,35.764,,18.6968,140.2
2025-01-29,,1.6073,1.8813,5.8475,1.4439,0.90708,7.2513,24.165,7.1784,,0.96191,0.80534,7.7907,,392.54,16240,3.5997,86.56,155.35,1446.73,,20.484,4.393,11.3298,1.7724,58.41,4.053,4.7858,,11.0191,1.3516,33.77,35.776,,18.6658,140.15
2025-01-30,,1.6058,1.88,5.9114,1.4416,0.90753,7.2514,24.148,7.1725,,0.96126,0.80443,7.791,,391.47,16247,3.5833,86.61,154.11,1441.91,,20.528,4.393,11.3059,1.7695,58.342,4.0434,4.783,,11.0257,1.3504,33.695,35.781,,18.5272,140.44
2025-01-31,,1.607,1.8818,5.8383,1.4466,0.90917,7.2513,24.214,7.1796,,0.96219,0.80446,7.7927,,392.52,16300,3.5792,86.59,154.9,1449.65,,20.665,4.455,11.2935,1.7696,58.387,4.0537,4.7885,,11.0401,1.3558,33.595,35.857,,18.6268,141.15
2025-02-03,,1.6226,1.9036,5.8516,1.465,0.91425,7.2513,24.58,7.2628,,0.97333,0.80919,7.7937,,397.54,16415,3.6005,87.06,154.63,1463.9,,20.933,4.475,11.4014,1.7933,58.554,4.1128,4.8442,,11.1748,1.365,34.0,35.986,,18.8286,142.11
2025-02-04,,1.609,1.8924,5.8189,1.4411,0.90914,7.2514,24.356,7.2192,,0.96759,0.80492,7.788,,393.95,16318,3.5763,87.09,155.32,1455.45,,20.447,4.444,11.3411,1.7821,58.27,4.0825,4.8156,,11.0479,1.3561,33.805,35.951,,18.7781,142.04
2025-02-05,,1.5909,1.8766,5.7884,1.4274,0.90146,7.2728,24.118,7.1576,,0.95951,0.79721,7.7876,,389.56,16315,3.5513,87.37,152.8,1446.55,,20.608,4.4225,11.1968,1.7579,57.993,4.0269,4.7751,,10.8984,1.3484,33.57,35.915,,18.5672,140.86
2025-02-06,,1.5972,1.8878,5.8038,1.4348,0.90589,7.2887,24.265,7.2004,,0.96525,0.8078,7.7865,,391.99,16355,3.561,87.61,152.46,1450.75,,20.628,4.435,11.2534,1.7681,58.11,4.0603,4.8038,,10.9276,1.354,33.835,35.895,,18.6122,141.51
2025-02-07,,1.5925,1.8847,5.7682,1.4342,0.90758,7.2886,24.196,7.189,,0.96367,0.80325,7.7891,,390.82,16318,3.5532,87.51,152.04,1447.09,,20.51,4.44,11.2027,1.7623,58.003,4.046,4.796,,10.8765,1.3512,33.655,35.978,,18.4278,141.27
2025-02-10,,1.5938,1.8952,5.7773,1.4339,0.91047,7.3057,24.296,7.2271,,0.96899,0.80701,7.7907,,391.36,16345,3.5649,87.47,152.05,1450.4,,20.579,4.47,11.2156,1.7691,58.15,4.0463,4.8226,,10.9268,1.3539,33.908,35.996,,18.4175,142.05
2025-02-11,,1.5926,1.8944,5.8018,1.4325,0.91331,7.3072,24.313,7.2241,,0.96862,0.80739,7.7927,,391.22,16367,3.5924,86.74,152.34,1453.6,,20.617,4.47,11.2122,1.771,58.165,4.0474,4.8207,,10.8994,1.3556,34.115,36.052,,18.4903,142.0
2025-02-12,,1.5935,1.886,5.7678,1.4301,0.91196,7.309,24.18,7.1922,,0.96432,0.80365,7.7887,,388.26,16349,3.593,86.89,153.54,1452.24,,20.555,4.47,11.2459,1.7735,58.14,4.0225,4.7991,,10.8867,1.353,34.105,36.096,,18.4569,141.18
2025-02-13,,1.5968,1.8824,5.7829,1.4287,0.90674,7.2971,24.116,7.1786,,0.96246,0.80186,7.7888,,386.7,16386,3.5767,86.99,153.79,1450.93,,20.633,4.455,11.2748,1.7755,58.048,4.0123,4.7903,,10.858,1.3506,33.905,36.107,,18.5246,141.29
2025-02-14,,1.5761,1.8666,5.7384,1.4178,0.90113,7.2667,23.901,7.1187,,0.95438,0.79419,7.7834,,384.57,16205,3.5638,86.67,152.79,1440.64,,20.343,4.435,11.12,1.7515,57.728,3.9753,4.75,,10.7315,1.3411,33.63,36.218,,18.3771,140.58
2025-02-17,,1.5713,1.8675,5.7057,1.419,0.90137,7.2631,23.924,7.1228,,0.95484,0.79378,7.7801,,383.59,16226,3.5557,86.88,151.5,1443.57,,20.387,4.434,11.1157,1.7438,58.013,3.9726,4.7522,,10.7094,1.3415,33.715,36.234,,18.439,140.27
2025-02-18,,1.5761,1.8721,5.7027,1.4209,0.90217,7.2802,24.024,7.1391,,0.95721,0.79473,7.7759,,384.36,16338,3.5586,86.96,151.77,1441.87,,20.285,4.4455,11.1601,1.7553,58.243,3.9877,4.7643,,10.7318,1.3435,33.715,36.275,,18.4367,140.42
2025-02-19,,1.5736,1.8744,5.7289,1.4205,0.90426,7.2855,24.057,7.1486,,0.95841,0.79392,7.7773,,385.4,16371,3.5438,86.87,151.82,1442.13,,20.313,4.4415,11.1453,1.7493,58.128,4.0004,4.7704,,10.7476,1.3425,33.695,36.3,,18.5258,140.21
2025-02-20,,1.5687,1.8728,5.7001,1.4211,0.90233,7.2591,24.009,7.1426,,0.95758,0.7931,7.7766,,385.02,16290,3.5417,86.59,149.96,1436.96,,20.36,4.43,11.1165,1.7454,57.897,3.984,4.7666,,10.6923,1.3374,33.61,36.314,,18.4315,139.52
2025-02-21,,1.5666,1.8689,5.7096,1.4196,0.90014,7.2559,23.968,7.1274,,0.95557,0.79083,7.7713,,386.62,16319,3.5558,86.63,150.46,1433.5,,20.326,4.4185,11.1123,1.7378,57.946,3.9831,4.7561,,10.6474,1.3372,33.62,36.409,,18.3899,139.23
2025-02-24,,1.5702,1.8687,5.7192,1.4214,0.89958,7.25,23.946,7.1281,,0.95547,0.79142,7.7734,,383.8,16286,3.5672,86.73,149.83,1427.98,,20.418,4.4105,11.1174,1.7402,57.884,3.96,4.7556,,10.6564,1.3379,33.505,36.398,,18.3487,138.64
2025-02-25,,1.5755,1.8632,5.7958,1.426,0.89416,7.261,23.758,7.1063,,0.95265,0.78983,7.7745,,382.2,16348,3.579,87.19,149.75,1433.85,,20.476,4.425,11.1116,1.7469,57.952,3.9433,4.7417,,10.6178,1.3382,33.705,36.462,,18.3731,138.8
2025-02-26,,1.585,1.865,5.7527,1.4355,0.89559,7.259,23.789,7.112,,0.95356,0.7902,7.7731,,381.71,16375,3.5735,87.11,149.42,1434.49,,20.471,4.429,11.1467,1.7564,57.913,3.9516,4.7462,,10.6255,1.3383,33.745,36.438,,18.3901,138.55
2025-02-27,,1.5881,1.8668,5.8056,1.4355,0.89787,7.2661,23.849,7.1188,,0.95447,0.78909,7.7738,,381.24,16453,3.5491,87.15,149.59,1443.04,,20.378,4.4445,11.1688,1.7595,57.872,3.9427,4.7497,,10.6509,1.3409,33.905,36.43,,18.4162,138.88
2025-02-28,,1.608,1.8786,5.8315,1.4426,0.90231,7.279,24.041,7.1639,,0.96052,0.79347,7.7783,,383.73,16548,3.5978,87.38,150.76,1459.92,,20.381,4.4625,11.2616,1.7846,57.972,3.9865,4.7803,,10.7463,1.3483,34.163,36.518,,18.4341,139.95
2025-03-03,,1.6064,1.8689,5.8853,1.4433,0.90091,7.2892,23.982,7.1269,,0.95557,0.78863,7.777,,382.64,16451,3.5945,87.29,151.29,1458.6,,20.473,4.466,11.1753,1.7839,57.751,3.9855,4.7561,,10.6546,1.3479,34.105,36.454,,18.64,139.23
2025-03-04,,1.6026,1.8526,5.8854,1.4421,0.88766,7.2572,23.705,7.0654,,0.94724,0.7842,7.7727,,377.88,16414,3.6163,87.14,148.24,1456.03,,20.784,4.4665,11.185,1.7732,57.589,3.9399,4.7143,,10.5139,1.3404,33.705,36.454,,18.5251,138.58
2025-03-05,,1.5925,1.8289,5.8854,1.4399,0.88966,7.2634,23.422,6.9748,,0.9351,0.78081,7.7713,,372.97,16362,3.6235,87.05,149.7,1450.95,,20.581,4.4295,11.0529,1.761,57.399,3.8807,4.6529,,10.2978,1.3373,33.675,36.434,,18.4423,136.99
2025-03-06,,1.5781,1.8116,5.751,1.4366,0.88598,7.2478,23.2,6.9093,,0.92627,0.77612,7.7734,,371.14,16368,3.6146,87.08,147.5,1448.25,,20.403,4.4275,10.8522,1.7423,57.358,3.869,4.6086,,10.1538,1.3326,33.715,36.424,,18.3011,136.07
2025-03-07,,1.5896,1.8014,5.7674,1.4337,0.88026,7.236,23.041,6.8701,,0.92106,0.7745,7.7698,,367.76,16270,3.6235,86.99,147.69,1446.5,,20.309,4.415,10.8308,1.7511,57.225,3.8489,4.5829,,10.1055,1.3308,33.635,36.455,,18.1732,135.67
2025-03-10,,1.5821,1.8034,5.7987,1.4423,0.87709,7.2585,23.012,6.8773,,0.92208,0.77316,7.7677,,368.33,16357,3.6344,87.31,146.97,1455.89,,20.201,4.4235,10.7612,1.7443,57.41,3.8691,4.5888,,10.1148,1.3311,33.795,36.554,,18.2415,135.45
2025-03-11,,1.5906,1.7923,5.8365,1.4416,0.8805,7.2332,22.877,6.8353,,0.91642,0.77322,7.7698,,368.2,16438,3.6474,87.2,148.02,1453.96,,20.357,4.413,10.6617,1.7531,57.293,3.8492,4.5611,,10.0637,1.332,33.775,36.59,,18.2631,134.62
2025-03-12,,1.5889,1.7966,5.8412,1.4407,0.88361,7.2431,22.977,6.852,,0.91861,0.77235,7.7695,,367.24,16470,3.6383,87.2,149.03,1452.0,,20.243,4.4305,10.6637,1.7505,57.366,3.854,4.5723,,10.0831,1.3345,33.855,36.609,,18.3952,134.58
2025-03-13,,1.5941,1.8059,5.8201,1.4396,0.88449,7.2477,23.17,6.8887,,0.92336,0.77357,7.7724,,369.6,16435,3.6585,87.05,148.33,1456.72,,20.159,4.438,10.7087,1.7585,57.468,3.8749,4.596,,10.2216,1.3374,33.855,36.608,,18.4283,134.9
2025-03-14,,1.583,1.7961,5.7565,1.441,0.88539,7.2387,22.972,6.851,,0.91836,0.7731,7.7725,,366.87,16358,3.6752,86.94,148.66,1453.64,,19.9807,4.4465,10.6713,1.7435,57.28,3.8317,4.5705,,10.1513,1.3349,33.665,36.677,,18.1681,133.99
2025-03-17,,1.5739,1.7938,5.7083,1.4331,0.88196,7.2337,22.962,6.8428,,0.91718,0.77067,7.7702,,366.21,16379,3.6479,86.79,148.82,1448.29,,19.889,4.445,10.5735,1.7255,57.304,3.8396,4.5653,,10.1096,1.3319,33.625,36.667,,18.1415,134.0
2025-03-18,,1.5705,1.7914,5.687,1.4287,0.87937,7.2272,22.933,6.8326,,0.91592,0.77096,7.77,,363.92,16512,3.6494,86.55,149.75,1453.26,,20.058,4.445,10.5587,1.7198,57.282,3.824,4.5589,,10.0724,1.3321,33.565,36.655,,18.0513,133.45
2025-03-19,,1.5792,1.7948,5.6831,1.4321,0.87942,7.2301,22.937,6.8452,,0.91768,0.77157,7.7704,,365.45,16526,3.6717,86.32,149.83,1458.85,,19.9376,4.436,10.558,1.7282,57.219,3.8437,4.5676,,10.0968,1.333,33.625,37.992,,18.1197,133.52
2025-03-20,,1.5916,1.8054,5.6561,1.4393,0.88286,7.2446,23.09,6.8858,,0.92311,0.77255,7.7715,,368.95,16510,3.6765,86.36,148.48,1469.55,,20.215,4.426,10.618,1.7443,57.24,3.8773,4.5942,,10.1814,1.3363,33.805,37.999,,18.1909,133.2
2025-03-21,,1.5923,1.8064,5.7182,1.4363,0.88178,7.2483,23.073,6.8898,,0.92362,0.77367,7.7737,,368.6,16511,3.7128,86.03,148.69,1464.4,,20.259,4.421,10.5302,1.7383,57.268,3.8813,4.5968,,10.0979,1.3348,33.855,38.01,,18.1796,133.28
2025-03-24,,1.5912,1.8069,5.757,1.4339,0.88174,7.2536,23.069,6.8913,,0.92387,0.77294,7.7736,,367.78,16559,3.6993,85.57,149.81,1467.29,,20.17,4.434,10.5132,1.7469,57.342,3.8581,4.5968,,10.1229,1.3378,33.875,38.0,,18.1234,133.68
2025-03-25,,1.5818,1.8067,5.7322,1.4281,0.8812,7.2583,22.988,6.8914,,0.92379,0.77196,7.7746,,367.67,16565,3.6635,85.7,149.95,1466.2,,20.004,4.436,10.4471,1.7399,57.53,3.8462,4.5964,,9.9746,1.3357,33.845,37.975,,18.1646,133.12
2025-03-26,,1.583,1.8129,5.7258,1.4263,0.88357,7.2656,23.113,6.9156,,0.92696,0.77515,7.7759,,371.55,16613,3.668,85.65,150.35,1465.39,,20.069,4.4295,10.5288,1.7379,57.712,3.8705,4.6128,,10.0477,1.3384,33.975,38.009,,18.2586,132.83
2025-03-27,,1.5856,1.8134,5.763,1.4302,0.88308,7.2657,23.164,6.9175,,0.92721,0.77254,7.7763,,371.79,16585,3.6713,85.73,150.72,1465.15,,20.295,4.4315,10.5178,1.7411,57.405,3.8913,4.615,,10.0357,1.3398,33.87,38.01,,18.2718,131.94
2025-03-28,,1.5856,1.8114,5.7657,1.4304,0.88219,7.2654,23.118,6.9108,,0.92618,0.77205,7.7788,,373.37,16588,3.6899,85.53,150.63,1468.6,,20.346,4.4375,10.4603,1.7454,57.374,3.8691,4.61,,10.0213,1.3412,33.958,38.01,,18.1637,131.98
2025-03-31,,1.6013,1.8084,5.7797,1.4362,0.88128,7.2531,23.081,6.899,,0.92464,0.77241,7.779,,372.03,16637,3.7222,85.44,149.42,1474.54,,20.4,4.4375,10.5529,1.7601,57.253,3.8687,4.602,,10.0314,1.3425,33.94,37.947,,18.3802,131.95
2025-04-01,,1.5995,1.8129,5.7174,1.4395,0.88246,7.2702,23.131,6.9166,,0.92696,0.77554,7.7811,,373.22,16743,3.7053,85.63,149.18,1472.4,,20.521,4.4375,10.4913,1.7613,57.28,3.8805,4.6138,,10.026,1.3433,34.155,37.931,,18.3297,133.2
2025-04-02,,1.5872,1.8104,5.6662,1.4328,0.88337,7.2692,23.107,6.9065,,0.92567,0.77252,7.7818,,371.15,16716,3.7005,85.49,149.24,1461.88,,20.36,4.454,10.4365,1.7422,57.212,3.867,4.6075,,9.9639,1.343,34.185,37.913,,18.6096,133.02
2025-04-03,,1.5723,1.7625,5.6241,1.409,0.85951,7.292,22.503,6.7237,,0.90114,0.75843,7.7779,,361.88,16714,3.6874,85.28,146.14,1455.45,,20.026,4.442,10.2942,1.7164,57.038,3.7812,4.4854,,9.6607,1.3341,34.285,37.935,,18.8808,130.4
2025-04-04,,1.6368,1.7688,5.7346,1.4196,0.85077,7.2821,22.739,6.7485,,0.9044,0.76861,7.7718,,366.92,16958,3.7301,85.4,145.21,1448.05,,20.384,4.437,10.5648,1.7738,57.243,3.855,4.5015,,9.9249,1.3389,34.18,38.012,,19.0639,130.87
2025-04-07,,1.6572,1.7834,5.8735,1.4276,0.85502,7.3087,22.973,6.8057,,0.91183,0.78041,7.7686,,371.98,16952,3.7844,85.77,146.42,1464.86,,20.677,4.48,10.9004,1.7918,57.39,3.9154,4.5385,,10.1012,1.3465,34.51,38.011,,19.3982,132.31
2025-04-08,,1.6505,1.7861,5.864,1.4166,0.85379,7.3387,22.958,6.8172,,0.91324,0.78214,7.7679,,371.69,16916,3.7596,86.22,146.71,1478.35,,20.528,4.491,10.9137,1.7839,57.33,3.8986,4.5454,,10.0251,1.3485,34.69,38.011,,19.3425,132.51
2025-04-09,,1.6651,1.7708,6.0548,1.4188,0.84002,7.3498,22.787,6.7623,,0.90539,0.78257,7.7542,,370.24,16944,3.8131,86.67,144.51,1476.73,,20.969,4.496,10.9728,1.7997,57.439,3.8889,4.5067,,10.024,1.3475,34.505,38.01,,19.7157,131.37
2025-04-10,,1.6157,1.7648,5.8552,1.4083,0.83911,7.3215,22.658,6.7364,,0.90236,0.77382,7.7607,,367.04,16835,3.781,86.16,145.53,1455.45,,20.433,4.468,10.8117,1.7531,57.346,3.8389,4.4916,,9.9432,1.3364,34.07,37.911,,19.4252,130.57
2025-04-11,,1.6042,1.7238,5.831,1.3869,0.81544,7.2994,22.164,6.5816,,0.88137,0.76395,7.7552,,360.39,16855,3.7209,86.09,142.84,1431.68,,20.38,4.4225,10.665,1.7254,57.065,3.7857,4.3872,,9.8006,1.3213,33.555,38.058,,19.2834,128.06
2025-04-14,,1.5851,1.7191,5.8441,1.3875,0.81999,7.3126,22.069,6.5637,,0.87897,0.75928,7.7543,,360.77,16810,3.6837,85.99,143.25,1421.54,,20.192,4.415,10.5656,1.7078,57.017,3.7672,4.3751,,9.6743,1.3159,33.555,38.053,,18.9268,127.36
2025-04-15,,1.5714,1.7271,5.8466,1.3874,0.81614,7.315,22.134,6.5914,,0.88308,0.75565,7.7921,,360.06,16854,3.691,85.89,142.93,1426.85,,20.065,4.4184,10.5728,1.687,56.991,3.7835,4.3958,,9.7678,1.3171,33.58,38.134,,18.9456,128.51
2025-04-16,,1.569,1.7224,5.8715,1.3921,0.8155,7.3061,22.012,6.5761,,0.88067,0.75401,7.7608,,359.08,16799,3.6833,85.65,142.75,1418.06,,20.012,4.4105,10.6319,1.6909,56.734,3.781,4.3838,,9.8239,1.3145,33.215,38.124,,18.8507,127.96
2025-04-17,,1.5709,1.7217,5.8812,1.3885,0.81787,7.2975,22.015,6.5732,,0.88028,0.75592,7.7636,,358.8,16868,3.6842,85.4,142.59,1416.48,,19.9164,4.4075,10.533,1.6829,56.679,3.7626,4.3817,,9.7076,1.3121,33.275,38.081,,18.8319,127.73
2025-04-22,,1.5637,1.7043,5.7961,1.3847,0.81196,7.3134,21.855,6.5054,,0.87138,0.74815,7.7577,,356.73,16842,3.7192,85.2,140.34,1425.18,,19.6575,4.3915,10.3594,1.6679,56.608,3.7295,4.3371,,9.5114,1.308,33.235,38.26,,18.6232,126.26
2025-04-23,,1.5606,1.7134,5.7054,1.3832,0.8219,7.2886,21.914,6.5403,,0.87604,0.75158,7.7588,,358.33,16876,3.6661,85.4,141.64,1422.13,,19.5576,4.391,10.417,1.67,56.557,3.7595,4.3602,,9.5834,1.3106,33.365,38.29,,18.601,126.94
2025-04-24,,1.5667,1.7192,5.6855,1.3862,0.8256,7.2895,21.956,6.5625,,0.87904,0.75158,7.7584,,358.03,16852,3.646,85.34,142.55,1435.29,,19.5904,4.373,10.3978,1.6725,56.454,3.7577,4.3749,,9.5912,1.3119,33.44,38.312,,18.7096,127.37
2025-04-25,,1.5671,1.7221,5.6851,1.3872,0.82953,7.2883,21.95,6.5736,,0.88051,0.75117,7.7564,,357.96,16854,3.621,85.43,143.35,1439.49,,19.624,4.374,10.4266,1.6785,56.281,3.7583,4.3828,,9.687,1.3146,33.54,38.416,,18.8087,127.59
2025-04-28,,1.5636,1.722,5.6956,1.3862,0.82937,7.298,21.984,6.5719,,0.88044,0.7496,7.7571,,356.12,16812,3.6322,85.02,143.34,1444.38,,19.5202,4.363,10.4433,1.6811,56.359,3.7643,4.3827,,9.6822,1.3139,33.59,38.444,,18.6283,128.1
2025-04-29,,1.5611,1.7197,5.656,1.3845,0.82582,7.2729,21.913,6.5626,,0.87928,0.74721,7.7585,,355.26,16758,3.6216,85.13,142.69,1435.67,,19.6034,4.3275,10.3794,1.6799,56.1,3.7552,4.3768,,9.6386,1.3096,33.44,38.438,,18.5474,128.46
2025-04-30,,1.5649,1.7197,5.6132,1.3829,0.82555,7.2659,21.912,6.5626,,0.87928,0.74897,7.7564,,355.3,16620,3.6253,84.53,143.04,1423.01,,19.5217,4.315,10.3834,1.6899,55.867,3.7592,4.3772,,9.647,1.3065,33.42,38.474,,18.5615,128.29
2025-05-02,,1.5534,1.7242,5.6655,1.3819,0.82368,7.2714,21.971,6.5784,,0.8816,0.75227,7.75,,356.19,16444,3.6058,84.3,144.52,1397.73,,19.6879,4.2615,10.3663,1.6819,55.549,3.7688,4.3888,,9.6425,1.2954,33.035,38.568,,18.3779,128.98
2025-05-05,,1.5421,1.7242,5.6439,1.3806,0.82306,7.2714,21.956,6.5787,,0.8816,0.75068,7.7501,,356.55,16434,3.6135,84.3,143.87,1371.32,,19.5874,4.2,10.3928,1.6705,55.641,3.7673,4.3891,,9.6407,1.2888,32.91,38.584,,18.3091,129.33
2025-05-06,,1.5472,1.727,5.6987,1.38,0.82525,7.2172,22.04,6.5883,,0.883,0.74781,7.75,,357.75,16418,3.6189,84.38,142.73,1381.08,,19.7139,4.2325,10.3325,1.6711,55.659,3.7747,4.4927,,9.6071,1.2892,32.635,38.601,,18.2649,129.54
2025-05-07,,1.5452,1.7217,5.701,1.3797,0.82386,7.2253,21.94,6.5682,,0.88028,0.74921,7.7587,,355.7,16517,3.5842,84.76,143.39,1391.15,,19.6312,4.239,10.2742,1.6707,55.36,3.7635,4.4974,,9.5977,1.2914,32.7,38.643,,18.2887,128.79
2025-05-08,,1.5584,1.7313,5.7462,1.3892,0.82544,7.2377,22.062,6.6038,,0.88519,0.75029,7.7716,,358.88,16502,3.5786,85.5,144.68,1398.72,,19.5725,4.281,10.3461,1.6876,55.68,3.7798,4.5311,,9.6512,1.2964,32.815,38.633,,18.15,129.68
2025-05-09,,1.5617,1.7382,5.6565,1.3916,0.83123,7.2405,22.17,6.6303,,0.88873,0.75338,7.7781,,359.85,16537,3.5485,85.39,145.18,1400.39,,19.505,4.297,10.3737,1.697,55.468,3.7676,4.5486,,9.7049,1.2975,33.0,38.749,,18.2048,130.55
2025-05-12,,1.5653,1.761,5.6728,1.3984,0.8436,7.2032,22.492,6.7165,,0.90041,0.75896,7.7916,,365.69,16659,3.5488,84.86,148.08,1419.08,,19.5408,4.297,10.4412,1.702,55.722,3.818,4.594,,9.8006,1.3062,33.485,38.772,,18.3117,131.91
2025-05-13,,1.5606,1.7601,5.665,1.3996,0.84215,7.2013,22.451,6.713,,0.89993,0.75648,7.7953,,364.32,16660,3.577,85.34,148.14,1424.45,,19.5761,4.3225,10.4151,1.6971,55.81,3.8263,4.5923,,9.7422,1.305,33.245,38.778,,18.3828,132.02
2025-05-14,,1.5463,1.7441,5.6115,1.394,0.83735,7.2047,22.229,6.6517,,0.89174,0.7504,7.8044,,360.44,16536,3.5506,85.39,146.25,1397.56,,19.3758,4.29,10.3188,1.6826,55.859,3.7832,4.5517,,9.679,1.2986,33.275,38.751,,18.2486,129.39
2025-05-15,,1.5608,1.7486,5.6284,1.3987,0.83835,7.2115,22.282,6.6697,,0.89405,0.75315,7.8073,,360.64,16526,3.5411,85.52,146.0,1398.08,,19.3438,4.283,10.4157,1.702,55.819,3.7928,4.5642,,9.734,1.2989,33.315,38.694,,18.0787,129.37
2025-05-16,,1.5596,1.7472,5.6861,1.3972,0.83804,7.2056,22.276,6.6645,,0.89334,0.75281,7.8147,,360.06,16462,3.5517,85.6,145.66,1396.44,,19.4899,4.2965,10.394,1.6962,55.71,3.8056,4.5597,,9.7666,1.2988,33.39,38.835,,18.1052,130.34
2025-05-19,,1.5513,1.7366,5.6698,1.3947,0.83413,7.2123,22.116,6.6248,,0.88794,0.74756,7.8194,,357.26,16455,3.5513,85.44,144.97,1388.78,,19.4584,4.291,10.2961,1.6914,55.698,3.7904,4.4764,,9.6799,1.2944,33.055,38.843,,18.0474,129.55
2025-05-20,,1.5602,1.7399,5.644,1.3952,0.8332,7.2195,22.169,6.636,,0.8896,0.74887,7.8256,,358.2,16424,3.529,85.56,144.64,1394.62,,19.2803,4.299,10.3154,1.6934,55.755,3.7797,4.5132,,9.682,1.296,33.06,38.85,,17.9762,129.79
2025-05-21,,1.5519,1.7276,5.67,1.3887,0.82608,7.2034,21.965,6.5888,,0.88331,0.74605,7.831,,355.14,16330,3.5527,85.57,143.77,1375.31,,19.3084,4.27,10.144,1.6842,55.638,3.747,4.4792,,9.5791,1.2899,32.79,38.824,,17.9145,127.73
2025-05-22,,1.557,1.7294,5.6614,1.3865,0.82616,7.2046,22.055,6.5967,,0.88425,0.74516,7.8253,,357.0,16335,3.595,85.98,143.42,1381.79,,19.4058,4.275,10.1826,1.6931,55.662,3.7545,4.4726,,9.5928,1.2911,32.81,38.912,,18.0264,127.86
2025-05-23,,1.5546,1.7306,5.727,1.3831,0.82285,7.1849,22.047,6.6007,,0.88488,0.7417,7.8319,,357.09,16267,3.6219,85.43,142.58,1376.67,,19.3381,4.231,10.1956,1.6823,55.332,3.7698,4.4701,,9.5875,1.2879,32.545,39.03,,17.9851,128.31
2025-05-26,,1.5366,1.7185,5.6489,1.3719,0.82207,7.187,21.847,6.554,,0.87866,0.73737,7.8362,,354.65,16253,3.5704,85.09,142.9,1369.48,,19.1925,4.219,10.0905,1.6629,55.434,3.7295,4.4481,,9.5189,1.2837,32.59,38.902,,17.8482,127.05
2025-05-27,,1.552,1.7223,5.6649,1.3774,0.82652,7.1952,21.933,6.5684,,0.88059,0.73802,7.8381,,356.01,16282,3.5394,85.4,144.17,1374.25,,19.2533,4.239,10.1321,1.68,55.536,3.7403,4.4565,,9.5795,1.2877,32.78,38.999,,17.9148,126.81
2025-05-28,,1.5534,1.7282,5.6536,1.3828,0.82743,7.1929,22.022,6.5908,,0.88363,0.74207,7.8381,,356.04,16320,3.538,85.39,144.41,1373.36,,19.2949,4.225,10.1568,1.6766,55.496,3.7479,4.4633,,9.6081,1.2889,32.665,39.069,,17.912,127.24
2025-05-29,,1.5524,1.7337,5.6853,1.3823,0.82785,7.1885,22.093,6.6123,,0.88645,0.74258,7.8385,,358.42,16298,3.5078,85.47,144.91,1374.85,,19.4008,4.244,10.1835,1.6755,55.703,3.755,4.4853,,9.6352,1.2895,32.705,39.114,,17.8513,127.83
2025-05-30,,1.5563,1.7248,5.68,1.3807,0.82379,7.1943,21.975,6.5779,,0.88191,0.74186,7.8425,,355.94,16333,3.5066,85.56,143.72,1378.51,,19.2936,4.2565,10.178,1.6771,55.745,3.7479,4.4635,,9.5895,1.2905,32.845,39.241,,17.8975,127.17
2025-06-02,,1.5418,1.7128,5.6936,1.3699,0.81758,7.1998,21.805,6.5335,,0.87573,0.73859,7.8445,,352.77,16275,3.5147,85.38,142.73,1376.83,,19.2723,4.2565,10.0797,1.6614,55.655,3.7287,4.4266,,9.5048,1.2861,32.545,39.189,,17.9289,126.46
2025-06-03,,1.5493,1.7177,5.677,1.3739,0.82189,7.1879,21.865,6.5526,,0.87827,0.74091,7.8443,,354.5,16319,3.5235,85.62,143.16,1376.78,,19.2412,4.245,10.1291,1.6685,55.684,3.7588,4.443,,9.5947,1.2888,32.6,39.131,,17.9088,127.0
2025-06-04,,1.5418,1.718,5.6221,1.3704,0.82309,7.1886,21.792,6.553,,0.87843,0.73972,7.8467,,354.4,16314,3.5033,85.89,144.19,1366.32,,19.2068,4.247,10.1181,1.6625,55.779,3.7623,4.4387,,9.6166,1.2894,32.715,39.12,,17.8479,127.02
2025-06-05,,1.5364,1.7122,5.6312,1.3659,0.81984,7.1792,21.721,6.5302,,0.87543,0.73702,7.8469,,353.37,16256,3.4873,85.83,143.27,1357.39,,19.2217,4.23,10.0906,1.6536,55.603,3.7503,4.4213,,9.5798,1.2848,32.515,39.336,,17.7502,126.41
2025-06-06,,1.5417,1.714,5.581,1.3697,0.82228,7.1821,21.696,6.5371,,0.87635,0.73841,7.8468,,353.3,16314,3.4953,85.74,144.26,1359.29,,19.1237,4.2305,10.099,1.6595,55.763,3.7569,4.4213,,9.6039,1.2867,32.61,39.236,,17.7671,126.37
2025-06-09,,1.535,1.7141,5.5569,1.3685,0.82112,7.1817,21.729,6.5384,,0.87642,0.7383,7.8481,,352.06,16289,3.4848,85.66,144.5,1356.44,,19.0631,4.232,10.0868,1.6542,55.818,3.7423,4.4176,,9.6144,1.2862,32.705,39.227,,17.7397,126.21
2025-06-10,,1.5337,1.7113,5.5603,1.3691,0.82151,7.1848,21.674,6.5269,,0.87497,0.74057,7.8485,,350.77,16265,3.4975,85.58,144.57,1366.55,,19.0367,4.2355,10.0685,1.6522,55.84,3.7215,4.4057,,9.5774,1.2858,32.64,39.227,,17.6726,125.82
2025-06-11,,1.5375,1.7107,5.5779,1.3686,0.82262,7.1873,21.678,6.5242,,0.87466,0.74136,7.8492,,350.2,16282,3.5006,85.54,145.34,1375.58,,19.0073,4.2375,10.1163,1.6595,55.86,3.7265,4.3972,,9.6077,1.287,32.685,39.19,,17.7626,125.6
2025-06-12,,1.5352,1.6869,5.5363,1.3634,0.81309,7.1762,21.379,6.4339,,0.86252,0.73642,7.8492,,345.65,16221,3.5606,85.54,143.73,1353.78,,18.896,4.221,9.9827,1.6526,55.726,3.6821,4.3367,,9.432,1.2789,32.4,39.326,,17.8101,124.03
2025-06-13,,1.5442,1.6989,5.56,1.3629,0.81298,7.1822,21.57,6.479,,0.86866,0.73879,7.8494,,350.44,16317,3.5982,86.09,144.15,1370.24,,19.0071,4.2455,9.9405,1.665,56.207,3.7131,4.372,,9.5235,1.2836,32.445,39.435,,18.0125,125.26
2025-06-16,,1.5321,1.6898,5.5325,1.3566,0.81156,7.1801,21.412,6.4438,,0.86401,0.73639,7.8497,,346.92,16287,3.5216,86.04,144.19,1359.48,,18.9096,4.2405,9.9076,1.6514,56.346,3.6844,4.3416,,9.4708,1.2801,32.485,39.396,,17.7812,124.24
2025-06-17,,1.5295,1.6907,5.4867,1.3562,0.81311,7.1828,21.438,6.4475,,0.86445,0.73695,7.8497,,348.23,16297,3.5018,86.26,144.67,1365.34,,18.9281,4.2455,9.8699,1.6459,56.313,3.698,4.3465,,9.464,1.2809,32.515,39.385,,17.8173,124.14
2025-06-18,,1.5383,1.6995,5.4801,1.3655,0.81708,7.1883,21.555,6.4811,,0.86896,0.74314,7.8499,,350.52,16361,3.4961,86.43,144.83,1375.65,,18.9503,4.2505,9.944,1.6594,57.225,3.7133,4.371,,9.582,1.2849,32.625,39.539,,18.0761,124.78
2025-06-19,,1.5459,1.704,5.4915,1.3709,0.818,7.1873,21.624,6.4988,,0.87123,0.74412,7.8499,,351.44,16384,3.4827,86.74,145.67,1380.12,,19.0748,4.26,10.0466,1.6721,57.381,3.7265,4.3826,,9.6419,1.2883,32.785,39.558,,18.0894,124.59
2025-06-20,,1.5418,1.6985,5.4837,1.3715,0.81763,7.177,21.563,6.4782,,0.86843,0.74138,7.8498,,349.63,16404,3.4759,86.62,145.61,1366.74,,19.0395,4.2525,10.0721,1.6699,57.17,3.7044,4.3685,,9.6613,1.285,32.79,39.679,,17.9896,124.19
2025-06-23,,1.5658,1.7048,5.5423,1.3788,0.81825,7.1864,21.672,6.5024,,0.87169,0.74677,7.85,,352.36,16502,3.4746,86.77,147.55,1388.15,,19.2521,4.295,10.1669,1.6958,57.614,3.7269,4.3978,,9.7311,1.2926,32.96,39.73,,18.1076,124.65
2025-06-24,,1.5365,1.685,5.4806,1.3712,0.80874,7.1734,21.361,6.4269,,0.86155,0.73464,7.8499,,346.45,16324,3.3993,86.03,144.97,1360.17,,19.0376,4.244,10.0913,1.658,57.11,3.6649,4.3497,,9.5313,1.2798,32.675,39.639,,17.7341,122.51
2025-06-25,,1.5394,1.6863,5.5329,1.3733,0.80712,7.1745,21.366,6.4325,,0.86222,0.73513,7.85,,345.9,16308,3.4055,86.1,145.78,1363.55,,18.9998,4.2385,10.1586,1.6617,56.729,3.6625,4.3613,,9.5361,1.2807,32.635,39.738,,17.7953,122.61
2025-06-26,,1.5311,1.6723,5.5554,1.3688,0.80197,7.1708,21.193,6.3791,,0.85507,0.7298,7.8498,,341.94,16238,3.3916,85.75,144.44,1357.1,,18.8713,4.229,10.1005,1.653,56.596,3.6313,4.3367,,9.4835,1.2756,32.51,39.774,,17.7999,121.59
2025-06-27,,1.5304,1.6711,5.4784,1.3651,0.79964,7.1718,21.145,6.375,,0.85441,0.72873,7.85,,340.75,16213,3.3806,85.51,144.6,1360.82,,18.8619,4.229,10.0752,1.6505,56.558,3.6208,4.3418,,9.4996,1.2759,32.625,39.886,,17.8025,121.33
2025-06-30,,1.5314,1.6688,5.4935,1.3675,0.79753,7.1647,21.114,6.366,,0.85324,0.72995,7.8499,,341.13,16230,3.3696,85.8,144.34,1355.13,,18.8481,4.212,10.0977,1.6497,56.451,3.6197,4.3332,,9.5107,1.2748,32.53,39.734,,17.7824,121.33
2025-07-01,,1.5186,1.6561,5.4289,1.3612,0.7895,7.1621,20.898,6.3173,,0.84674,0.72718,7.85,,338.0,16203,3.3711,85.56,142.85,1353.24,,18.6825,4.1975,10.0292,1.6362,56.329,3.5938,4.2962,,9.4488,1.2709,32.38,39.854,,17.5843,120.41
2025-07-02,,1.5256,1.6638,5.4747,1.3646,0.7937,7.1693,20.981,6.3472,,0.8507,0.73203,7.8498,,339.43,16239,3.3745,85.67,144.15,1359.91,,18.7461,4.229,10.1046,1.6505,56.369,3.6149,4.308,,9.5283,1.2745,32.44,39.767,,17.658,121.65
2025-07-03,,1.5216,1.66,5.4313,1.3589,0.79367,7.1615,20.918,6.333,,0.84875,0.73239,7.8499,,339.14,16221,3.3578,85.38,143.93,1362.08,,18.7914,4.223,10.0789,1.6483,56.335,3.6059,4.295,,9.5497,1.2734,32.39,39.858,,17.5267,120.86
2025-07-04,,1.5253,1.6621,5.4162,1.3593,0.79426,7.1628,20.953,6.3412,,0.84983,0.73298,7.8497,,338.64,16194,3.3505,85.41,144.4,1363.39,,18.6403,4.221,10.068,1.6498,56.55,3.6082,4.2984,,9.5611,1.2741,32.34,39.852,,17.6222,121.02
2025-07-07,,1.5385,1.6676,5.4423,1.3656,0.79758,7.1733,20.997,6.3612,,0.85266,0.73423,7.8498,,340.81,16252,3.3356,85.93,145.56,1367.29,,18.7338,4.235,10.1258,1.6671,56.658,3.6232,4.3192,,9.5195,1.2788,32.585,40.0,,17.7515,121.42
2025-07-08,,1.5297,1.6691,5.4642,1.3659,0.798,7.1741,21.034,6.367,,0.85339,0.73664,7.85,,340.89,16272,3.3547,85.67,146.53,1370.46,,18.6508,4.241,10.0952,1.664,56.492,3.6216,4.3257,,9.5319,1.2793,32.535,40.023,,17.7846,121.69
2025-07-09,,1.5334,1.6719,5.462,1.3703,0.79714,7.1801,21.054,6.3782,,0.85485,0.73628,7.85,,342.07,16262,3.3299,85.72,146.72,1376.8,,18.5963,4.2505,10.1128,1.6707,56.571,3.6241,4.3402,,9.5439,1.2813,32.725,40.049,,17.8398,122.76
2025-07-10,,1.5264,1.6703,5.6102,1.3689,0.79597,7.1748,21.043,6.3721,,0.85404,0.73678,7.8499,,340.7,16237,3.3064,85.76,146.32,1373.25,,18.654,4.2475,10.0803,1.6633,56.534,3.6276,4.3364,,9.5243,1.2801,32.615,40.018,,17.7727,122.13
2025-07-11,,1.5216,1.6741,5.5654,1.3701,0.79688,7.1678,21.114,6.3866,,0.85594,0.74099,7.85,,342.4,16217,3.3346,85.83,147.06,1375.0,,18.7366,4.2525,10.1263,1.6646,56.486,3.6442,4.347,,9.5421,1.2806,32.46,40.175,,17.9611,122.06
2025-07-14,,1.5232,1.6731,5.5614,1.3673,0.79615,7.1672,21.085,6.384,,0.85543,0.7414,7.85,,342.26,16275,3.3619,86.01,147.37,1380.65,,18.6826,4.2525,10.0967,1.6695,56.672,3.6429,4.345,,9.5851,1.2808,32.425,40.222,,17.8691,121.81
2025-07-15,,1.5246,1.6766,5.6003,1.3693,0.79717,7.173,21.149,6.3983,,0.85727,0.74402,7.85,,343.32,16263,3.3464,85.86,147.95,1381.06,,18.7047,4.242,10.177,1.6694,56.695,3.6477,4.354,,9.6614,1.282,32.475,40.215,,17.8123,122.07
2025-07-16,,1.5337,1.6857,5.5636,1.3725,0.80383,7.1806,21.244,6.4328,,0.86192,0.74634,7.8499,,344.68,16296,3.3581,85.99,148.73,1391.18,,18.8114,4.245,10.2965,1.6831,57.096,3.6712,4.3725,,9.7565,1.2851,32.54,40.258,,17.9124,122.57
2025-07-17,,1.5479,1.6891,5.5811,1.3764,0.80516,7.1817,21.279,6.4451,,0.86363,0.74652,7.849,,344.72,16349,3.3596,86.08,148.79,1394.47,,18.8082,4.2465,10.3355,1.6916,57.269,3.6742,4.3816,,9.7685,1.2872,32.54,40.284,,17.8988,122.46
2025-07-18,,1.5324,1.6788,5.5536,1.372,0.80034,7.1779,21.136,6.4065,,0.85837,0.743,7.8488,,342.54,16306,3.3579,86.14,148.45,1390.15,,18.7202,4.2425,10.1575,1.6732,57.022,3.6475,4.3543,,9.6571,1.2827,32.35,40.332,,17.7124,121.89
2025-07-21,,1.5328,1.6764,5.5875,1.3705,0.79926,7.1763,21.101,6.3981,,0.85712,0.74192,7.8497,,341.95,16314,3.3544,86.29,147.44,1383.94,,18.6663,4.2355,10.1706,1.6745,57.153,3.6363,4.3453,,9.61,1.281,32.315,40.358,,17.7141,122.05
2025-07-22,,1.5338,1.6718,5.5725,1.367,0.79716,7.175,21.044,6.3809,,0.85477,0.74152,7.85,,341.23,16316,3.3507,86.43,147.17,1386.1,,18.6563,4.2315,10.1586,1.6778,56.96,3.6383,4.3336,,9.5829,1.2814,32.235,40.426,,17.5776,121.72
2025-07-23,,1.5159,1.6679,5.5687,1.3583,0.79362,7.1602,20.993,6.3656,,0.85281,0.73896,7.85,,340.38,16295,3.334,86.42,146.28,1374.94,,18.6585,4.2275,10.0985,1.6552,56.795,3.6283,4.3229,,9.5207,1.2772,32.155,40.455,,17.561,121.27
2025-07-24,,1.5117,1.6637,5.5225,1.3618,0.79457,7.1574,20.886,6.3494,,0.85063,0.73792,7.8499,,338.51,16294,3.3392,86.39,146.5,1369.58,,18.5616,4.2155,10.1025,1.6525,56.66,3.6197,4.3135,,9.5143,1.2769,32.27,40.477,,17.597,120.79
2025-07-25,,1.5227,1.6682,5.5235,1.3677,0.79691,7.1687,20.931,6.3668,,0.85295,0.74335,7.8495,,338.54,16337,3.356,86.51,147.65,1381.27,,18.5645,4.2215,10.1497,1.6629,57.124,3.6287,4.3251,,9.5245,1.2811,32.37,40.554,,17.7337,121.29
2025-07-28,,1.5319,1.6782,5.579,1.3722,0.80093,7.1739,21.109,6.4039,,0.85807,0.74472,7.8499,,340.96,16376,3.3546,86.7,148.15,1385.45,,18.6322,4.231,10.1789,1.6721,57.22,3.655,4.3505,,9.5714,1.2843,32.395,40.539,,17.8479,122.02
2025-07-29,,1.5393,1.6958,5.5935,1.3775,0.80682,7.1775,21.338,6.4696,,0.86708,0.75002,7.8499,,346.74,16412,3.3701,86.85,148.77,1394.09,,18.8112,4.2345,10.2458,1.682,57.356,3.7115,4.402,,9.6731,1.2886,32.475,40.575,,17.965,123.3
2025-07-30,,1.542,1.6967,5.5871,1.3794,0.80689,7.1817,21.308,6.4733,,0.86753,0.74798,7.8499,,346.01,16411,3.367,87.49,148.31,1384.23,,18.7551,4.24,10.2191,1.6822,57.558,3.7022,4.4011,,9.6673,1.2896,32.495,40.581,,17.8685,123.36
2025-07-31,,1.5518,1.7087,5.5826,1.3837,0.81225,7.1947,21.467,6.5198,,0.87367,0.75564,7.85,,349.47,16497,3.3862,87.63,149.85,1394.63,,18.824,4.265,10.2866,1.6927,58.335,3.733,4.4345,,9.7479,1.297,32.675,40.594,,18.119,124.24
2025-08-01,,1.557,1.715,5.6234,1.3874,0.81656,7.2118,21.561,6.5441,,0.87689,0.75982,7.85,,350.89,16520,3.4245,87.5,150.48,1404.62,,18.9548,4.2775,10.3585,1.7061,58.152,3.7491,4.4502,,9.818,1.2988,32.85,40.668,,18.3234,125.39
2025-08-04,,1.5431,1.6911,5.536,1.3778,0.80796,7.1762,21.256,6.4529,,0.86468,0.75262,7.85,,344.36,16373,3.4093,87.65,147.38,1383.72,,18.8474,4.2375,10.2676,1.6899,57.35,3.6972,4.3871,,9.6693,1.2874,32.41,40.676,,18.0216,123.65
2025-08-05,,1.5469,1.6939,5.5214,1.3795,0.80954,7.1874,21.315,6.4639,,0.8661,0.7529,7.8497,,345.6,16380,3.4497,87.78,147.6,1391.12,,18.894,4.2275,10.2694,1.6962,57.664,3.7039,4.3953,,9.6769,1.2883,32.435,40.664,,18.0236,123.51
2025-08-06,,1.5377,1.6855,5.5063,1.376,0.80739,7.1857,21.17,6.4308,,0.86177,0.75121,7.8499,,343.23,16358,3.4509,87.72,147.55,1388.32,,18.7349,4.23,10.2133,1.6862,57.485,3.6867,4.3742,,9.648,1.2865,32.38,40.66,,17.8137,123.06
2025-08-07,,1.5333,1.6798,5.461,1.3743,0.80847,7.1792,21.062,6.411,,0.85889,0.74491,7.8496,,340.69,16309,3.4129,87.49,147.38,1383.63,,18.6344,4.234,10.2124,1.68,57.2,3.6582,4.3573,,9.6148,1.2842,32.335,40.642,,17.7248,122.65
2025-08-08,,1.5331,1.6791,5.4281,1.3739,0.80786,7.1838,20.987,6.4074,,0.85852,0.74442,7.8499,,339.87,16261,3.4366,87.62,147.82,1390.74,,18.5998,4.24,10.2627,1.6794,56.912,3.6496,4.3547,,9.5965,1.2851,32.37,40.69,,17.7095,122.77
2025-08-11,,1.5366,1.6828,5.4463,1.3784,0.81139,7.1846,21.066,6.4215,,0.86044,0.74479,7.8499,,340.5,16310,3.4181,87.74,147.87,1391.85,,18.619,4.2335,10.2435,1.6862,57.054,3.6599,4.3573,,9.6214,1.2864,32.425,40.704,,17.7663,123.04
2025-08-12,,1.5412,1.6852,5.4382,1.3799,0.81148,7.1873,21.083,6.4306,,0.86162,0.74281,7.85,,341.16,16311,3.4326,87.7,148.46,1390.17,,18.674,4.231,10.248,1.6892,57.089,3.6708,4.364,,9.6433,1.2865,32.465,40.741,,17.715,123.21
2025-08-13,,1.5261,1.6701,5.3905,1.376,0.80343,7.1745,20.896,6.3723,,0.8539,0.737,7.85,,337.84,16128,3.3899,87.45,147.27,1378.36,,18.5407,4.2075,10.199,1.671,56.648,3.6376,4.3234,,9.5274,1.28,32.29,40.745,,17.516,122.28
2025-08-14,,1.5328,1.6731,5.3978,1.3784,0.80539,7.1706,20.932,6.3843,,0.85543,0.73653,7.8423,,337.88,16104,3.3797,87.57,146.54,1386.07,,18.6843,4.2125,10.198,1.6808,56.89,3.6446,4.3316,,9.5654,1.281,32.385,40.787,,17.5774,122.5
2025-08-15,,1.5355,1.6733,5.401,1.3792,0.80578,7.1791,20.946,6.3857,,0.85558,0.73768,7.8201,,337.94,16183,3.3748,87.46,147.0,1388.96,,18.7474,4.213,10.178,1.6869,57.104,3.6437,4.3315,,9.5632,1.2823,32.43,40.897,,17.5856,122.52
2025-08-18,,1.5361,1.6755,5.408,1.3791,0.80725,7.1788,20.964,6.3942,,0.85668,0.73854,7.8177,,338.86,16220,3.3909,87.38,147.58,1386.25,,18.8126,4.2225,10.1808,1.6847,56.988,3.6409,4.3347,,9.558,1.2826,32.475,40.865,,17.6133,122.5
2025-08-19,,1.5403,1.6742,5.4411,1.381,0.80543,7.1791,20.936,6.3898,,0.85602,0.7396,7.8015,,337.01,16256,3.3807,87.09,147.81,1388.8,,18.7982,4.2235,10.2106,1.6875,57.148,3.6336,4.3297,,9.5514,1.2831,32.505,40.859,,17.616,122.75
2025-08-20,,1.553,1.6787,5.4835,1.3867,0.80706,7.1761,21.021,6.4071,,0.8583,0.742,7.8137,,338.6,16282,3.4013,87.06,147.43,1398.78,,18.7744,4.226,10.2571,1.7151,57.025,3.6463,4.3417,,9.5932,1.2852,32.55,40.901,,17.7023,123.08
2025-08-21,,1.5567,1.6804,5.486,1.3888,0.80668,7.1782,21.076,6.413,,0.85918,0.74353,7.8136,,340.02,16317,3.4196,87.27,147.86,1398.69,,18.7576,4.2245,10.1817,1.7172,57.093,3.6531,4.3435,,9.5919,1.2873,32.635,40.935,,17.7026,123.21
2025-08-22,,1.5565,1.6849,5.4671,1.3914,0.80832,7.1789,21.162,6.4306,,0.86147,0.74543,7.8179,,341.0,16374,3.3992,87.53,148.69,1390.47,,18.7216,4.2275,10.1934,1.7211,56.936,3.6723,4.3533,,9.6291,1.2884,32.64,40.886,,17.6292,123.54
2025-08-25,,1.5393,1.6721,5.4291,1.3825,0.80234,7.1565,20.983,6.3811,,0.85492,0.74028,7.8113,,339.75,16245,3.3808,87.56,147.35,1387.28,,18.639,4.2075,10.0953,1.7037,56.658,3.6433,4.3207,,9.5191,1.2831,32.435,40.992,,17.5549,122.6
2025-08-26,,1.5405,1.6779,5.4043,1.3844,0.80439,7.1574,21.057,6.4038,,0.85793,0.74142,7.8004,,340.49,16313,3.3656,87.62,147.37,1394.36,,18.6402,4.2155,10.1544,1.7075,56.962,3.6555,4.3392,,9.5715,1.2849,32.45,41.026,,17.6398,122.86
2025-08-27,,1.5454,1.6871,5.4387,1.385,0.80652,7.1618,21.17,6.439,,0.86259,0.74407,7.7831,,342.32,16423,3.3431,87.76,148.05,1397.82,,18.7294,4.235,10.1665,1.716,57.254,3.6831,4.3704,,9.5885,1.289,32.475,41.037,,17.7624,123.35
2025-08-28,,1.5313,1.6751,5.4083,1.3756,0.80104,7.1314,21.032,6.3933,,0.85646,0.73972,7.7945,,339.7,16322,3.3278,87.57,146.87,1385.8,,18.6091,4.217,10.0617,1.7019,56.984,3.6501,4.3408,,9.484,1.283,32.335,41.042,,17.6276,122.47
2025-08-29,,1.5324,1.6776,5.4257,1.3751,0.80323,7.1329,20.98,6.4026,,0.85778,0.74352,7.7952,,340.45,16475,3.3413,88.18,147.3,1391.54,,18.6945,4.225,10.0759,1.6993,57.203,3.6597,4.3513,,9.4828,1.2856,32.39,41.134,,17.7355,122.66
2025-09-01,,1.5267,1.6695,5.4278,1.3747,0.80094,7.1345,20.856,6.3712,,0.85361,0.73939,7.7968,,337.3,16431,3.353,88.19,147.22,1393.36,,18.6095,4.225,10.0141,1.6955,57.179,3.6324,4.3309,,9.3999,1.2838,32.305,41.115,,17.58,122.41
2025-09-02,,1.5368,1.6794,5.4746,1.3787,0.80422,7.1443,21.024,6.4084,,0.85866,0.74721,7.8065,,339.67,16409,3.3898,88.08,148.63,1395.34,,18.7816,4.23,10.024,1.7081,57.326,3.6625,4.3639,,9.4479,1.2885,32.375,41.155,,17.7263,123.3
2025-09-03,,1.5295,1.6784,5.4535,1.3798,0.80443,7.1456,20.978,6.4046,,0.85815,0.74547,7.8013,,337.51,16452,3.368,88.03,148.61,1389.43,,18.7051,4.2275,10.0403,1.704,57.313,3.6491,4.3572,,9.4409,1.2885,32.325,41.167,,17.6298,123.23
2025-09-04,,1.5343,1.6792,5.4593,1.3818,0.80562,7.1407,20.994,6.4089,,0.85859,0.7438,7.7984,,337.55,16445,3.3634,88.12,148.33,1393.31,,18.7714,4.225,10.091,1.7075,57.099,3.6499,4.3589,,9.4604,1.289,32.305,41.175,,17.7917,123.29
2025-09-05,,1.5277,1.6721,5.4253,1.3797,0.80277,7.1376,20.878,6.3818,,0.85492,0.7419,7.8023,,335.77,16420,3.3368,88.24,147.98,1390.78,,18.6817,4.225,10.0457,1.7014,56.844,3.6338,4.3418,,9.405,1.2862,32.175,41.187,,17.6661,122.25
2025-09-08,,1.5177,1.6676,5.4059,1.3805,0.79536,7.1299,20.776,6.366,,0.85266,0.73917,7.7935,,335.59,16526,3.327,88.04,147.84,1387.88,,18.6596,4.2175,9.9868,1.6849,56.749,3.6234,4.3248,,9.3797,1.2843,31.775,41.265,,17.5674,122.27
2025-09-09,,1.5132,1.6654,5.4211,1.3811,0.79453,7.1215,20.714,6.3575,,0.8515,0.73765,7.7876,,334.89,16423,3.3393,88.17,146.76,1386.71,,18.6248,4.206,9.9715,1.6809,56.898,3.6238,4.3203,,9.368,1.2814,31.69,41.275,,17.4847,122.1
2025-09-10,,1.5136,1.6706,5.4311,1.3858,0.79764,7.1228,20.832,6.3766,,0.85419,0.73887,7.7893,,336.04,16487,3.3335,88.12,147.49,1388.85,,18.6273,4.215,9.9253,1.6831,57.124,3.6427,4.3347,,9.3542,1.2827,31.78,41.285,,17.5707,122.15
2025-09-11,,1.5145,1.6738,5.4171,1.3883,0.79983,7.1247,20.869,6.3877,,0.8558,0.74001,7.7904,,336.01,16484,3.3406,88.43,147.95,1392.96,,18.6401,4.222,9.9375,1.687,57.178,3.6502,4.3397,,9.3723,1.285,31.825,41.294,,17.5456,122.21
2025-09-12,,1.5059,1.6691,5.3985,1.3848,0.79766,7.1225,20.753,6.37,,0.85339,0.73844,7.7827,,333.79,16439,3.3317,88.27,147.92,1391.86,,18.4878,4.205,9.8861,1.6813,57.128,3.6333,4.3263,,9.3433,1.2837,31.745,41.371,,17.3861,122.55
2025-09-15,,1.5008,1.6622,5.3348,1.3821,0.79492,7.1218,20.676,6.3442,,0.84991,0.7344,7.7787,,331.4,16418,3.3418,88.14,147.36,1387.98,,18.4158,4.205,9.8219,1.6763,57.175,3.6125,4.3022,,9.2738,1.2807,31.86,41.27,,17.3219,121.71
2025-09-16,,1.4989,1.6565,5.3095,1.3749,0.79072,7.1153,20.603,6.3225,,0.84696,0.73312,7.7827,,330.13,16408,3.343,88.05,146.99,1381.93,,18.3493,4.205,9.8162,1.6735,56.921,3.6007,4.288,,9.2576,1.278,31.715,41.294,,17.3583,121.28
2025-09-17,,1.4977,1.6523,5.2981,1.3754,0.78711,7.1042,20.549,6.3059,,0.84481,0.73287,7.776,,329.43,16463,3.344,87.85,146.39,1378.56,,18.2926,4.1885,9.8217,1.6715,56.856,3.5925,4.2805,,9.2621,1.2766,31.745,41.293,,17.3862,120.64
2025-09-18,,1.5046,1.6549,5.273,1.3782,0.78956,7.1055,20.563,6.3164,,0.84617,0.73447,7.7771,,328.8,16545,3.3388,88.11,147.44,1386.5,,18.2307,4.196,9.8045,1.6948,57.066,3.6013,4.2892,,9.3061,1.2798,31.825,41.301,,17.3532,121.34
2025-09-19,,1.5169,1.6665,5.3312,1.3816,0.79618,7.1157,20.699,6.3595,,0.85208,0.74199,7.7757,,332.78,16651,3.3398,88.16,148.08,1398.16,,18.4288,4.207,9.9442,1.7066,57.117,3.6324,4.3243,,9.4329,1.285,31.885,41.395,,17.3858,121.85
2025-09-22,,1.5164,1.6601,5.3428,1.3812,0.79348,7.1121,20.588,6.3352,,0.84882,0.74094,7.7708,,330.28,16583,3.3528,88.28,147.84,1391.29,,18.3932,4.2025,9.9334,1.7065,56.892,3.6151,4.3077,,9.3791,1.2828,31.775,41.388,,17.3041,121.21
2025-09-23,,1.5139,1.6584,5.3394,1.3828,0.79233,7.1118,20.556,6.3294,,0.84796,0.74018,7.7755,,330.07,16654,3.3436,88.77,147.8,1394.55,,18.338,4.1985,9.8974,1.7055,57.259,3.6083,4.3053,,9.318,1.2836,31.86,41.412,,17.3187,120.92
2025-09-24,,1.5134,1.6637,5.2943,1.3867,0.79406,7.1271,20.662,6.349,,0.85063,0.74268,7.7766,,332.66,16699,3.3492,88.7,148.44,1399.28,,18.4025,4.21,9.9422,1.7131,57.475,3.6299,4.3177,,9.3867,1.2868,32.025,41.45,,17.2967,121.13
2025-09-25,,1.519,1.6661,5.3188,1.3894,0.79598,7.1241,20.691,6.3583,,0.85186,0.74521,7.778,,332.85,16784,3.3448,88.69,148.82,1403.93,,18.4436,4.2105,9.9574,1.7208,58.181,3.6322,4.3246,,9.4118,1.289,32.185,41.471,,17.3482,121.31
2025-09-26,,1.532,1.6756,5.3592,1.3948,0.79952,7.1374,20.841,6.3946,,0.85675,0.7488,7.7809,,335.5,16709,3.3663,88.72,149.75,1409.82,,18.4844,4.2215,10.033,1.7355,58.16,3.6588,4.3508,,9.456,1.2935,32.265,41.57,,17.4503,121.66
2025-09-29,,1.5234,1.6683,5.3327,1.3932,0.79817,7.1212,20.73,6.3675,,0.85302,0.74409,7.7803,,333.6,16671,3.322,88.75,148.75,1401.78,,18.3383,4.215,9.9612,1.7291,58.175,3.642,4.3319,,9.4089,1.2905,32.235,41.579,,17.2882,121.13
2025-09-30,,1.5126,1.6658,5.3174,1.3922,0.79755,7.1196,20.727,6.358,,0.85172,0.74389,7.7812,,332.39,16676,3.3035,88.79,147.99,1403.67,,18.3383,4.2085,9.9877,1.7253,58.236,3.6367,4.3272,,9.417,1.2899,32.44,41.583,,17.2745,121.28
2025-10-01,,1.5132,1.6682,5.3108,1.3935,0.79879,7.1196,20.705,6.368,,0.85295,0.74241,7.7819,,331.54,16632,3.3133,88.72,147.11,1405.25,,18.2651,4.2075,9.9437,1.7216,58.125,3.6321,4.3348,,9.4127,1.2892,32.385,41.592,,17.1836,121.63
2025-10-02,,1.5132,1.6639,5.3124,1.3942,0.79547,7.1195,20.63,6.3526,,0.85077,0.74196,7.781,,330.74,16616,3.3139,88.72,146.78,1401.4,,18.3708,4.2055,9.9328,1.7154,58.12,3.6213,4.3236,,9.3606,1.287,32.31,41.61,,17.1856,120.98
2025-10-03,,1.5145,1.6668,5.3411,1.3965,0.79623,7.1196,20.689,6.3633,,0.85222,0.74365,7.7823,,331.41,16565,3.309,88.78,147.35,1405.57,,18.4072,4.208,9.9493,1.7148,57.913,3.6266,4.3382,,9.377,1.2893,32.395,41.685,,17.2567,121.19
2025-10-06,,1.5155,1.6748,5.3423,1.3961,0.79757,7.1195,20.815,6.3938,,0.85631,0.74456,7.7835,,333.22,16615,3.2792,88.78,150.04,1412.23,,18.4167,4.215,9.9512,1.7178,58.328,3.6417,4.3573,,9.4091,1.2934,32.425,41.693,,17.2487,121.42
2025-10-07,,1.5179,1.6765,5.3283,1.3955,0.79839,7.1196,20.845,6.4,,0.85719,0.74601,7.7832,,335.8,16570,3.277,88.75,150.91,1413.2,,18.3662,4.2145,9.9456,1.7222,58.132,3.6461,4.3647,,9.3858,1.2931,32.512,41.705,,17.1987,121.38
2025-10-08,,1.5214,1.6821,5.3572,1.3942,0.80029,7.1195,20.959,6.4219,,0.86007,0.74576,7.7822,,337.49,16595,3.2832,88.76,152.69,1424.33,,18.39,4.2178,9.9875,1.7313,58.018,3.656,4.3827,,9.4293,1.2954,32.531,41.715,,17.1867,121.61
2025-10-09,,1.5158,1.6844,5.3292,1.3951,0.80174,7.1224,20.951,6.4308,,0.86125,0.74783,7.78,,336.73,16560,3.2455,88.8,152.79,1419.17,,18.3171,4.216,10.0112,1.7309,58.18,3.6645,4.3876,,9.4626,1.296,32.57,41.724,,17.1023,122.13
2025-10-10,,1.5258,1.6907,5.3667,1.402,0.80602,7.1228,21.005,6.455,,0.86445,0.75285,7.782,,337.56,16590,3.2574,88.71,152.54,1421.03,,18.3748,4.225,10.0947,1.7384,58.281,3.6805,4.4025,,9.5159,1.2975,32.705,41.826,,17.2132,122.41
2025-10-13,,1.5364,1.6906,5.4753,1.4009,0.80422,7.1321,21.055,6.4553,,0.86438,0.75002,7.7772,,339.42,16582,3.2842,88.69,152.11,1427.6,,18.5098,4.2277,10.0951,1.7478,58.289,3.6836,4.3976,,9.5194,1.2987,32.545,41.806,,17.3636,122.4
2025-10-14,,1.5499,1.6929,5.4995,1.4065,0.80464,7.14,21.054,6.4645,,0.86558,0.75409,7.7749,,340.17,16629,3.3246,88.79,152.1,1434.71,,18.6038,4.23,10.19,1.7579,58.243,3.6895,4.406,,9.5542,1.3016,32.81,41.828,,17.463,122.39
2025-10-15,,1.5349,1.6828,5.4638,1.4045,0.80064,7.1264,20.891,6.4263,,0.86044,0.74901,7.7734,,336.28,16602,3.2905,88.06,151.55,1423.59,,18.4564,4.232,10.0865,1.7475,58.148,3.662,4.3788,,9.4816,1.2964,32.565,41.84,,17.3206,121.84
2025-10-16,,1.5388,1.6789,5.448,1.4053,0.79852,7.1258,20.855,6.4116,,0.85844,0.74478,7.7728,,334.6,16607,3.3016,87.93,151.28,1417.88,,18.4351,4.2275,10.073,1.7434,58.067,3.6495,4.3674,,9.454,1.2962,32.54,41.853,,17.3165,121.56
2025-10-17,,1.5405,1.6743,5.4325,1.4034,0.79248,7.1223,20.81,6.3941,,0.85609,0.74437,7.7675,,333.64,16579,3.3062,88.0,150.42,1420.58,,18.4102,4.226,10.0413,1.7447,58.155,3.6341,4.3564,,9.4427,1.2948,32.765,41.949,,17.3786,121.56
2025-10-20,,1.5414,1.6781,5.4064,1.4044,0.79271,7.1235,20.841,6.4079,,0.858,0.74569,7.7697,,334.23,16563,3.3115,87.9,150.76,1423.54,,18.3912,4.226,10.0742,1.7459,58.171,3.6438,4.3659,,9.4294,1.2946,32.695,41.958,,17.3213,121.49
2025-10-21,,1.5409,1.685,5.3869,1.4044,0.79521,7.1186,20.948,6.435,,0.86155,0.74765,7.7715,,335.69,16605,3.2889,87.97,152.02,1430.5,,18.438,4.229,10.0537,1.7478,58.379,3.6524,4.3799,,9.4206,1.2976,32.8,41.967,,17.3301,122.0
2025-10-22,,1.5417,1.6879,5.3863,1.4028,0.79641,7.1266,20.979,6.4464,,0.86304,0.74989,7.7711,,336.06,16619,3.3054,88.42,151.83,1432.66,,18.4034,4.2127,10.0483,1.742,58.235,3.6517,4.3869,,9.4209,1.299,32.888,42.008,,17.4601,122.38
2025-10-23,,1.5376,1.6871,5.3855,1.3992,0.79781,7.1244,20.968,6.443,,0.86259,0.74968,7.7712,,336.4,16625,3.309,87.82,152.63,1440.43,,18.4197,4.229,9.9913,1.7411,58.622,3.6511,4.3839,,9.4189,1.2996,32.803,42.084,,17.3484,122.66
2025-10-24,,1.5382,1.6843,5.3884,1.4025,0.79642,7.1225,20.958,6.4328,,0.86118,0.75146,7.7697,,335.47,16608,3.2893,87.81,152.9,1439.45,,18.4051,4.223,10.0056,1.7408,58.632,3.6521,4.3777,,9.3903,1.2994,32.755,41.978,,17.3286,122.63
2025-10-27,,1.5247,1.6802,5.3674,1.3983,0.79588,7.1075,20.896,6.417,,0.85911,0.74923,7.7675,,334.35,16619,3.2572,88.25,152.86,1432.32,,18.3926,4.21,9.9931,1.7342,58.885,3.6383,4.3677,,9.3746,1.2962,32.675,41.92,,17.1864,122.85
2025-10-28,,1.5258,1.6817,5.377,1.4002,0.79639,7.1014,20.936,6.4224,,0.85985,0.75322,7.77,,333.88,16616,3.2559,88.31,152.29,1436.38,,18.4445,4.1975,10.003,1.7347,59.187,3.6436,4.371,,9.3904,1.2962,32.465,41.963,,17.2502,122.96
2025-10-29,,1.5152,1.6808,5.3472,1.3928,0.79735,7.0994,20.916,6.4184,,0.8594,0.75688,7.7709,,333.65,16562,3.241,88.23,152.17,1422.95,,18.4453,4.1885,10.0021,1.729,58.711,3.6454,4.3693,,9.364,1.2944,32.295,41.946,,17.1058,123.15
2025-10-30,,1.53,1.6933,5.3929,1.4008,0.80355,7.1143,21.106,6.4657,,0.8658,0.76199,7.7683,,336.75,16666,3.2564,88.72,154.43,1434.99,,18.5991,4.2,10.0994,1.7458,58.945,3.6753,4.403,,9.4719,1.3028,32.47,41.988,,17.3524,124.68
2025-10-31,,1.5295,1.6927,5.3809,1.4027,0.80379,7.1162,21.055,6.4633,,0.8655,0.76303,7.7711,,335.9,16662,3.2494,88.72,154.18,1428.14,,18.5468,4.188,10.0818,1.7494,58.711,3.6836,4.4018,,9.4556,1.3016,32.325,42.049,,17.349,125.32
2025-11-03,,1.5283,1.6986,5.359,1.4044,0.80754,7.1206,21.139,6.4857,,0.86851,0.76125,7.7732,,336.42,16710,3.2627,88.77,154.22,1430.02,,18.5079,4.1995,10.1164,1.7506,58.848,3.6946,4.4169,,9.4971,1.3039,32.475,42.048,,17.3088,126.63
2025-11-04,,1.5396,1.702,5.3845,1.4079,0.80889,7.1253,21.209,6.4971,,0.87025,0.76538,7.7737,,337.97,16721,3.2673,88.71,153.5,1439.2,,18.6215,4.1975,10.2049,1.7665,58.613,3.7046,4.4262,,9.561,1.3064,32.535,42.087,,17.4693,126.71
2025-11-05,,1.5423,1.7019,5.4009,1.413,0.80987,7.1271,21.202,6.4963,,0.87017,0.76662,7.7759,,336.78,16704,3.269,88.64,153.73,1444.0,,18.6495,4.1915,10.2236,1.7707,58.799,3.7054,4.4251,,9.5871,1.3068,32.52,42.092,,17.4434,127.92
2025-11-06,,1.5345,1.6958,5.3383,1.4092,0.80777,7.1195,21.099,6.4747,,0.86708,0.76363,7.7751,,334.95,16677,3.256,88.57,153.6,1445.76,,18.5728,4.183,10.1678,1.7648,58.821,3.6875,4.4091,,9.5292,1.3042,32.35,42.121,,17.345,126.77
2025-11-07,,1.5429,1.6917,5.3635,1.4109,0.80547,7.1208,21.047,6.4585,,0.86498,0.76213,7.7768,,333.4,16698,3.2626,88.68,153.09,1459.64,,18.5615,4.176,10.1894,1.7792,59.146,3.6744,4.3988,,9.5545,1.302,32.34,42.212,,17.348,126.46
2025-11-10,,1.5306,1.6903,5.314,1.4012,0.80529,7.1193,20.985,6.4534,,0.86423,0.75862,7.7733,,331.5,16693,3.2327,88.68,154.1,1454.13,,18.4029,4.16,10.1015,1.7726,58.944,3.6591,4.3948,,9.4953,1.3027,32.335,42.225,,17.1864,126.52
2025-11-11,,1.5324,1.6897,5.2869,1.4025,0.80156,7.1185,20.983,6.4517,,0.86393,0.7606,7.7728,,333.18,16727,3.219,88.49,154.18,1465.1,,18.3654,4.139,10.0739,1.7692,58.968,3.6544,4.3922,,9.4799,1.3017,32.43,42.235,,17.1662,126.65
2025-11-12,,1.5287,1.6895,5.2689,1.4008,0.79907,7.1165,20.93,6.4505,,0.86386,0.76218,7.7711,,332.63,16761,3.197,88.61,154.79,1465.88,,18.2818,4.1365,10.0635,1.765,59.153,3.6524,4.3916,,9.4502,1.3028,32.455,42.244,,17.0462,126.99
2025-11-13,,1.5253,1.6833,5.283,1.4005,0.79559,7.0961,20.82,6.4271,,0.86066,0.75902,7.7707,,330.49,16711,3.2111,88.69,154.55,1463.48,,18.2675,4.129,10.0473,1.765,58.885,3.6389,4.3753,,9.416,1.3004,32.31,42.254,,17.0028,126.52
2025-11-14,,1.5322,1.6791,5.3025,1.402,0.78855,7.0961,20.774,6.4113,,0.85852,0.75944,7.771,,330.44,16702,3.2382,88.68,153.86,1451.5,,18.374,4.1325,10.0691,1.759,58.976,3.6339,4.3656,,9.4295,1.2988,32.4,42.33,,17.1326,126.55
2025-11-17,,1.5352,1.6871,5.3043,1.4034,0.79574,7.1076,20.848,6.4421,,0.86259,0.75865,7.7737,,331.17,16735,3.2429,88.61,154.9,1461.46,,18.3343,4.15,10.0927,1.7652,58.962,3.6425,4.3854,,9.457,1.3024,32.47,42.328,,17.0774,126.97
2025-11-18,,1.5384,1.6875,5.3402,1.4027,0.79664,7.1104,20.87,6.4438,,0.86281,0.76109,7.7854,,332.15,16756,3.2714,88.56,155.25,1462.99,,18.4435,4.164,10.1236,1.7652,58.828,3.6618,4.3891,,9.4884,1.3022,32.415,42.336,,17.2348,127.01
2025-11-19,,1.5413,1.6885,5.3354,1.4012,0.80152,7.1103,20.857,6.4483,,0.86333,0.76207,7.7869,,330.08,16718,3.2675,88.5,156.13,1466.01,,18.3269,4.15,10.1425,1.7772,58.885,3.6504,4.3926,,9.4898,1.304,32.435,42.357,,17.1569,126.75
2025-11-20,,1.5436,1.6986,5.3311,1.4065,0.80719,7.1138,21.0,6.487,,0.86851,0.76559,7.7857,,332.2,16749,3.2568,88.71,157.61,1469.35,,18.3715,4.1565,10.1967,1.7811,59.048,3.6755,4.4196,,9.5532,1.3075,32.425,42.37,,17.2388,127.5
2025-11-21,,1.5515,1.6977,5.3714,1.4085,0.80634,7.1098,21.037,6.4832,,0.86806,0.76415,7.7846,,332.84,16718,3.2826,89.64,156.74,1474.29,,18.4514,4.149,10.2378,1.7847,58.869,3.6847,4.4181,,9.5712,1.3077,32.45,42.444,,17.3585,127.78
2025-11-24,,1.5487,1.6942,5.3826,1.4102,0.80769,7.0888,20.936,6.4701,,0.86625,0.76265,7.7657,,331.37,16633,3.2756,89.15,156.98,1473.27,,18.3983,4.1329,10.217,1.7785,58.735,3.6645,4.4073,,9.534,1.3016,32.402,42.348,,17.2801,127.51
2025-11-25,,1.5477,1.6932,5.3655,1.4112,0.80902,7.0855,20.893,6.4662,,0.86573,0.7608,7.7762,,330.33,16609,3.2728,89.2,156.19,1464.88,,18.4469,4.1345,10.2571,1.7837,58.847,3.6558,4.4049,,9.5645,1.3019,32.285,42.427,,17.2176,126.92
2025-11-26,,1.5391,1.6894,5.3763,1.4087,0.80686,7.0795,20.876,6.4513,,0.86378,0.75805,7.7777,,329.96,16649,3.2815,89.2,156.42,1474.3,,18.3675,4.136,10.233,1.7617,58.826,3.6549,4.397,,9.5314,1.2982,32.215,42.451,,17.1424,126.8
2025-11-27,,1.5323,1.6881,5.3477,1.4045,0.80589,7.0834,20.865,6.4464,,0.86311,0.75557,7.7782,,329.43,16640,3.2748,89.4,156.32,1462.24,,18.3463,4.132,10.1873,1.7501,58.768,3.6548,4.3942,,9.4895,1.298,32.225,42.44,,17.1731,127.22
2025-11-28,,1.5322,1.691,5.3391,1.4015,0.80564,7.0756,20.904,6.4575,,0.8646,0.7567,7.7832,,329.79,16660,3.26,89.48,156.12,1469.66,,18.3443,4.1325,10.1716,1.7506,58.666,3.6651,4.4016,,9.4843,1.2976,32.195,42.496,,17.1159,128.13
2025-12-01,,1.5233,1.6794,5.3466,1.3961,0.80053,7.0718,20.763,6.4131,,0.85866,0.75374,7.7883,,326.84,16590,3.2645,89.54,154.8,1465.15,,18.2784,4.131,10.1073,1.7394,58.484,3.6307,4.3704,,9.4135,1.2936,31.93,42.457,,17.0756,127.43
2025-12-02,,1.526,1.684,5.3582,1.4004,0.80472,7.071,20.803,6.4307,,0.86103,0.75736,7.7858,,327.91,16625,3.2541,89.95,156.07,1467.9,,18.3107,4.1325,10.1507,1.7474,58.671,3.649,4.382,,9.4597,1.2977,32.015,42.414,,17.1037,127.95
2025-12-03,,1.517,1.6762,5.3186,1.3944,0.80014,7.0638,20.676,6.4012,,0.85704,0.75129,7.7842,,326.53,16623,3.2269,90.17,155.37,1464.5,,18.2525,4.123,10.0771,1.7391,58.965,3.6268,4.3638,,9.3889,1.2942,31.89,42.445,,17.0812,127.7
2025-12-04,,1.5135,1.6765,5.3053,1.3971,0.80062,7.0717,20.707,6.402,,0.85719,0.74961,7.7834,,327.47,16655,3.2362,89.87,154.77,1471.53,,18.271,4.112,10.0994,1.7346,59.033,3.627,4.3652,,9.4008,1.2956,32.055,42.447,,16.9809,127.72
2025-12-05,,1.5067,1.6795,5.3113,1.3937,0.80421,7.0702,20.79,6.4138,,0.85874,0.74942,7.7846,,327.85,16672,3.2316,89.94,155.23,1472.58,,18.1975,4.111,10.0945,1.731,59.012,3.6344,4.3734,,9.4109,1.2953,31.855,42.514,,16.9316,127.78
2025-12-08,,1.5057,1.6781,5.4171,1.3805,0.80549,7.068,20.822,6.4082,,0.858,0.75041,7.7804,,328.77,16693,3.2074,90.04,155.55,1466.19,,18.1879,4.113,10.1124,1.7272,59.133,3.6298,4.3666,,9.3947,1.2962,31.85,42.567,,16.9642,127.67
2025-12-09,,1.5066,1.6807,5.4643,1.3847,0.80648,7.0643,20.862,6.4182,,0.85933,0.75062,7.7821,,329.85,16674,3.2135,89.84,156.36,1468.51,,18.277,4.115,10.1268,1.7282,59.331,3.6352,4.3737,,9.368,1.2968,31.855,42.583,,17.0715,127.87
2025-12-10,,1.5053,1.6811,5.4571,1.3846,0.80419,7.0625,20.84,6.4201,,0.85955,0.75133,7.7817,,329.9,16683,3.2314,89.91,156.71,1469.97,,18.2044,4.118,10.1504,1.7299,59.285,3.6314,4.373,,9.333,1.2961,31.845,42.601,,17.0274,127.73
2025-12-11,,1.5026,1.6696,5.4455,1.3799,0.79674,7.0581,20.676,6.3762,,0.85368,0.74705,7.7816,,328.23,16676,3.2125,90.32,155.58,1471.14,,18.1774,4.11,10.0948,1.7206,59.002,3.6085,4.3451,,9.2582,1.2931,31.745,42.617,,16.9409,126.86
2025-12-12,,1.4998,1.6672,5.4015,1.3758,0.79558,7.0547,20.662,6.3676,,0.85244,0.74734,7.7855,,327.7,16652,3.2054,90.53,155.99,1477.12,,18.0377,4.1005,10.1066,1.721,59.058,3.5994,4.3393,,9.2801,1.2916,31.54,42.57,,16.8559,126.5
2025-12-15,,1.5034,1.6641,5.3877,1.3757,0.79597,7.0471,20.675,6.3562,,0.85085,0.74696,7.782,,327.7,16683,3.2113,90.74,155.13,1465.15,,17.9801,4.0925,10.1315,1.7264,58.964,3.5918,4.3333,,9.2874,1.2889,31.475,42.699,,16.7772,126.1
2025-12-16,,1.5062,1.6608,5.4318,1.3762,0.79407,7.0423,20.65,6.3443,,0.84918,0.74423,7.7793,,326.34,16665,3.2233,90.92,154.61,1473.24,,17.9628,4.0855,10.1775,1.7278,58.635,3.5842,4.3248,,9.2918,1.2887,31.48,42.715,,16.7599,125.68
2025-12-17,,1.5103,1.6685,5.5023,1.379,0.79611,7.0439,20.769,6.3742,,0.8531,0.74945,7.7808,,330.28,16692,3.2235,90.37,155.59,1479.38,,17.9858,4.0885,10.225,1.7313,58.669,3.5915,4.3441,,9.3295,1.2918,31.515,42.724,,16.7333,126.26
2025-12-18,,1.5133,1.6689,5.5476,1.379,0.79495,7.0413,20.814,6.3754,,0.85332,0.74631,7.7814,,331.0,16717,3.2173,90.26,155.77,1477.24,,18.0024,4.086,10.201,1.7343,58.607,3.5884,4.344,,9.3024,1.291,31.455,42.734,,16.7773,126.12
2025-12-19,,1.5146,1.6699,5.5295,1.3794,0.79559,7.0411,20.768,6.3791,,0.85383,0.74795,7.7809,,330.26,16736,3.2135,89.69,157.23,1478.72,,18.0149,4.077,10.1733,1.7427,58.697,3.595,4.3456,,9.3101,1.2929,31.46,42.809,,16.7764,125.68
2025-12-22,,1.5042,1.6652,5.5294,1.3766,0.79319,7.037,20.707,6.3607,,0.85143,0.74432,7.7788,,330.25,16776,3.2029,89.65,157.32,1480.39,,18.0026,4.078,10.1213,1.7269,58.717,3.5877,4.3321,,9.2431,1.2899,31.15,42.81,,16.6993,125.67
2025-12-23,,1.4939,1.6594,5.5872,1.3701,0.78797,7.0281,20.635,6.3382,,0.84846,0.74062,7.7782,,331.77,16787,3.1978,89.56,156.02,1480.88,,17.9442,4.064,10.0535,1.713,58.824,3.5907,4.3182,,9.1804,1.2857,31.11,42.83,,16.6345,125.57
2025-12-24,,1.4921,1.6593,5.521,1.3683,0.78765,7.0144,20.591,6.337,,0.84839,0.74056,7.7759,,330.47,16747,3.1827,89.74,155.96,1448.24,,17.9028,4.045,10.0144,1.7135,58.767,3.5747,4.3182,,9.1673,1.284,31.045,42.85,,16.6362,125.56
2025-12-29,,1.4944,1.6622,5.5707,1.3689,0.78982,7.0065,20.637,6.3481,,0.84991,0.74163,7.7738,,329.34,16771,3.1961,89.9,156.36,1437.15,,17.933,4.06,10.0518,1.7249,58.865,3.5947,4.33,,9.1926,1.2852,31.44,42.936,,16.6556,125.62
2025-12-30,,1.4921,1.6635,5.5226,1.3697,0.79042,6.9929,20.63,6.3527,,0.85056,0.74101,7.7835,,328.27,16765,3.1841,89.8,156.06,1443.95,,17.9646,4.047,10.0587,1.7248,58.83,3.5947,4.3352,,9.2013,1.2839,31.415,42.923,,16.6344,125.2
2025-12-31,,1.4963,1.6645,5.4778,1.3692,0.79268,7.001,20.627,6.3565,,0.85106,0.74264,7.7842,,327.79,16716,3.189,89.87,156.67,1444.2,,17.9728,4.058,10.0791,1.7345,58.95,3.5923,4.3377,,9.2098,1.2855,31.675,42.965,,16.548,125.28
2026-01-02,,1.4937,,5.4384,1.3733,0.79311,6.9937,20.627,6.3727,,0.85317,0.74388,7.7919,,327.26,16716,3.175,90.2,156.93,1444.87,,17.9396,4.054,10.0661,1.7334,58.847,3.5938,4.3422,,9.2215,1.2863,31.39,43.028,,16.514,125.76
2026-01-05,,1.4997,,5.4415,1.3792,0.79638,6.9854,20.743,6.4039,,0.85734,0.74383,7.7865,,329.69,16740,3.1593,90.29,156.83,1449.28,,18.0101,4.0725,10.099,1.7401,59.079,3.6161,4.3617,,9.2481,1.2876,31.375,43.042,,16.4839,126.37
2026-01-06,,1.4882,,5.3986,1.3777,0.79329,6.9844,20.667,6.3831,,0.85419,0.73998,7.7878,,328.89,16770,3.1626,90.15,156.44,1448.65,,17.9576,4.047,10.0184,1.7282,59.21,3.5966,4.3471,,9.1954,1.2799,31.27,43.042,,16.3963,125.74
2026-01-07,,1.4864,,5.3916,1.3809,0.7963,6.9912,20.789,6.3955,,0.85587,0.74153,7.7864,,329.49,16768,3.1766,89.85,156.55,1447.68,,17.981,4.058,10.0638,1.7289,59.316,3.6073,4.3551,,9.1891,1.2814,31.33,43.043,,16.4543,125.98
2026-01-08,,1.4932,,5.38,1.3861,0.7976,6.9818,20.781,6.4,,0.85653,0.74407,7.7928,,329.55,16836,3.1694,89.93,156.72,1452.31,,17.964,4.0625,10.1015,1.7399,59.163,3.6054,4.3583,,9.2214,1.2844,31.54,43.048,,16.5149,126.08
2026-01-09,,1.4981,,5.3885,1.3883,0.80003,6.9823,20.904,6.4185,,0.85896,0.74532,7.7962,,331.58,16860,3.1562,90.22,157.64,1459.84,,18.0278,4.0735,10.1155,1.747,59.212,3.6195,4.3723,,9.2321,1.2871,31.465,43.106,,16.575,126.61
2026-01-12,,1.489,,5.3766,1.3872,0.79653,6.9731,20.773,6.3909,,0.85529,0.74187,7.7964,,330.87,16893,3.1532,90.16,157.73,1466.91,,17.9028,4.0625,10.0449,1.7337,59.34,3.6002,4.3527,,9.1522,1.2846,31.225,43.129,,16.3888,125.9
2026-01-13,,1.4925,,5.3832,1.3877,0.79895,6.9756,20.811,6.412,,0.85807,0.74309,7.802,,331.86,16864,3.1509,90.23,158.85,1474.08,,17.8986,4.0575,10.0875,1.736,59.457,3.614,4.3672,,9.193,1.2876,31.475,43.156,,16.454,125.79
2026-01-14,,1.4977,,5.3681,1.3878,0.80105,6.9734,20.824,6.4134,,0.8583,0.74397,7.7968,,332.12,16872,3.1612,90.3,158.63,1475.41,,17.8113,4.048,10.0704,1.7426,59.464,3.6203,4.3685,,9.2035,1.288,31.475,43.18,,16.3952,125.65
2026-01-15,,1.4954,,5.3817,1.3904,0.80127,6.9673,20.886,6.4282,,0.86029,0.74621,7.7991,,331.77,16897,3.1561,90.3,158.56,1468.32,,17.7891,4.0563,10.0826,1.7417,59.517,3.6212,4.3782,,9.2038,1.2878,31.395,43.19,,16.3721,125.77
2026-01-16,,1.493,,5.3724,1.3889,0.80167,6.9697,20.906,6.4313,,0.86081,0.74632,7.8,,331.69,16918,3.1506,90.73,158.1,1472.93,,17.675,4.0575,10.0889,1.737,59.391,3.6367,4.3822,,9.227,1.2879,31.45,43.28,,16.3882,126.02
2026-01-19,,1.491,,5.3667,1.3884,0.79804,6.9634,20.884,6.424,,0.85977,0.74551,7.7968,,332.0,16974,3.1605,90.88,157.93,1473.2,,17.6296,4.055,10.0847,1.728,59.444,3.6328,4.378,,9.2253,1.285,31.255,43.272,,16.4174,125.7
2026-01-20,,1.4853,,5.3896,1.3826,0.79025,6.9589,20.748,6.3701,,0.85266,0.74369,7.7981,,329.0,16946,3.1681,90.96,157.9,1476.8,,17.6236,4.0545,9.9893,1.7137,59.283,3.6045,4.3421,,9.1303,1.2828,31.085,43.273,,16.4411,124.66
2026-01-21,,1.4771,,5.3474,1.3793,0.78951,6.9639,20.748,6.3638,,0.85186,0.74487,7.7973,,328.52,16911,3.1719,91.64,157.79,1464.62,,17.4785,4.047,9.9127,1.7053,59.236,3.6012,4.34,,9.0817,1.2816,31.067,43.298,,16.3106,124.54
2026-01-22,,1.4691,,5.3151,1.3814,0.79301,6.9757,20.767,6.3803,,0.85426,0.74509,7.798,,326.93,16875,3.1398,91.59,158.79,1467.72,,17.4851,4.04,9.8889,1.7008,59.138,3.5933,4.3502,,9.0501,1.2836,31.33,43.284,,16.2186,124.72
2026-01-23,,1.4567,,5.2811,1.3763,0.79007,6.9646,20.658,6.3606,,0.85164,0.73931,7.7977,,325.46,16823,3.1417,91.86,158.16,1467.55,,17.4434,4.0055,9.8297,1.6909,59.077,3.5799,4.3387,,9.0023,1.2788,31.165,43.355,,16.1456,124.34
2026-01-26,,1.4475,,5.2863,1.3712,0.77923,6.9544,20.489,6.3094,,0.84488,0.73293,7.7973,,322.62,16778,3.136,91.76,154.21,1447.77,,17.3902,3.9655,9.8019,1.6794,59.156,3.5557,4.3059,,8.9781,1.271,31.15,43.376,,16.0733,122.85
2026-01-27,,1.4391,,5.2554,1.3678,0.77098,6.9548,20.343,6.2601,,0.83829,0.72789,7.8,,319.05,16716,3.1027,91.62,153.34,1441.2,,17.2982,3.9525,9.6965,1.6688,59.044,3.5228,4.2724,,8.8708,1.2655,31.035,43.403,,15.9874,121.72
2026-01-28,,1.4287,,5.1736,1.3564,0.76733,6.9464,20.289,6.2357,,0.83514,0.72532,7.8015,,318.11,16742,3.0919,91.94,152.63,1428.83,,17.1547,3.919,9.6234,1.6585,58.755,3.5099,4.2563,,8.8429,1.2617,31.11,43.415,,15.8826,121.1
2026-01-29,,1.415,,5.1814,1.3524,0.76721,6.9462,20.333,6.239,,0.83556,0.72376,7.8047,,318.12,16782,3.0775,91.92,153.31,1430.83,,17.1507,3.9275,9.5404,1.6451,58.996,3.5121,4.2584,,8.8273,1.264,31.2,43.425,,15.6738,120.99
2026-01-30,,1.4264,,5.2213,1.3525,0.76827,6.9497,20.409,6.2651,,0.839,0.72674,7.8083,,319.41,16788,3.0874,91.94,154.03,1442.63,,17.2817,3.947,9.5549,1.6495,58.907,3.5299,4.2759,,8.8267,1.2678,31.425,43.487,,15.933,121.82
2026-02-02,,1.4394,,5.2552,1.3646,0.77694,6.9434,20.528,6.3084,,0.84459,0.73125,7.8111,,321.96,16799,3.1029,91.57,155.06,1452.48,,17.4096,3.942,9.6837,1.6643,58.914,3.5619,4.3041,,8.9472,1.2715,31.615,43.492,,16.0282,122.47
2026-02-03,,1.4262,,5.2271,1.3656,0.77731,6.9381,20.602,6.3289,,0.84739,0.7307,7.813,,322.35,16770,3.0861,90.14,155.85,1448.56,,17.307,3.9325,9.6788,1.6551,59.09,3.5764,4.3175,,8.9386,1.2706,31.565,43.492,,15.9493,122.87
2026-02-04,,1.4225,,5.2206,1.3653,0.77563,6.9417,20.607,6.3175,,0.84602,0.72893,7.8117,,321.81,16794,3.0861,90.41,156.64,1455.75,,17.2428,3.932,9.6442,1.6584,58.986,3.5732,4.3104,,8.9484,1.2713,31.633,43.509,,15.9375,122.67
2026-02-05,,1.4343,,5.2601,1.3684,0.77649,6.9392,20.605,6.3284,,0.8476,0.73665,7.8124,,321.79,16867,3.1151,90.31,156.9,1465.15,,17.3852,3.947,9.7254,1.6677,58.738,3.5773,4.3173,,9.0193,1.2732,31.775,43.54,,16.1798,122.73
2026-02-06,,1.4312,,5.2372,1.3666,0.77794,6.939,20.553,6.3314,,0.84789,0.73588,7.8135,,320.46,16873,3.1301,90.66,157.09,1467.42,,17.3639,3.9475,9.7249,1.6681,58.544,3.5768,4.3174,,9.0499,1.2732,31.6,43.615,,16.1243,123.11
2026-02-09,,1.417,,5.1931,1.3608,0.76981,6.9225,20.374,6.284,,0.84133,0.73204,7.8149,,317.25,16827,3.0975,90.73,156.19,1462.05,,17.2118,3.9345,9.6155,1.6562,58.486,3.5435,4.2843,,8.9605,1.2676,31.175,43.589,,15.9753,121.99
2026-02-10,,1.415,,5.2067,1.3571,0.76703,6.9148,20.394,6.2817,,0.84076,0.73104,7.8176,,317.77,16787,3.0859,90.54,155.13,1461.64,,17.2356,3.9235,9.5103,1.6552,58.521,3.5455,4.2805,,8.9234,1.2663,31.235,43.635,,15.9574,121.91
2026-02-11,,1.4065,,5.1893,1.3561,0.76773,6.9113,20.374,6.2771,,0.84034,0.73101,7.8162,,318.51,16800,3.076,90.71,153.61,1451.97,,17.2034,3.915,9.4664,1.6502,58.275,3.5408,4.2783,,8.8773,1.2628,31.085,43.643,,15.8814,122.02
2026-02-12,,1.4046,,5.1761,1.3583,0.76992,6.9011,20.419,6.2921,,0.84218,0.73362,7.8167,,319.93,16830,3.0617,90.58,153.71,1438.29,,17.1745,3.9025,9.4774,1.6497,58.021,3.5504,4.289,,8.8993,1.2619,31.0,43.649,,15.8952,122.28
2026-02-13,,1.4183,,5.2197,1.3624,0.76893,6.9086,20.454,6.2982,,0.84303,0.73478,7.817,,319.58,16823,3.0896,90.61,153.29,1446.45,,17.2205,3.9075,9.5481,1.6602,57.857,3.5534,4.2949,,8.9575,1.2639,31.075,43.74,,16.0336,122.24
2026-02-16,,1.4113,,5.2244,1.3627,0.77005,6.9086,20.463,6.3017,,0.84353,0.73302,7.8153,,318.12,16818,3.0868,90.73,153.34,1441.42,,17.1556,3.9,9.5036,1.6553,57.969,3.5517,4.2981,,8.9587,1.2621,31.095,43.709,,15.9504,122.31
2026-02-17,,1.4186,,5.2248,1.3656,0.77084,6.9087,20.528,6.3171,,0.84559,0.73846,7.8157,,320.0,16829,3.105,90.7,153.1,1445.82,,17.2138,3.9,9.5396,1.6593,57.834,3.5632,4.3097,,9.0039,1.2638,31.305,43.727,,16.0934,122.61
2026-02-18,,1.4139,,5.2229,1.3646,0.77028,6.9087,20.478,6.3076,,0.84424,0.73651,7.8147,,319.32,16885,3.1047,90.69,153.64,1445.89,,17.1136,3.9,9.4795,1.6657,57.873,3.5597,4.2996,,8.9624,1.2639,31.25,43.757,,16.0231,122.33
2026-02-19,,1.4207,,5.2343,1.3705,0.77589,6.9086,20.629,6.3573,,0.85085,0.74347,7.8147,,323.09,16918,3.1386,91.19,154.9,1449.68,,17.2798,3.9085,9.5746,1.6786,58.049,3.5918,4.3368,,9.0968,1.2691,31.245,43.77,,16.2188,123.29
2026-02-20,,1.419,,5.2144,1.3693,0.77607,6.9086,20.601,6.3496,,0.84983,0.74174,7.8152,,322.64,16889,3.1259,90.95,155.21,1449.66,,17.2006,3.903,9.564,1.6795,58.152,3.5895,4.3323,,9.0716,1.2689,31.205,43.846,,16.0973,123.14
2026-02-23,,1.4145,,5.1815,1.369,0.77605,6.9087,20.556,6.3397,,0.84861,0.74117,7.8187,,322.17,16822,3.1202,90.9,154.82,1443.55,,17.197,3.891,9.5541,1.676,57.632,3.5788,4.3253,,9.0763,1.2664,31.025,43.839,,16.0115,122.96
2026-02-24,,1.4195,,5.1769,1.3711,0.77439,6.8817,20.57,6.3439,,0.84911,0.74136,7.8225,,321.81,16833,3.1158,90.93,155.84,1443.3,,17.2828,3.894,9.5589,1.6798,57.763,3.5835,4.326,,9.0753,1.2673,31.055,43.852,,16.0083,122.87
2026-02-25,,1.4101,,5.1287,1.3691,0.77478,6.8695,20.558,6.3402,,0.84861,0.73948,7.8205,,318.97,16814,3.0957,90.95,156.74,1427.9,,17.1487,3.891,9.5855,1.674,57.561,3.5839,4.3229,,9.0602,1.2649,31.095,43.869,,15.8603,121.78
2026-02-26,,1.4044,,5.1258,1.3674,0.77366,6.8413,20.523,6.3246,,0.84645,0.73802,7.8227,,317.59,16767,3.1099,90.93,156.06,1425.64,,17.1771,3.886,9.559,1.6693,57.621,3.5741,4.3126,,9.0342,1.2631,31.06,43.882,,15.8763,121.3
2026-02-27,,1.4072,,5.1556,1.3671,0.7712,6.8582,20.537,6.3294,,0.8471,0.74231,7.8237,,319.04,16801,3.1433,91.08,155.98,1441.97,,17.2122,3.891,9.4947,1.6714,57.683,3.5784,4.3166,,9.0337,1.2657,31.085,43.96,,15.9405,121.56
2026-03-02,,1.4173,,5.2067,1.367,0.77936,6.8825,20.751,6.3867,,0.85485,0.74705,7.8226,,326.3,16876,3.0831,91.74,157.45,1462.11,,17.3491,3.927,9.5666,1.6848,58.245,3.628,4.3577,,9.1537,1.2737,31.51,43.959,,16.1613,123.01
2026-03-03,,1.4246,,5.2434,1.3685,0.78468,6.9076,21.005,6.4367,,0.86162,0.75108,7.8022,,334.22,16895,3.0971,92.15,157.66,1478.5,,17.5151,3.946,9.692,1.6964,58.464,3.6933,4.3926,,9.2422,1.278,31.76,43.978,,16.3934,124.16
2026-03-04,,1.4167,,5.2198,1.3658,0.77964,6.8973,20.912,6.4139,,0.85844,0.74727,7.8173,,329.93,16855,3.0765,92.09,157.11,1464.8,,17.5483,3.9415,9.6476,1.6889,58.469,3.6559,4.3716,,9.1669,1.2743,31.48,43.974,,16.3188,124.22
2026-03-05,,1.4193,,5.2484,1.3624,0.78017,6.9011,20.998,6.4311,,0.86073,0.74841,7.8209,,333.58,16909,3.0734,91.65,157.54,1475.79,,17.6338,3.943,9.6523,1.689,58.625,3.6775,4.384,,9.1999,1.2772,31.665,43.994,,16.5028,124.55
2026-03-06,,1.4273,,5.2765,1.3651,0.78237,6.9047,21.122,6.4621,,0.86498,0.74987,7.8194,,340.28,16973,3.0928,91.83,157.92,1485.18,,17.7857,3.946,9.664,1.7029,59.273,3.7086,4.4071,,9.2492,1.281,31.975,44.074,,16.718,125.34
2026-03-09,,1.4249,,5.2302,1.357,0.77958,6.9173,21.116,6.4654,,0.86543,0.74885,7.8158,,343.04,16942,3.111,92.3,158.5,1485.12,,17.8477,3.963,9.6534,1.693,59.523,3.7027,4.4119,,9.2553,1.2801,32.07,44.084,,16.6768,125.57
2026-03-10,,1.4049,,5.1779,1.3553,0.77545,6.8772,20.943,6.4181,,0.85903,0.74345,7.8236,,331.44,16866,3.0893,91.96,157.78,1470.12,,17.5595,3.925,9.5756,1.6834,59.018,3.655,4.3756,,9.1109,1.2722,31.625,44.045,,16.2888,124.46
2026-03-11,,1.3984,,5.1711,1.3593,0.77981,6.8662,21.049,6.4518,,0.86348,0.74573,7.8268,,334.88,16898,3.1067,92.07,158.56,1477.11,,17.6496,3.9165,9.6451,1.6899,59.254,3.6718,4.3957,,9.1998,1.2742,31.765,44.096,,16.4018,125.21
2026-03-12,,1.4021,,5.1621,1.3602,0.78185,6.869,21.136,6.4711,,0.86603,0.74689,7.8271,,335.62,16886,3.1135,92.21,158.86,1480.84,,17.7128,3.927,9.6627,1.6964,59.428,3.6874,4.4112,,9.2758,1.2753,31.935,44.109,,16.5417,125.23
2026-03-13,,1.4197,,5.2433,1.3703,0.78721,6.8966,21.294,6.5115,,0.87138,0.75377,7.8274,,341.13,16900,3.1268,92.38,159.33,1491.7,,17.8215,3.9385,9.7238,1.7158,59.516,3.7186,4.4394,,9.3713,1.2796,32.2,44.19,,16.7963,125.65
2026-03-16,,1.4177,,5.2703,1.3681,0.78768,6.8961,21.289,6.5098,,0.87123,0.75281,7.8307,,339.98,16965,3.119,92.25,159.14,1490.75,,17.8001,3.9305,9.7134,1.7117,59.748,3.7187,4.4387,,9.3823,1.2786,32.36,44.185,,16.7678,124.93
2026-03-17,,1.4073,,5.2089,1.3706,0.7864,6.8868,21.192,6.4798,,0.86723,0.74954,7.8358,,336.77,16958,3.0989,92.37,158.95,1487.18,,17.662,3.918,9.6028,1.7078,59.559,3.6938,4.4155,,9.2841,1.2768,32.32,44.205,,16.6587,124.53
2026-03-18,,1.4178,,5.2243,1.3717,0.78896,6.8882,21.276,6.4974,,0.86957,0.75124,7.8378,,341.59,16994,3.1026,92.9,159.56,1503.55,,17.7339,3.9165,9.583,1.7185,60.001,3.7142,4.4294,,9.372,1.2812,32.665,44.221,,16.8847,124.87
2026-03-19,,1.4277,,5.2987,1.3726,0.79389,6.9004,21.34,6.5033,,0.8704,0.75192,7.8306,,343.2,16961,3.1332,93.25,158.81,1501.61,,17.918,3.9393,9.5709,1.7234,60.155,3.7299,4.4366,,9.406,1.2833,32.905,44.321,,17.0689,124.82
2026-03-20,,1.4151,,5.2552,1.3716,0.78719,6.8943,21.207,6.4658,,0.86543,0.74806,7.836,,339.66,16925,3.1058,93.62,158.77,1500.8,,17.8174,3.9395,9.5448,1.7069,59.87,3.7026,4.4102,,9.3315,1.2802,32.76,44.307,,16.8859,124.45
2026-03-23,,1.4245,,5.2595,1.3708,0.78682,6.8917,21.075,6.4433,,0.86237,0.74526,7.8319,,334.99,16896,3.115,93.22,158.55,1487.52,,17.7665,3.9395,9.7318,1.7106,59.643,3.6774,4.3944,,9.3418,1.2755,32.255,44.321,,16.8109,123.84
2026-03-24,,1.439,,5.2669,1.3749,0.79027,6.8934,21.152,6.4562,,0.86415,0.74785,7.8271,,336.92,16891,3.1294,93.85,158.93,1498.86,,17.8854,3.9565,9.7049,1.7192,59.968,3.6937,4.403,,9.3534,1.2806,32.66,44.348,,17.1019,124.44
2026-03-25,,1.4361,,5.233,1.3783,0.7896,6.8995,21.081,6.4456,,0.86266,0.7467,7.8189,,335.73,16858,3.1216,93.94,158.96,1497.53,,17.7657,3.965,9.7356,1.7185,60.064,3.6851,4.395,,9.2922,1.2792,32.59,44.357,,16.9135,123.71
2026-03-26,,1.4467,,5.2366,1.3835,0.79305,6.9102,21.213,6.4754,,0.86663,0.74976,7.824,,336.55,16917,3.1284,94.12,159.62,1506.32,,17.8178,3.994,9.6425,1.7296,60.215,3.7042,4.4175,,9.3947,1.2844,32.9,44.367,,17.0577,124.27
2026-03-27,,1.4527,,5.2561,1.387,0.79691,6.9138,21.309,6.4879,,0.86828,0.75297,7.8339,,338.4,16983,3.1544,94.81,159.9,1511.5,,18.0577,4.013,9.7148,1.7382,60.564,3.7228,4.4273,,9.4452,1.2877,32.95,44.456,,17.1906,124.69
2026-03-30,,1.4577,,5.2402,1.3921,0.79998,6.9114,21.382,6.5071,,0.87078,0.75586,7.8343,,339.19,17018,3.159,94.71,159.46,1517.7,,18.093,4.028,9.751,1.7475,60.709,3.7342,4.4389,,9.4967,1.2898,32.855,44.456,,17.1845,124.87
2026-03-31,,1.4518,,5.224,1.3935,0.79962,6.9004,21.32,6.4994,,0.86972,0.7552,7.8393,,334.74,16965,3.164,93.83,159.5,1524.8,,18.0118,4.049,9.7517,1.7447,60.689,3.7302,4.4348,,9.5173,1.2881,32.76,44.48,,17.07,124.89
2026-04-01,,1.4381,,5.1598,1.3894,0.79199,6.8738,21.125,6.4391,,0.8617,0.75065,7.8376,,329.08,16914,3.1301,93.43,158.32,1504.81,,17.8535,4.027,9.6579,1.7322,60.185,3.6875,4.3928,,9.3822,1.2818,32.51,44.467,,16.7811,124.08
2026-04-02,,1.4552,,5.1818,1.3909,0.79939,6.8976,21.293,6.4835,,0.86768,0.75708,7.8373,,333.13,17011,3.1533,93.1,159.6,1516.65,,17.9393,4.039,9.7427,1.7519,60.616,3.7184,4.4237,,9.4993,1.2871,32.765,44.495,,17.0118,125.29
2026-04-07,,1.442,,5.1489,1.3912,0.79969,6.8574,21.226,6.4658,,0.86528,0.75502,7.8363,,330.8,17070,3.1462,93.01,159.84,1497.41,,17.7529,4.031,9.6764,1.7537,60.247,3.6993,4.4089,,9.5094,1.2847,32.61,44.609,,16.8895,124.43
2026-04-08,,1.4171,,5.0818,1.386,0.78789,6.8297,20.827,6.3837,,0.85426,0.74229,7.8323,,320.89,16976,3.0767,92.22,158.15,1474.23,,17.4013,3.976,9.528,1.7132,59.398,3.6339,4.3526,,9.2124,1.2729,31.875,44.482,,16.3104,122.84
2026-04-09,,1.42,,5.0992,1.3843,0.79076,6.8347,20.882,6.3952,,0.8558,0.745,7.8349,,322.7,17097,3.0834,92.66,158.92,1479.49,,17.436,3.983,9.522,1.7132,59.806,3.6421,4.3588,,9.3081,1.2744,32.095,44.591,,16.4321,122.89
2026-04-10,,1.4141,,5.0543,1.3822,0.78909,6.8284,20.805,6.3809,,0.8539,0.74379,7.8327,,322.09,17095,3.0492,92.89,159.19,1483.27,,17.3495,3.965,9.4924,1.7107,59.848,3.6235,4.3476,,9.2528,1.2739,32.1,44.672,,16.4281,122.36
2026-04-13,,1.4216,,5.0274,1.3845,0.791,6.8322,20.864,6.3957,,0.85587,0.7451,7.8318,,314.02,17188,3.0629,93.33,159.83,1489.95,,17.3913,3.975,9.4985,1.7187,60.216,3.6411,4.3581,,9.3221,1.2763,32.29,44.718,,16.591,122.56
2026-04-14,,1.4041,,4.9815,1.3758,0.78097,6.8158,20.647,6.3365,,0.84796,0.73699,7.8328,,308.53,17131,3.0159,93.09,158.85,1470.52,,17.228,3.951,9.4132,1.6952,59.847,3.5975,4.3164,,9.1563,1.2713,32.045,44.725,,16.3525,121.94
2026-04-15,,1.4013,,4.9981,1.3782,0.78268,6.8211,20.679,6.3438,,0.8489,0.73799,7.8344,,309.75,17154,3.0047,93.44,159.09,1477.1,,17.3056,3.955,9.4397,1.6959,60.097,3.6004,4.3218,,9.2105,1.2726,32.095,44.711,,16.4149,122.24
2026-04-16,,1.3941,,4.9882,1.3728,0.7834,6.8213,20.666,6.3428,,0.84875,0.73836,7.8251,,309.41,17140,2.993,93.24,158.98,1476.51,,17.2696,3.954,9.377,1.6963,59.978,3.6007,4.3231,,9.1699,1.2719,31.985,44.765,,16.3848,122.39
2026-04-17,,1.3934,,4.9764,1.3672,0.78249,6.8223,20.613,6.335,,0.84767,0.7389,7.831,,307.45,17180,2.9891,92.82,159.13,1478.99,,17.2196,3.9525,9.3388,1.6981,60.07,3.588,4.3222,,9.1574,1.2723,32.075,44.865,,16.3849,122.06
2026-04-20,,1.3973,,4.9831,1.3695,0.78138,6.8177,20.654,6.3549,,0.85034,0.74018,7.8321,,308.23,17129,2.9956,93.07,158.91,1470.25,,17.3503,3.9525,9.3321,1.7009,59.873,3.5999,4.3358,,9.1569,1.2714,32.075,44.879,,16.3499,121.77
2026-04-21,,1.3957,,4.9639,1.3657,0.77947,6.8158,20.652,6.3512,,0.84983,0.73965,7.8304,,307.77,17128,2.9916,93.51,159.04,1469.85,,17.3086,3.951,9.3201,1.6918,59.834,3.5944,4.3328,,9.1353,1.2714,32.035,44.894,,16.3695,122.04
2026-04-22,,1.3981,,4.9717,1.3666,0.78198,6.8244,20.751,6.3696,,0.8523,0.74067,7.8319,,311.55,17199,3.0009,93.8,159.22,1478.05,,17.3195,3.9525,9.3003,1.6932,60.153,3.6195,4.3418,,9.1844,1.2738,32.205,44.925,,16.4689,122.56
2026-04-23,,1.3979,,4.963,1.367,0.78476,6.835,20.825,6.3905,,0.85514,0.74034,7.8331,,312.03,17276,2.9962,94.11,159.48,1479.36,,17.3516,3.9635,9.3321,1.6984,60.416,3.6282,4.3541,,9.218,1.2758,32.355,44.925,,16.4679,122.97
2026-04-24,,1.3997,,5.0006,1.3681,0.78543,6.8363,20.81,6.3806,,0.85383,0.74115,7.835,,312.07,17244,2.9798,94.25,159.42,1477.04,,17.3881,3.965,9.3515,1.7024,60.655,3.6205,4.3473,,9.2384,1.2764,32.375,45.023,,16.562,122.78
2026-04-27,,1.3905,,4.9681,1.36,0.7839,6.8231,20.731,6.3602,,0.85114,0.73691,7.8373,,309.54,17209,2.9787,94.2,159.21,1471.22,,17.3547,3.9525,9.2629,1.6896,60.758,3.6125,4.3369,,9.1825,1.2728,32.297,45.007,,16.4787,122.22
2026-04-28,,1.3979,,5.0017,1.3676,0.79092,6.8388,20.866,6.3975,,0.85616,0.74242,7.8362,,312.76,17284,2.9896,94.55,159.74,1476.89,,17.4563,3.952,9.3215,1.7042,61.284,3.6368,4.3607,,9.2881,1.2783,32.555,45.055,,16.6343,122.6
2026-04-29,,1.3962,,4.9854,1.3674,0.789,6.8335,20.829,6.3836,,0.85426,0.74016,7.8367,,310.85,17348,2.9605,94.85,159.79,1478.38,,17.3988,3.9525,9.279,1.7069,61.602,3.6322,4.3551,,9.2606,1.2773,32.655,45.069,,16.5986,122.67
2026-04-30,,1.399,,4.9814,1.3668,0.78534,6.8287,20.822,6.3849,,0.85455,0.74026,7.833,,311.78,17346,2.9527,94.92,156.56,1477.0,,17.5158,3.97,9.3252,1.7054,61.458,3.6408,4.4286,,9.2766,1.2762,32.545,45.185,,16.7903,123.06
2026-05-04,,1.3922,,4.9661,1.3615,0.78402,6.8303,20.849,6.3868,,0.8547,0.7381,7.8331,,310.54,17409,2.9616,95.09,157.12,1472.03,,17.4906,3.953,9.2547,1.6986,61.644,3.6385,4.4425,,9.2607,1.2758,32.625,45.201,,16.7248,122.74
2026-05-05,,1.3947,,4.9525,1.3615,0.78427,6.8302,20.863,6.3947,,0.85572,0.73886,7.8365,,310.48,17453,2.9433,95.28,157.81,1472.95,,17.4414,3.9625,9.2465,1.7008,61.608,3.6405,4.4664,,9.2761,1.2772,32.64,45.22,,16.6904,122.71
2026-05-06,,1.3805,,4.9092,1.3602,0.7792,6.8112,20.694,6.3531,,0.8502,0.73431,7.8357,,305.35,17328,2.906,94.62,156.21,1448.1,,17.2607,3.925,9.2654,1.676,60.758,3.5989,4.4719,,9.2106,1.2682,32.185,45.224,,16.4053,122.09
2026-05-07,,1.378,,4.9167,1.3628,0.77799,6.8019,20.651,6.3489,,0.84962,0.73415,7.8318,,302.34,17298,2.9076,94.26,156.39,1450.64,,17.2022,3.91,9.2332,1.6726,60.375,3.5913,4.4729,,9.1971,1.2658,32.145,45.233,,16.2578,122.18
2026-05-08,,1.3825,,4.914,1.3658,0.77851,6.8012,20.665,6.3537,,0.85027,0.73472,7.8282,,302.82,17366,2.9051,94.49,156.76,1466.78,,17.2366,3.921,9.2012,1.678,60.485,3.5982,4.4414,,9.2186,1.2678,32.223,45.364,,16.4194,122.27
2026-05-11,,1.3811,,4.9019,1.3667,0.77884,6.7965,20.683,6.3516,,0.84998,0.73513,7.8293,,302.62,17425,2.9074,95.32,157.14,1472.9,,17.2197,3.9225,9.2031,1.6817,60.929,3.6037,4.4288,,9.2448,1.2697,32.415,45.377,,16.4461,122.23
2026-05-12,,1.3846,,4.9038,1.3706,0.78139,6.7921,20.722,6.3664,,0.85193,0.7395,7.8282,,304.34,17497,2.9105,95.64,157.59,1488.87,,17.2474,3.934,9.1762,1.682,61.469,3.619,4.4339,,9.2805,1.2725,32.42,45.4,,16.5267,122.51
2026-05-13,,1.3793,,4.9039,1.3691,0.78148,6.791,20.783,6.3797,,0.85361,0.74019,7.8306,,306.19,17496,2.9079,95.67,157.77,1488.58,,17.2232,3.9305,9.169,1.6858,61.396,3.6289,4.444,,9.3171,1.2722,32.335,45.418,,16.45,122.58
2026-05-14,,1.3811,,4.997,1.3724,0.78192,6.7852,20.767,6.386,,0.85455,0.7402,7.833,,305.44,17465,2.9053,95.77,157.95,1491.73,,17.1988,3.9315,9.2275,1.6864,61.526,3.6214,4.4483,,9.327,1.2734,32.315,45.435,,16.4069,122.71
2026-05-15,,1.3988,,5.0324,1.3756,0.78638,6.8106,20.926,6.4266,,0.85999,0.74862,7.8315,,309.41,17589,2.922,95.97,158.55,1499.62,,17.3736,3.951,9.3266,1.7121,61.694,3.652,4.4862,,9.4444,1.28,32.67,45.545,,16.6614,123.5
2026-05-18,,1.3956,,5.0392,1.3741,0.78503,6.8002,20.88,6.416,,0.85852,0.74708,7.8306,,309.99,17683,2.9071,96.35,158.77,1497.8,,17.2922,3.977,9.2724,1.7048,61.685,3.6438,4.4722,,9.3978,1.2788,32.595,45.58,,16.6236,123.11
2026-05-19,,1.4051,,5.0232,1.3756,0.78744,6.8061,20.91,6.4312,,0.86059,0.74588,7.8326,,310.37,17743,2.9166,96.54,159.11,1508.75,,17.3425,3.9775,9.2629,1.7108,61.721,3.6519,4.4985,,9.3881,1.2812,32.66,45.573,,16.6479,123.41
